0.000000000000000000e+00,2.675445878774488761e-03,8.026336407306029416e-03,1.070178326734557220e-02,1.084341216705056281e-02,1.126829076523892456e-02,1.172857382737638871e-02,1.194101239121121184e-02,1.197641980185231228e-02,1.197642103092919422e-02,1.197642225994140566e-02,1.197642348910668564e-02,1.197642471796652418e-02,1.197642594671555205e-02,1.197642717546934001e-02,1.197642840397222970e-02,1.197642963271748455e-02,1.197643086168839917e-02,1.197643209074757131e-02,1.197643331998910453e-02,1.197643454914844655e-02,1.197643577789522448e-02,1.197643700645626905e-02,1.197643823556428580e-02,1.197643946492865132e-02,1.197644069399595584e-02,1.197644192274425687e-02,1.197644315121961824e-02,1.197644437986042538e-02,1.197644560901589897e-02,1.197644683833921746e-02,1.197644806717237595e-02,1.197644929586709484e-02,1.197645052488828521e-02,1.197645175403362454e-02,1.197645298326913132e-02,1.197645421223591383e-02,1.197645544085567358e-02,1.197645666963967001e-02,1.197645789859105164e-02,1.197645912732765716e-02,1.197646035633064855e-02,1.197646158711599199e-02,1.197646290755069801e-02,1.197646520753966638e-02,1.197646953393209472e-02,1.197647325766377710e-02,1.197647380578568607e-02,1.197647551936692305e-02,1.197648523427069685e-02,7.153892668628071272e-01,4.316518668703575479e+00,1.160678257385855439e+01,2.090910817896778084e+01,2.873384087961779443e+01,2.820924049766658470e+01,2.197917940970098982e+01,2.286550554042456795e+01,3.063526034764925754e+01,3.525699809762497949e+01,3.486911845237951724e+01,3.333685982386303692e+01,3.010661578747769340e+01,2.222302899007609511e+01,1.383307678897678628e+01,1.233255353253682074e+01,1.872686378643117422e+01,2.895463876086801847e+01,3.868875475178978718e+01,4.641017496676201404e+01,5.162424243472308660e+01,5.117188674908868506e+01,4.443492631770943291e+01,3.617327779943272503e+01,2.861370854252185936e+01,2.200626979631886471e+01,1.797827297708141359e+01,1.535246707254767173e+01,1.175673010043323607e+01,6.772228028848788384e+00,2.252488115804274216e+00,2.644939209868420460e-01,1.197627430421258771e-02,1.197627140661902331e-02,1.197626898691080133e-02,1.197596095632474239e-02,1.197400617513027024e-02,1.197049255051968290e-02,1.195781129896680492e-02,1.192186378370283309e-02,1.184343926109693301e-02,1.166466169011689570e-02,1.099942318286977784e-02,8.451548883921579727e-03,4.705562025359928506e-03,5.193906799331937316e-03,7.244882346374487483e-03,4.864095049101299119e-03,2.563141309715043226e-03,1.984942825299827133e-03
0.000000000000000000e+00,1.778421508864294533e-03,4.149645044158256461e-03,4.742462509494417382e-03,4.742477951814184044e-03,4.742493384473154237e-03,4.742508813808212105e-03,4.742524243243151014e-03,4.742539672520926577e-03,4.742555101821835546e-03,4.742570531059736756e-03,4.742585960284883412e-03,4.742601389721084332e-03,4.742616819016614790e-03,4.742632248376970998e-03,4.742647677619237639e-03,4.742663106681330697e-03,4.742678536313270007e-03,4.742693965843748811e-03,4.742709394820612302e-03,4.742724823990595619e-03,4.742740253454481858e-03,4.742755682968911000e-03,4.742771112513670916e-03,4.742786541656426012e-03,4.742801970908669916e-03,4.742817400475002852e-03,4.742832829692560960e-03,4.742848258779133568e-03,4.742863688031857122e-03,4.742879117346034124e-03,4.742894546693880373e-03,4.742909976143318967e-03,4.742925405384150993e-03,4.742940834616146337e-03,4.742956263927745539e-03,4.742971693300299454e-03,4.742987122885133217e-03,4.743002552464121828e-03,4.743017981845381453e-03,4.743033411113747877e-03,4.743048840722536436e-03,4.743064273301802157e-03,4.743079735888228697e-03,4.743095408773857768e-03,4.743111381294465995e-03,4.743127160810494888e-03,4.743142914635799928e-03,4.743159628192310066e-03,4.743177723822500531e-03,4.743198577424499393e-03,5.753103829092875987e-01,1.901293991766985325e+00,3.650896498733145368e+00,6.834189324873634952e+00,1.128581570165095727e+01,1.589791567363516478e+01,2.018566626765153060e+01,2.481374548018982651e+01,3.038034443887335101e+01,3.474500981593461546e+01,3.711838170488135802e+01,3.732602158302092477e+01,3.460208832927849443e+01,3.007915470708091732e+01,2.470580579576737890e+01,1.916611135630965634e+01,1.565767812402548742e+01,1.667032079473707640e+01,2.054132954891678509e+01,2.564853355282116354e+01,3.249010146165707624e+01,4.188468243172340522e+01,5.197395509959438442e+01,5.788460766737419050e+01,5.754172449781810883e+01,5.155526879339439006e+01,4.182144032402251810e+01,3.027524788401522926e+01,1.934913447458565727e+01,1.116543033768628135e+01,5.716365235084326812e+00,2.056643655439606810e+00,3.128810866577759198e-01,4.740641869869258521e-03,4.740411206922416631e-03,4.739196518884417411e-03,4.736666972588392255e-03,4.729138031074529153e-03,4.715309710692346112e-03,4.629855390986996680e-03,4.433965427509018419e-03,4.039101687553426322e-03,3.604236427012198849e-03,3.197922706432249247e-03,3.281609848945405729e-03,3.445880725987155065e-03,2.882905675817254865e-03,2.358797503141319123e-03,2.220107958379070358e-03
0.000000000000000000e+00,1.846458918185116269e-08,3.959015979890087595e-08,1.836557472755524615e-04,1.652547920573779836e-03,6.743313971195622966e-03,1.692909191488823142e-02,2.981362803667255562e-02,3.997306658501641879e-02,4.445575187532578576e-02,4.528324416884527137e-02,4.528326262365568733e-02,4.528328107841351341e-02,4.528329953278942277e-02,4.528331798715318213e-02,4.528333644232084010e-02,4.528335489771595501e-02,4.528337335244692063e-02,4.528339180676916459e-02,4.528341026126523478e-02,4.528342871613737219e-02,4.528344717123831964e-02,4.528346562607665771e-02,4.528348408062120301e-02,4.528350253547453602e-02,4.528352099056837110e-02,4.528353944549232124e-02,4.528355790024483907e-02,4.528357635479153542e-02,4.528359480932952347e-02,4.528361326416591170e-02,4.528363171920966879e-02,4.528365017439033025e-02,4.528366862959852523e-02,4.528368708464743098e-02,4.528370553940024024e-02,4.528372399390949432e-02,4.528374244847012398e-02,4.528376090307315027e-02,4.528377935763319706e-02,4.528379781246733710e-02,4.528381626767254142e-02,4.528383472276247684e-02,4.528385317773474250e-02,4.528387163334147286e-02,4.528389009322669745e-02,4.528390859348221248e-02,4.528392735093152155e-02,4.528394709087733144e-02,4.528396924635458287e-02,4.528399604928223798e-02,4.528404935886233551e-02,1.343637462748268119e+00,5.159816506395165980e+00,1.010208848327035724e+01,1.590321031767515336e+01,2.687868683960133254e+01,4.686347215472593319e+01,7.084378030678993809e+01,8.662501712008810273e+01,8.656207002925722804e+01,7.442388429467953870e+01,5.795882152626519712e+01,4.126774815042966793e+01,2.943011349691699508e+01,2.769241746978221386e+01,3.339616215738771388e+01,3.860551751519503227e+01,3.944469231208435644e+01,3.712449110678675623e+01,3.254257403542708005e+01,2.637359717670998904e+01,2.107791306129003672e+01,1.743795483813583402e+01,1.425274274383319728e+01,1.164322073828924609e+01,9.973853237903700375e+00,9.200759432760170498e+00,8.928915073532623481e+00,8.253420687536209499e+00,6.788684247207775080e+00,4.519207471598119419e+00,2.014506079819412765e+00,4.455044724167776526e-01,4.528079005947310137e-02,4.528040924628937147e-02,4.527879293117737652e-02,4.527486165292572695e-02,4.526812199126256653e-02,4.525864764178112037e-02,4.524500878572478013e-02,4.522177685451324314e-02,4.517952801230461224e-02,4.510596959611752610e-02,4.496243824695225072e-02,4.457780384482724900e-02,4.342612426150878335e-02,4.055520227929744481e-02,3.498687183106956311e-02,2.638723507186542180e-02
0.000000000000000000e+00,1.477561222029285561e-02,3.939312028575223112e-02,5.192322923361415710e-02,5.639507210280430421e-02,5.819147032214035814e-02,5.820423877530720574e-02,5.821700722866157696e-02,5.822977568154993899e-02,5.824254413403989750e-02,5.825531258674045837e-02,5.826808103930284505e-02,5.828084949203160559e-02,5.829361794524778873e-02,5.830638639812401464e-02,5.831915485087496576e-02,5.833192330366247791e-02,5.834469175631212118e-02,5.835746020894812952e-02,5.837022866184257697e-02,5.838299711497581257e-02,5.839576556807365981e-02,5.840853402097263142e-02,5.842130247327528836e-02,5.843407092577232453e-02,5.844683937906962334e-02,5.845960783217084983e-02,5.847237628485058014e-02,5.848514473745584225e-02,5.849791318982251742e-02,5.851068164234723284e-02,5.852345009542023191e-02,5.853621854838487321e-02,5.854898700104641668e-02,5.856175545380674224e-02,5.857452390673482251e-02,5.858729235965921822e-02,5.860006081255796084e-02,5.861282926536422883e-02,5.862559771772491574e-02,5.863836617460076173e-02,5.865113489201961849e-02,5.866390637470634412e-02,5.867668275186912336e-02,5.868945604976786440e-02,5.870222163737831567e-02,5.871498978166642124e-02,5.872776858232948288e-02,5.874056255640639629e-02,6.209597848881844850e-01,3.668063075477523416e+00,8.660376378820926035e+00,1.423949631151703699e+01,2.148202065180381481e+01,3.040430416246647738e+01,4.067232103896252227e+01,4.960715314591098490e+01,4.641835235281074290e+01,3.680519853768861083e+01,4.087541430748103721e+01,5.342096461331506418e+01,5.804742020207407194e+01,5.533117524684414690e+01,5.246825771361854152e+01,4.856827562564672007e+01,4.041289067530547641e+01,3.303693635925012018e+01,3.254898764399040800e+01,3.819866305164020304e+01,4.659634429110245435e+01,5.372566226152158464e+01,5.867529093429794784e+01,6.246673111708372517e+01,6.034589753823953373e+01,4.966016399573151574e+01,3.737000597826976644e+01,2.642842431030297945e+01,1.619748979518135101e+01,8.304522939250819746e+00,2.986220042816641662e+00,5.114483801874505353e-01,5.662095394486348771e-02,5.663371934672083163e-02,5.664648755777724337e-02,5.665868367483152535e-02,5.666958002071852130e-02,5.667216170681788068e-02,5.664875423146717437e-02,5.651559375089388465e-02,5.622205912182701854e-02,5.587488537820806123e-02,5.542460636543745933e-02,5.440575931719514313e-02,5.283321308257797611e-02,4.747245868662890167e-02,3.049651832398184506e-02,1.134719107723021481e-02,1.940121812976580012e-02,2.918661385144239936e-02,1.479742930491169742e-02
0.000000000000000000e+00,1.563592199497817671e-09,4.708260224813980008e-09,4.074892584538632114e-04,2.400379967100095546e-03,1.234309843568797901e-02,3.033105392780447579e-02,4.402028705739627346e-02,4.866985147361617414e-02,4.926634635804377077e-02,4.927186522878164443e-02,4.927186683426734715e-02,4.927186841191920352e-02,4.927186999221371683e-02,4.927187157222274322e-02,4.927187315076281271e-02,4.927187472785968247e-02,4.927187630397519141e-02,4.927187787952641562e-02,4.927187945463553514e-02,4.927188102898683031e-02,4.927188260223635402e-02,4.927188417470006188e-02,4.927188574679635530e-02,4.927188731859163950e-02,4.927188889010301887e-02,4.927189046142226719e-02,4.927189203255170902e-02,4.927189360327926398e-02,4.927189517358963877e-02,4.927189674373819162e-02,4.927189831361247774e-02,4.927189988312513647e-02,4.927190145242152375e-02,4.927190302157821722e-02,4.927190459071534301e-02,4.927190615962382531e-02,4.927190772832654858e-02,4.927190929712577799e-02,4.927191086595264502e-02,4.927191243448966057e-02,4.927191400246480613e-02,4.927191557005550226e-02,4.927191713774309312e-02,4.927191871355837000e-02,4.927192044590938264e-02,4.927192326609861756e-02,4.927192934002025404e-02,4.927194156839055650e-02,4.927196752104440192e-02,4.927201769307015117e-02,4.927209649742392283e-02,2.016874842396610967e-01,1.099629550054462168e+00,3.096224685411472777e+00,5.759726214799940180e+00,8.631282289912951100e+00,1.158336428163054777e+01,1.460595561211467874e+01,1.827830746883086022e+01,2.304263250293874776e+01,2.771143429358922461e+01,3.035645753541379932e+01,2.980136707838740406e+01,2.845267402729852080e+01,3.019420417113089528e+01,3.488599579262826467e+01,3.906107640069702569e+01,3.979837175285502582e+01,3.706261243164166075e+01,3.445876308529743426e+01,3.413496180184557005e+01,3.450985267489303965e+01,3.450484780549288644e+01,3.400666258777356177e+01,3.379201918615974876e+01,3.376285072114818320e+01,3.229764899083918550e+01,2.796309686301368203e+01,2.079999886031327350e+01,1.331881749569000917e+01,7.825127738975950820e+00,4.171607879446347589e+00,1.732719229125142313e+00,4.752414201749259881e-01,1.006087250020273188e-01,5.075060032455577103e-02,4.926723090931662413e-02,4.926060957580098709e-02,4.924720079205013173e-02,4.922006425410016539e-02,4.915790197153872831e-02,4.904510895659670855e-02,4.886489057486750887e-02,4.849145129625448414e-02,4.769277070415065684e-02,4.575554335009709289e-02,4.194839162745362532e-02,3.729559775857422405e-02,3.528393635337572637e-02
0.000000000000000000e+00,1.917125530912820806e-04,6.981205801022769691e-04,2.517282333706565012e-03,5.740287149284750527e-03,1.307576861625329989e-02,2.518052945215782518e-02,3.440422273628541278e-02,3.752381035933817499e-02,3.790763770433024094e-02,3.790775280560378102e-02,3.790786790700779313e-02,3.790798300845681784e-02,3.790809810997908952e-02,3.790821321130787708e-02,3.790832831274849879e-02,3.790844341425877312e-02,3.790855851565423651e-02,3.790867361740298674e-02,3.790878871927844812e-02,3.790890382088762944e-02,3.790901892217745511e-02,3.790913402329595255e-02,3.790924912498492422e-02,3.790936422699602015e-02,3.790947932837460815e-02,3.790959442955250946e-02,3.790970953098420776e-02,3.790982463228607935e-02,3.790993973366452857e-02,3.791005483562161910e-02,3.791016993728744955e-02,3.791028503809382860e-02,3.791040013917523765e-02,3.791051524065104650e-02,3.791063034196838488e-02,3.791074544353566222e-02,3.791086054652376136e-02,3.791097565456116869e-02,3.791109077783507558e-02,3.791120593320180393e-02,3.791132110555563151e-02,3.791143625966566372e-02,3.791155142840935133e-02,3.791166683629602907e-02,3.791178311503237003e-02,3.791190158232553287e-02,3.791202357806558454e-02,3.791215272607776493e-02,3.791231736904326910e-02,3.791256123161353825e-02,3.791283420978731888e-02,3.791291655619072332e-02,3.791252452803105938e-02,9.225767738842930443e-01,4.651880607888575270e+00,9.900179308018465463e+00,1.833929712397622325e+01,3.127286802029491142e+01,4.434005035109193926e+01,5.632094797320834800e+01,6.485194699561589005e+01,7.037314713767808882e+01,7.451366719921388437e+01,7.554060707601865943e+01,7.532583351139440708e+01,7.302473215204099688e+01,6.808529630201269356e+01,6.312109683067166088e+01,5.974014766325190351e+01,5.767965549609003517e+01,5.630956337849440274e+01,5.552210440772358169e+01,5.503597413719196396e+01,5.636507015756748729e+01,5.463209846332906494e+01,4.506402020946978126e+01,3.163358511019077923e+01,2.005716410836863517e+01,1.222310538212975928e+01,6.879186760513905874e+00,3.152470256404069193e+00,9.508774500422331188e-01,1.626721814047785153e-01,4.125602987778748815e-02,3.788941615214762998e-02,3.788765493112267180e-02,3.788397848125005241e-02,3.787237676467192921e-02,3.785160730033869381e-02,3.782562276944114593e-02,3.779614075976917009e-02,3.772819118086356144e-02,3.759391684401546668e-02,3.708597234608024262e-02,3.619314241500667245e-02,3.478785368543726303e-02,3.363653800495987334e-02,2.871145956071770311e-02,2.925867653292698808e-02
0.000000000000000000e+00,9.800217404050947658e-05,1.526652207666107271e-03,3.946488848431089005e-03,5.376419949696281154e-03,6.241338386841053902e-03,7.659731140287063568e-03,9.227302914747000095e-03,1.012795130954515302e-02,1.038335564278670964e-02,1.041146671929407165e-02,1.041147954302473581e-02,1.041149236672139940e-02,1.041150519059750278e-02,1.041151801469793713e-02,1.041153083887381460e-02,1.041154366287791802e-02,1.041155648648976056e-02,1.041156930999040386e-02,1.041158213380010376e-02,1.041159495731064366e-02,1.041160778116544117e-02,1.041162060563678889e-02,1.041163342943303947e-02,1.041164625286335188e-02,1.041165907666603656e-02,1.041167190083084823e-02,1.041168472514871282e-02,1.041169754900040517e-02,1.041171037247029009e-02,1.041172319598880278e-02,1.041173601969256138e-02,1.041174884389589779e-02,1.041176166830219164e-02,1.041177449234426469e-02,1.041178731594620543e-02,1.041180013949500639e-02,1.041181296337108549e-02,1.041182578746837131e-02,1.041183861155266406e-02,1.041185143562009183e-02,1.041186426002700845e-02,1.041187708596504231e-02,1.041188991594865082e-02,1.041190277099870130e-02,1.041191578570479885e-02,1.041192908098652510e-02,1.041194234886043922e-02,1.041195555731633249e-02,1.041196948712072232e-02,1.041198487985129338e-02,1.041200314760219216e-02,3.907901325081604149e-01,1.464968267812662539e+00,3.255133132184149236e+00,7.005529644384500543e+00,1.407911256744882245e+01,2.313564468215018977e+01,3.260459755251969227e+01,4.218873535704759803e+01,5.017241691200149489e+01,5.394384825676158357e+01,5.317172816305136962e+01,5.072201155351625346e+01,4.771775174295488142e+01,4.373460144096549129e+01,4.079533020486482542e+01,4.067052100565423700e+01,4.178318349250299235e+01,4.318808933214563694e+01,4.526008228433221348e+01,4.779917734824626763e+01,5.115022031101757705e+01,5.468295095020143748e+01,5.689446531465931400e+01,5.671866558218826526e+01,5.398508830960212634e+01,4.894795456227307540e+01,4.188222276427541146e+01,3.206903822501012513e+01,2.041247067351997657e+01,1.061759152863151989e+01,4.494404843645016356e+00,1.388125452961893824e+00,2.566975183324621268e-01,2.824164944391742427e-02,1.040961984319849383e-02,1.040841537370098581e-02,1.040556013295088587e-02,1.039819935315295513e-02,1.038490684599410394e-02,1.032077523393896100e-02,1.015368449366381084e-02,9.809193324780448101e-03,9.360200055272131434e-03,8.742072806377225447e-03,8.420322035075060094e-03,8.372862987351806230e-03,7.800061460102337800e-03,6.919474257196876754e-03
0.000000000000000000e+00,1.686614042521717392e-04,4.048115447965973043e-04,8.788995067986706726e-04,3.109002015137465533e-03,7.821740832905984403e-03,1.251761202277473436e-02,1.487933726775140554e-02,1.555027587004330185e-02,1.568131597638990071e-02,1.569650720707998701e-02,1.569655785333318870e-02,1.569660837481177268e-02,1.569665887456778500e-02,1.569670937210727521e-02,1.569675986795685332e-02,1.569681036226207652e-02,1.569686085588200761e-02,1.569691134882136505e-02,1.569696184039700432e-02,1.569701233116285385e-02,1.569706282137260656e-02,1.569711331076794475e-02,1.569716379940952825e-02,1.569721428770873284e-02,1.569726477600720538e-02,1.569731526399921820e-02,1.569736575119203004e-02,1.569741623792824878e-02,1.569746672430392259e-02,1.569751721009308640e-02,1.569756769570656782e-02,1.569761818128124348e-02,1.569766866654509485e-02,1.569771915145961455e-02,1.569776963629750804e-02,1.569782012109216529e-02,1.569787060542269727e-02,1.569792108941805639e-02,1.569797157352811195e-02,1.569802205821787047e-02,1.569807254417586451e-02,1.569812303214742494e-02,1.569817352367883223e-02,1.569822401830111430e-02,1.569827451280055713e-02,1.569832501449642398e-02,1.569837555088054656e-02,1.569842613818168628e-02,1.569847681381518131e-02,1.569852781491466731e-02,5.924363691369413654e-02,3.631367226590749842e-01,1.277807961561480354e+00,3.071995982817083082e+00,6.054982831043998814e+00,1.078969052553217267e+01,1.862725948532732545e+01,2.973893251821467487e+01,4.047463684034221387e+01,4.688502667324198825e+01,4.933762576542545020e+01,4.921911886931067670e+01,4.897934230753176621e+01,5.194778847042471881e+01,5.773792095879947794e+01,6.127397122644240568e+01,5.870010046461844411e+01,5.465194012588443684e+01,5.351087990033994402e+01,5.528215475322163286e+01,5.865827886661258361e+01,5.982889636230588337e+01,5.779078476026943179e+01,5.522222716928083486e+01,5.366660571364359811e+01,5.128955088902674220e+01,4.444351698735753331e+01,3.324785672841624518e+01,2.229999794448001538e+01,1.498495165130500517e+01,1.014027542146533634e+01,5.730730082272770254e+00,2.309608149806435140e+00,6.269644797628679544e-01,1.063261051128970014e-01,2.025640881219611250e-02,1.568944912116438176e-02,1.568906272114998710e-02,1.568842466571750485e-02,1.568567645334801447e-02,1.567362686926937823e-02,1.564591097518178153e-02,1.559874186299922347e-02,1.537654672397514681e-02,1.503138995166947850e-02,1.461468695984476270e-02,1.382306722076798340e-02,1.248780481078685077e-02,1.167450728575590915e-02
0.000000000000000000e+00,7.974405822592429451e-04,1.680033063688341323e-03,1.919566061536567229e-03,3.532513946138164055e-03,5.982091265342970830e-03,7.128826581665932000e-03,7.290418224728892511e-03,7.296285087302724522e-03,7.296607499936675484e-03,7.296929922532571777e-03,7.297252360595646824e-03,7.297574821300036908e-03,7.297897313263997446e-03,7.298219846439603191e-03,7.298542431652998812e-03,7.298865081284891011e-03,7.299187809696698094e-03,7.299510631988232953e-03,7.299833564530636143e-03,7.300156625229307049e-03,7.300479833298009064e-03,7.300803209335777685e-03,7.301126647937659052e-03,7.301449811575246897e-03,7.301772527803129104e-03,7.302094999744742146e-03,7.302417426276317479e-03,7.302739851975944586e-03,7.303062276648334371e-03,7.303384700554776954e-03,7.303707124328426455e-03,7.304029547801488276e-03,7.304351970232388080e-03,7.304674391513630259e-03,7.304996811976074284e-03,7.305319232093541656e-03,7.305641652177305087e-03,7.305964072493599526e-03,7.306286494967935939e-03,7.306608924307893271e-03,7.306931369910557063e-03,7.307253845255903997e-03,7.307576400803576615e-03,7.307899114030257971e-03,7.308222037936486053e-03,7.308545477922611701e-03,7.308870539676039398e-03,7.309198155597400673e-03,7.309530259901393656e-03,7.309893061022124452e-03,7.310443369373007677e-03,7.311896912230005097e-03,4.720277439202491543e-01,2.280758183705505537e+00,7.025848604139324216e+00,1.360734617335917740e+01,1.899602982762824865e+01,2.806684775206784721e+01,3.887406007426496046e+01,4.517875940496128351e+01,4.790133653039248429e+01,4.305863425047662219e+01,3.708929912487606373e+01,3.586364619926268205e+01,3.393166001562817513e+01,3.331452275350822134e+01,3.322579463366272279e+01,3.176383270545638027e+01,3.081447193791285244e+01,2.982034010994386719e+01,3.050592640050760451e+01,3.332216524417663095e+01,3.530425166515843927e+01,3.676379538469795705e+01,3.956464540235447913e+01,3.894797519882281733e+01,3.147036486343566253e+01,2.192124909746075190e+01,1.484145174779422938e+01,1.003159143947513776e+01,5.835055699589157818e+00,2.538218355820228478e+00,7.211931441106035345e-01,9.595005672864549695e-02,9.499028133518785944e-03,7.252781171941128681e-03,7.249246599388540525e-03,7.245481329510421349e-03,7.237891058197249740e-03,7.226921049386639609e-03,7.203997234190852653e-03,7.171934609590603291e-03,7.078815861513669018e-03,6.681307128007815330e-03,6.434979717888744503e-03,6.162634409059890295e-03,5.441309824656785643e-03,5.275389442393607978e-03,5.639431983267131215e-03
0.000000000000000000e+00,8.010188690935713817e-05,3.415817015088159700e-04,7.339239206435532953e-04,1.095133436397248286e-03,1.289509571559563448e-03,1.333647792474540938e-03,1.334845086324289382e-03,1.336035008869359631e-03,1.337223753912159278e-03,1.338411969196912901e-03,1.339599900538807498e-03,1.340788105655833350e-03,1.341976913053539175e-03,1.343166095360407743e-03,1.344355350188440514e-03,1.345544597275587445e-03,1.346733835990765677e-03,1.347923065453849592e-03,1.349112287014100388e-03,1.350301503622825883e-03,1.351490717084995446e-03,1.352679927617996816e-03,1.353869134851081206e-03,1.355058339430110451e-03,1.356247542352281886e-03,1.357436742518534998e-03,1.358625939321720039e-03,1.359815133805816149e-03,1.361004326252871800e-03,1.362193517671590748e-03,1.363382708979160324e-03,1.364571899172407291e-03,1.365761087417931025e-03,1.366950273419035265e-03,1.368139457437974856e-03,1.369328640420046806e-03,1.370517822409798598e-03,1.371707002793487451e-03,1.372896181479429760e-03,1.374085358837861702e-03,1.375274535850345980e-03,1.376463713072159558e-03,1.377652890085518354e-03,1.378842067458068343e-03,1.380031247068198895e-03,1.381220435250019463e-03,1.382409650075787496e-03,1.383598832368190855e-03,1.384785983552783411e-03,1.385966754566917607e-03,1.387144209397405108e-03,1.388335850674308645e-03,1.148747561866431677e-01,1.003975024569245589e+00,4.395000329627064772e+00,1.154416239193799676e+01,2.202745531679385138e+01,3.456053744227537550e+01,4.641823425117992485e+01,5.397267052617890926e+01,5.714242917671046484e+01,5.997070810560944665e+01,6.296643355738980574e+01,6.305049017209678652e+01,6.136993803444253359e+01,5.997480166847254424e+01,5.678104753581407493e+01,5.128465930759389835e+01,4.629005384999837958e+01,4.316823772694558414e+01,4.169383205710502693e+01,4.151019550078728315e+01,4.173516817600485496e+01,4.133758846084863592e+01,4.040990251170462244e+01,3.904132221299251171e+01,3.547937958579856144e+01,2.849126574343767260e+01,2.088069944055473570e+01,1.602577446246606740e+01,1.261278159762780859e+01,8.271104006188879865e+00,3.848557784995562780e+00,1.102297129163602563e+00,1.452921553795611109e-01,1.191859384495361955e-03,1.192742659650845773e-03,1.193769530527308840e-03,1.194184045361318695e-03,1.193458318564235860e-03,1.190523287476317246e-03,1.183826871859935178e-03,1.173176658551491284e-03,1.117850534538009869e-03,9.651443702521553519e-04,7.288327420067986732e-04,5.216174191163188431e-04,4.187597647312376920e-04,2.826654523032480016e-04
0.000000000000000000e+00,5.975144163048121278e-05,2.279109919322261412e-04,1.582722663739217616e-03,6.245794932983364869e-03,1.268534473671512064e-02,1.786349546677231184e-02,2.115825338507182352e-02,2.253010768051567220e-02,2.276267949789337330e-02,2.276288506666960393e-02,2.276309080924361627e-02,2.276329681128092669e-02,2.276350289106774880e-02,2.276370896823582193e-02,2.276391504309332320e-02,2.276412111491105811e-02,2.276432718342057127e-02,2.276453324937647432e-02,2.276473931404695422e-02,2.276494537786182340e-02,2.276515144068996799e-02,2.276535750233523239e-02,2.276556356312950391e-02,2.276576962346387595e-02,2.276597568277727301e-02,2.276618174115343021e-02,2.276638779864801482e-02,2.276659385535619029e-02,2.276679991198371500e-02,2.276700596840906463e-02,2.276721202432218857e-02,2.276741807994830946e-02,2.276762413492958853e-02,2.276783018897010624e-02,2.276803624268983889e-02,2.276824229607522787e-02,2.276844834880385054e-02,2.276865440109169039e-02,2.276886045308695178e-02,2.276906650482678207e-02,2.276927255648721060e-02,2.276947860818418282e-02,2.276968465989928289e-02,2.276989071225513778e-02,2.277009676720916781e-02,2.277030282878332243e-02,2.277050890333393376e-02,2.277071483973432814e-02,2.277091709606923059e-02,2.277111799821382801e-02,1.105574045044537962e-01,5.423410512506919856e-01,1.807132300223509347e+00,5.072675422115028532e+00,1.102110299886404654e+01,2.010995822948165568e+01,3.198057776496507643e+01,4.164511562078099871e+01,4.300181257153100489e+01,3.781095493403827845e+01,3.406988922945642884e+01,3.226966993624775171e+01,3.072663862272197832e+01,3.312662458479420025e+01,3.579327589886292316e+01,3.371648249411417453e+01,3.092282755142838369e+01,3.094540146080683130e+01,3.193659371232106281e+01,3.257220900573576472e+01,3.322689360902725753e+01,3.384469684532760425e+01,3.390479800024130697e+01,3.386948429679881656e+01,3.420697755242335347e+01,3.239837773226847162e+01,2.561172469177809674e+01,1.709919139406807886e+01,1.220219445283616722e+01,1.007881397207936125e+01,7.487616613804371823e+00,4.203836726726525086e+00,1.748713212387060789e+00,5.334205025945349954e-01,1.026822777043870510e-01,2.273729017030355626e-02,2.273705864598582829e-02,2.273619547083535752e-02,2.273437493387914232e-02,2.272801689793813376e-02,2.270920393890838579e-02,2.267761209059202671e-02,2.263260845575205613e-02,2.254008294103158547e-02,2.221732071744873457e-02,2.150181393378229611e-02,2.000611812664854217e-02,1.777772060912645447e-02,1.714501477521443093e-02
0.000000000000000000e+00,9.945770011410494556e-04,3.148121523172163830e-03,4.785925157170249807e-03,6.101381010861123971e-03,8.881320424463406971e-03,1.219482317194374096e-02,1.396402670838411617e-02,1.439251173362091595e-02,1.445873324888332506e-02,1.449549021535085497e-02,1.453224708090166024e-02,1.456900397912255091e-02,1.460576092465589587e-02,1.464251793477665611e-02,1.467927502934239861e-02,1.471603223068424990e-02,1.475278956399123445e-02,1.478954705748652260e-02,1.482630474172325075e-02,1.486306265002816998e-02,1.489982081841071358e-02,1.493657928536643205e-02,1.497333802858606157e-02,1.501009676332739490e-02,1.504685497452240908e-02,1.508361244989599170e-02,1.512036946837534875e-02,1.515712635217793258e-02,1.519388321941487346e-02,1.523064008459124041e-02,1.526739694839834155e-02,1.530415381168762426e-02,1.534091067401446851e-02,1.537766753458805029e-02,1.541442439321633745e-02,1.545118125023954396e-02,1.548793810657756939e-02,1.552469496835194411e-02,1.556145188684613691e-02,1.559820888221346603e-02,1.563496578220057581e-02,1.567172258927676878e-02,1.570847952606467535e-02,1.574523670401013070e-02,1.578199422971149693e-02,1.581875240309054548e-02,1.585551219751293872e-02,1.589227515571997248e-02,1.592904323616219434e-02,3.454920788199851711e-01,1.422828322133405266e+00,3.445523562292612585e+00,7.567346819933197466e+00,1.450132004132044727e+01,2.412183812893677626e+01,3.593960988037972726e+01,4.724378456309435848e+01,5.269225976972096248e+01,5.944218478545477780e+01,7.265316508651584115e+01,8.331109269056415201e+01,8.531884883163080247e+01,7.932252100262289218e+01,7.330895615254191000e+01,7.006844702265809133e+01,6.529121592073444447e+01,5.960070662391334650e+01,5.412164081379572877e+01,4.887909730720067358e+01,4.534818441819636092e+01,4.380335736778729228e+01,4.629815201337781616e+01,5.205537845146932341e+01,5.628925664490516567e+01,5.868038821293519902e+01,5.988155203154361317e+01,5.494031790186528497e+01,4.232136702124140015e+01,2.761501421183407601e+01,1.605342106166222038e+01,8.433469943611383357e+00,3.428935097232976403e+00,7.989470570745662581e-01,8.075205160691360795e-02,9.933156996380332684e-03,9.965532559220547509e-03,9.996247317629429474e-03,1.002629932950875082e-02,1.005385087565426223e-02,1.007461580567434005e-02,1.008554370790146551e-02,1.006724943510895788e-02,9.983845926229003090e-03,9.636120177789237948e-03,8.944261271292643090e-03,8.434448311680296795e-03,7.890248766358683857e-03,7.010226208641756260e-03,7.054210832471653238e-03
0.000000000000000000e+00,2.428768590513187583e-05,6.463973302985585217e-05,8.089523845219000414e-05,8.108638272537033295e-05,8.127752703263009049e-05,8.146867129427931933e-05,8.165981555456471670e-05,8.185095979670286008e-05,8.204210398540689900e-05,8.223324810513383306e-05,8.242439226924925090e-05,8.261553656925749839e-05,8.280668073293309607e-05,8.299782492879045697e-05,8.318896905698068675e-05,8.338011290358534353e-05,8.357125690035312605e-05,8.376240108992407947e-05,8.395354521221925809e-05,8.414468931382154378e-05,8.433583349427155155e-05,8.452697761903323591e-05,8.471812175431909456e-05,8.490926593068878878e-05,8.510041002736273862e-05,8.529155427911764686e-05,8.548269864895026253e-05,8.567384278670568979e-05,8.586498675746689099e-05,8.605613086595578494e-05,8.624727522288730278e-05,8.643841970354936846e-05,8.662956393508077554e-05,8.682070800182392850e-05,8.701185230145340997e-05,8.720299647664978059e-05,8.739414045062642727e-05,8.758528506520353455e-05,8.777643328508370963e-05,8.796758713983845036e-05,8.815873558116685141e-05,8.834987387240272113e-05,8.854101491095107306e-05,8.873216258057698867e-05,8.892331202620976322e-05,8.911446056837375035e-05,8.930560857904280478e-05,8.949676654623060941e-05,8.968796496217725834e-05,8.987924940808099123e-05,9.007061224900992323e-05,9.026198265760255470e-05,5.511168062338883677e-01,2.855284649887054105e+00,8.159934828425294384e+00,1.751746666723108703e+01,2.982303522743039537e+01,4.148580272242873690e+01,4.963625179650547636e+01,5.263565424018992189e+01,5.084308842229004455e+01,4.587475098470877555e+01,3.809081175183538193e+01,2.881631845680736603e+01,2.163687071289394126e+01,1.885715389989131907e+01,2.048773558768183989e+01,2.542405442167855867e+01,3.067396506632092468e+01,3.305700250314357902e+01,3.132783707610852630e+01,2.726912374465118560e+01,2.340102027733427192e+01,2.038492667238216072e+01,1.854497450090902433e+01,1.750502620384953190e+01,1.567154773794099398e+01,1.231314257494997300e+01,8.210824165295234067e+00,4.409431038420565052e+00,1.704662028025359266e+00,3.997245961156831173e-01,4.126164851261705790e-02,5.824186800870127264e-05,5.837163101537829661e-05,5.847857229526772622e-05,5.863603532997383589e-05,5.879329581177079422e-05,5.890104356850756366e-05,5.889017602386791976e-05,5.845068954374753111e-05,5.774198274889678185e-05,5.571878417422597191e-05,3.504409990621583322e-05,3.437628845959781257e-05,4.450212302624711661e-05,2.288295938965261695e-05,2.351884224195099465e-06,-1.185335655036332210e-05
0.000000000000000000e+00,4.544236810004812627e-05,1.903250348397524366e-03,1.132524326141014746e-02,3.300847614484017645e-02,6.443316677602844988e-02,9.320982027955665439e-02,1.081006651538448937e-01,1.120806671540585109e-01,1.127262829416679074e-01,1.128571731483560547e-01,1.129025883223009202e-01,1.129480034963642188e-01,1.129934186706138127e-01,1.130388338450642183e-01,1.130842490195328870e-01,1.131296641935982533e-01,1.131750793671352784e-01,1.132204945406170976e-01,1.132659097145502780e-01,1.133113248886584018e-01,1.133567400623921306e-01,1.134021552360752610e-01,1.134475704102023419e-01,1.134929855844091090e-01,1.135384007583126603e-01,1.135838159321200247e-01,1.136292311060262405e-01,1.136746462800935775e-01,1.137200614544191662e-01,1.137654766288749564e-01,1.138108918032594008e-01,1.138563069773555619e-01,1.139017221510942868e-01,1.139471373249907604e-01,1.139925524992418671e-01,1.140379676734880887e-01,1.140833828474576150e-01,1.141287980213230580e-01,1.141742131969953472e-01,1.142196283898605780e-01,1.142650436806501718e-01,1.143104593053270723e-01,1.143558756163172152e-01,1.144012927366338667e-01,1.144467104211438352e-01,1.144921292580742961e-01,1.145375525793480564e-01,1.145829862978684083e-01,1.146284382621118314e-01,1.146739268726188338e-01,1.163208414943025654e-01,2.745449212902317804e-01,1.910986793367861702e+00,9.176766451851715800e+00,2.699934853763270226e+01,5.334416213572200149e+01,7.700547089788473443e+01,8.792453474358292453e+01,8.770178421190341567e+01,8.270773017454558840e+01,7.200262343097438134e+01,5.864703219873126727e+01,5.493175424732850587e+01,6.163528173076608141e+01,6.761079372529559350e+01,6.803291419054883704e+01,6.414230355917372606e+01,5.654151789959000496e+01,4.580381761582408018e+01,3.417904585903499992e+01,2.506172596974260358e+01,2.014801265860582902e+01,1.901385771952445225e+01,2.033627920511063181e+01,2.240638106241227945e+01,2.430322611558153056e+01,2.522725022803616568e+01,2.378048157127822648e+01,1.972129477619687421e+01,1.413256776054252661e+01,8.304728751178608093e+00,3.622317139530343066e+00,1.060143202493793346e+00,2.304225204935163029e-01,1.072191499752143118e-01,1.072552948280985352e-01,1.072870547219476473e-01,1.073098577248229879e-01,1.073081522290363493e-01,1.072618917291368046e-01,1.071563905124969240e-01,1.069345328183152616e-01,1.064343656705416807e-01,1.051947731408969661e-01,1.022898621309892980e-01,9.645057956059271964e-02,8.520204479352321003e-02,6.732960797430341537e-02,5.123877235165309740e-02
0.000000000000000000e+00,3.189000011928009031e-04,3.647315916224832914e-03,1.475780546304670225e-02,2.969585702080947132e-02,4.220950178504383893e-02,5.069148440137174333e-02,5.405081099184672055e-02,5.460472131978037769e-02,5.467970212163732885e-02,5.475468333172926749e-02,5.482966505203792223e-02,5.490464688726683085e-02,5.497962871726098932e-02,5.505461054237910379e-02,5.512959236144288067e-02,5.520457417389731253e-02,5.527955598133950377e-02,5.535453778653968981e-02,5.542951959010379570e-02,5.550450139161255958e-02,5.557948319070540877e-02,5.565446498830865785e-02,5.572944678487851133e-02,5.580442857906277310e-02,5.587941037138183936e-02,5.595439216201570504e-02,5.602937395135786786e-02,5.610435574085228388e-02,5.617933752978183232e-02,5.625431931741909503e-02,5.632930110449529959e-02,5.640428289003933393e-02,5.647926467397046402e-02,5.655424645729621724e-02,5.662922823970453767e-02,5.670421002105551639e-02,5.677919180157742218e-02,5.685417358164267243e-02,5.692915536112549274e-02,5.700413714002546678e-02,5.707911891904238200e-02,5.715410069817122851e-02,5.722908247722374719e-02,5.730406425779561996e-02,5.737904604186268298e-02,5.745402783303985711e-02,5.752900928176768458e-02,5.760398243344074659e-02,5.767895372194659087e-02,5.931986007701905289e-02,1.203510576608964461e-01,1.079234727372269553e+00,6.200403455792729446e+00,1.812621825167327927e+01,3.796688861647891855e+01,6.391603224426020802e+01,8.379451832066733630e+01,8.306877850536089625e+01,6.697400463000515458e+01,5.575286807343572093e+01,4.994504008870850953e+01,4.368324090770835966e+01,4.681698834558222444e+01,5.236506384954830651e+01,5.052696848557818043e+01,5.106442539796922375e+01,5.890489403192994899e+01,6.702986579297864012e+01,6.977837490215077310e+01,6.853834879505907907e+01,6.436704614682348335e+01,5.573240214356913214e+01,4.830803543690442581e+01,4.883691200465212034e+01,5.009931359899247383e+01,4.217442864136883429e+01,3.248311221732743803e+01,3.236198039919329972e+01,3.215598651111781692e+01,2.360723458842048217e+01,1.337220858528396583e+01,6.207844434643659426e+00,2.077324938038968671e+00,3.388286682119109328e-01,4.545664907017313294e-02,4.553068757904529806e-02,4.560335572523545322e-02,4.567421718601933495e-02,4.573571113016298290e-02,4.577047891297315180e-02,4.577263762087641769e-02,4.573523323779745547e-02,4.560387629796287812e-02,4.505043064950386283e-02,4.362805177082961644e-02,4.039293033106276104e-02,3.540900166227352319e-02,3.349223906465167294e-02,3.597247104702368942e-02
0.000000000000000000e+00,3.255928178418492926e-04,4.357514978652513027e-03,1.541974503311075058e-02,2.362886477124353374e-02,2.603010417877539215e-02,2.775421503502647005e-02,2.825815681601971663e-02,2.862643697203441639e-02,2.888072543004528009e-02,2.909458503771249205e-02,2.930317753635498790e-02,2.951177003497004042e-02,2.972036253376007797e-02,2.992895503271973331e-02,3.013754753135099163e-02,3.034614002992751247e-02,3.055473252873347478e-02,3.076332502744964781e-02,3.097191752628035075e-02,3.118051002491005474e-02,3.138910252363930758e-02,3.159769502252913337e-02,3.180628752133505405e-02,3.201488001997356697e-02,3.222347251838869608e-02,3.243206501719524820e-02,3.264065751626250844e-02,3.284925001507375125e-02,3.305784251367701460e-02,3.326643501228426780e-02,3.347502751089953543e-02,3.368362000954484847e-02,3.389221250835762478e-02,3.410080500704328055e-02,3.430939750563307550e-02,3.451799000430232772e-02,3.472658250298373689e-02,3.493517500192354353e-02,3.514376750454176190e-02,3.535236004327907411e-02,3.556095263673390156e-02,3.576954522745327131e-02,3.597813840692071219e-02,3.618673346213054781e-02,3.639532882827035964e-02,3.660392101360602363e-02,3.681251271992026786e-02,3.702112013935410229e-02,3.722975227904401496e-02,2.999583677159805561e-01,2.251911420307919354e+00,6.408116303398170288e+00,1.181994590930235844e+01,1.923989530853380003e+01,2.914889664587768081e+01,4.036373277851195240e+01,5.087683091997650564e+01,5.511920857245645777e+01,4.518264244812027641e+01,3.871792710001000870e+01,4.877542508730690685e+01,5.792227428966859293e+01,5.845606911550272855e+01,5.528954847300659736e+01,5.227786234104623730e+01,4.853754036250946768e+01,4.143768554143254335e+01,3.442608433709544613e+01,2.971757610447952302e+01,2.735350385592102640e+01,2.677802452140576150e+01,2.657465394367697797e+01,2.921047215188341895e+01,3.427534790318330948e+01,3.597609217382829172e+01,3.477069070984950372e+01,3.502760573663510968e+01,3.006046901707882313e+01,1.801798735596252499e+01,7.989944178130186536e+00,3.279296260518896222e+00,1.230741149023321102e+00,3.843059138811611986e-01,5.922225777736320890e-02,3.228114631547925311e-03,3.434665998929568344e-03,3.638508848655667375e-03,3.833729445857950516e-03,3.998236627797600862e-03,4.098613596227962050e-03,4.156437962851439877e-03,4.190044224291106928e-03,4.050012871602056558e-03,3.598004921978918691e-03,2.118939627438448658e-03,-3.188087989536129291e-03,-1.154611995882170311e-02,-1.248284302042529555e-02,-5.756924715595968835e-03
0.000000000000000000e+00,1.353451307618594446e-02,3.574798172024496595e-02,5.992791797866695719e-02,8.331662984958979057e-02,9.522881543366565338e-02,1.019649557337201917e-01,1.052356312692194762e-01,1.057948742406667197e-01,1.057951651546229360e-01,1.057952027202627154e-01,1.057952402655459312e-01,1.057952777801793448e-01,1.057953152516123846e-01,1.057953526656822824e-01,1.057953900065524977e-01,1.057954272570604398e-01,1.057954643967904812e-01,1.057955014029647867e-01,1.057955382512235781e-01,1.057955749162318299e-01,1.057956113701133821e-01,1.057956476031359505e-01,1.057956837308313552e-01,1.057957200829844208e-01,1.057957569689214061e-01,1.057957943317230226e-01,1.057958318908031048e-01,1.057958694807027422e-01,1.057959070706879223e-01,1.057959446603572023e-01,1.057959822496220142e-01,1.057960198391831030e-01,1.057960574289161931e-01,1.057960950187368243e-01,1.057961326086549608e-01,1.057961701986682573e-01,1.057962077914520183e-01,1.057962453951451637e-01,1.057962830345830912e-01,1.057963207612633016e-01,1.057963585983397181e-01,1.057963966143049411e-01,1.057964349283917610e-01,1.057964740717210750e-01,1.057965159513192810e-01,1.057965635155017070e-01,1.057966201854180360e-01,1.057966920848072007e-01,1.057967988807644172e-01,1.057970108343598559e-01,1.361586244781345656e-01,5.091293124268668757e-01,2.552256176465643289e+00,7.936371102206373429e+00,1.511807235548887007e+01,2.133920799146495284e+01,2.721926822103042909e+01,3.288184357434444394e+01,3.500265984691380083e+01,3.439690313599349025e+01,3.995212217395604881e+01,4.831066691981695982e+01,4.851673636427120329e+01,4.432511215023665585e+01,4.214606735418190198e+01,4.031922577057046198e+01,3.742295750208894844e+01,3.754217982250886365e+01,4.073924845767589176e+01,4.246298770221536500e+01,4.148991886495068826e+01,3.939462030361869438e+01,3.667681767349193933e+01,3.170819557437527436e+01,2.561839506816197698e+01,2.288751820592872477e+01,2.079994286257555203e+01,1.579283119669432622e+01,1.017947629633282247e+01,5.167350631597223298e+00,1.632580790196982878e+00,2.306036246242331444e-01,1.078602467542785215e-01,1.057857414626088288e-01,1.057822383466293648e-01,1.057739496304488658e-01,1.057483487609239547e-01,1.056610681415670744e-01,1.055293949363893813e-01,1.053268131138076907e-01,1.049577251195421279e-01,1.042357450565530447e-01,1.018905240405794804e-01,9.782575250276445700e-02,8.835449315344330590e-02,7.680947917509026168e-02,6.707763963221764769e-02,6.943082169266305559e-02,5.917935705276194253e-02
0.000000000000000000e+00,6.803346617282242945e-04,1.663244456612073376e-03,3.085779626831563951e-03,8.463834827046838941e-03,1.715222927309519030e-02,2.236806254002410982e-02,2.382825116870206095e-02,2.450290581351340438e-02,2.450303956407721973e-02,2.450317331451669703e-02,2.450330706498598035e-02,2.450344081537946667e-02,2.450357456578253906e-02,2.450370831639836836e-02,2.450384206694730671e-02,2.450397581718434178e-02,2.450410956752142183e-02,2.450424331796313346e-02,2.450437706822026704e-02,2.450451081853632571e-02,2.450464456888467452e-02,2.450477831915002722e-02,2.450491206958158377e-02,2.450504582040010856e-02,2.450517957096434024e-02,2.450531332129576509e-02,2.450544707162198230e-02,2.450558082206958158e-02,2.450571457259583669e-02,2.450584832284925449e-02,2.450598207309011983e-02,2.450611582342461514e-02,2.450624957394810857e-02,2.450638332425380400e-02,2.450651707458343168e-02,2.450665082508884582e-02,2.450678457541027519e-02,2.450691832602154910e-02,2.450705207665392071e-02,2.450718582795252676e-02,2.450731958774238564e-02,2.450745337173762528e-02,2.450758718157407604e-02,2.450772117274187256e-02,2.450785601927572832e-02,2.450799196029274443e-02,2.450812713967012377e-02,2.450826033594420347e-02,2.450839826681916814e-02,2.450855485875914549e-02,7.037047334001023113e-02,7.419095466098299951e-01,3.690626058089826689e+00,9.151402727000499837e+00,1.725545903050355534e+01,2.760914557595574337e+01,3.796474335513639176e+01,4.686042576343577082e+01,5.272008647672478787e+01,5.257768786185985732e+01,4.653155979242793450e+01,4.090043729701172026e+01,3.697600024286207798e+01,3.201960222398325584e+01,2.742538687523624574e+01,2.570815563745945553e+01,2.769553249499339032e+01,2.949282450729533522e+01,2.888110658591428148e+01,2.793953787335552619e+01,2.680696439861332436e+01,2.475346879513549680e+01,2.184185696208591310e+01,1.753207501545400504e+01,1.333564625035499596e+01,1.068093266976687694e+01,8.297292308571131869e+00,6.062751537546320790e+00,4.114643334165386968e+00,2.690231138604429084e+00,1.894503449143103868e+00,1.047115158933158652e+00,2.904229226912546369e-01,2.448642967022567063e-02,2.448614423676257271e-02,2.448501684498227693e-02,2.448246090472341527e-02,2.447938931134560972e-02,2.447263212669911064e-02,2.445023863612902706e-02,2.438787960663203747e-02,2.427493192303823571e-02,2.408909980025810901e-02,2.342380444288083216e-02,2.260350190202809958e-02,2.168365978393472365e-02,1.886252950458330857e-02,1.216121199342597159e-02,6.441537458913550174e-03
0.000000000000000000e+00,3.816398219789289559e-04,1.092344313997977573e-02,3.068318220307198613e-02,5.402140291272998496e-02,7.516126110234552793e-02,8.534484826156284176e-02,9.001175613457200464e-02,9.218750081402404817e-02,9.275870794349959370e-02,9.303870414887492613e-02,9.331870018270781164e-02,9.359869620299235415e-02,9.387869220280711802e-02,9.415868817406350400e-02,9.443868410702359328e-02,9.471867999107351499e-02,9.499867581487420054e-02,9.527867156486656552e-02,9.555866722602482377e-02,9.583866278179760390e-02,9.611865821519099962e-02,9.639865350799843580e-02,9.667864865366765370e-02,9.695864372907793405e-02,9.723863895388976109e-02,9.751863453445745733e-02,9.779863043339254158e-02,9.807862646310766541e-02,9.835862251323310157e-02,9.863861856362120262e-02,9.891861461375948961e-02,9.919861066340930622e-02,9.947860671325040038e-02,9.975860276326495302e-02,1.000385988133022652e-01,1.003185948633993907e-01,1.005985909136396933e-01,1.008785869665174695e-01,1.011585830314814805e-01,1.014385791519646640e-01,1.017185754664782643e-01,1.019985721884303087e-01,1.022785694580208987e-01,1.025585670954625855e-01,1.028385651602864853e-01,1.031185653610669356e-01,1.033985707336778775e-01,1.036785842242171907e-01,1.039586122103351579e-01,1.073705292101791026e-01,2.254581474590480750e-01,1.752580635441912893e+00,7.299266423255267533e+00,2.011715179594617453e+01,4.080727665701247986e+01,5.894740784564242375e+01,6.104164009956453185e+01,5.233754974931375870e+01,4.783163916963587070e+01,4.256721962855286279e+01,3.451433683907204397e+01,3.946237920964253476e+01,5.067825793577480908e+01,5.433703115446874676e+01,5.571037525848620220e+01,5.810436248423157224e+01,5.755090889473292748e+01,5.256099824889685834e+01,4.628268292876579437e+01,4.075101962387207521e+01,3.433416916495696114e+01,2.848377497538438163e+01,2.658938671645567453e+01,2.681321912039302902e+01,2.536681562500309539e+01,2.307210014728444136e+01,2.344434685560635145e+01,2.231646504957882016e+01,1.690896531269507008e+01,1.071645780038426032e+01,5.311911365534022877e+00,1.613035932099167402e+00,1.409677054644201677e-01,5.941753230968151167e-02,5.831131390153282412e-02,5.858307304675276078e-02,5.884990363673698460e-02,5.910380126216469715e-02,5.931174431605456404e-02,5.948287217444733765e-02,5.958808920757133892e-02,5.954951558552237789e-02,5.917474100072861454e-02,5.750520579417851830e-02,5.423703986181343389e-02,4.660518223770053481e-02,3.698492033128464307e-02,2.981406383937730900e-02,3.315546098067156944e-02
0.000000000000000000e+00,4.545175102256365199e-04,2.674520719293858092e-03,1.112333825392130757e-02,2.475020224611237940e-02,3.303736910167870411e-02,3.559700873787520481e-02,3.693154271902500396e-02,3.709339803568349053e-02,3.714293827972352940e-02,3.714915225124724996e-02,3.714917675541756781e-02,3.714920125936066464e-02,3.714922576354180023e-02,3.714925026784889756e-02,3.714927477180413745e-02,3.714929927580355729e-02,3.714932377977892691e-02,3.714934828379812259e-02,3.714937278792244252e-02,3.714939729193639240e-02,3.714942179576149334e-02,3.714944629995227399e-02,3.714947080471407703e-02,3.714949530888986967e-02,3.714951981277207077e-02,3.714954431670567520e-02,3.714956882097338736e-02,3.714959332536992703e-02,3.714961782907275772e-02,3.714964233278519878e-02,3.714966683678479209e-02,3.714969134108724730e-02,3.714971584502411994e-02,3.714974034881568521e-02,3.714976485301982323e-02,3.714978935690562561e-02,3.714981386111829154e-02,3.714983836541067147e-02,3.714986287110466634e-02,3.714988739497524645e-02,3.714991197070759837e-02,3.714993659241888624e-02,3.714996149871452324e-02,3.714998784722682579e-02,3.715001609455118037e-02,3.715004306519033295e-02,3.715006656160529941e-02,3.715009709274746247e-02,3.715015533482712851e-02,1.059428519493500059e-01,9.755170406339318534e-01,3.694426576582429345e+00,7.707288837308956531e+00,1.260968260474563607e+01,1.950196988285644650e+01,2.839630857837153144e+01,3.804446993706419278e+01,4.603979837071168646e+01,4.760914982298990594e+01,4.179276315024593913e+01,3.884920146231413440e+01,4.192559611700513500e+01,4.275913948577576207e+01,4.010874222772424957e+01,3.830477044116534557e+01,3.943516172979097689e+01,3.999927876512076352e+01,3.744927112654808354e+01,3.430678367476593138e+01,3.127823010511916380e+01,2.840559948920014222e+01,2.622774451273820162e+01,2.398428287653846880e+01,2.284504666099191539e+01,2.242942603158994075e+01,2.095653307288634437e+01,1.897695480441680616e+01,1.623308358393878237e+01,1.231049001929922504e+01,8.451704735526744727e+00,5.431737011090412182e+00,3.047555264000869180e+00,1.354922368517952336e+00,4.467403891346385936e-01,9.334605427662708010e-02,3.714174435541849756e-02,3.713798424917041235e-02,3.712766632727512034e-02,3.709451966087053826e-02,3.700323682030496469e-02,3.683175199023111523e-02,3.660082820968728334e-02,3.585811967472056494e-02,3.481552867711733973e-02,3.339439719499846110e-02,2.908328027510206568e-02,1.941255057496556885e-02,1.044905813252069125e-02,1.304947257079089491e-02
0.000000000000000000e+00,1.093480096252563765e-09,2.812012702255772944e-09,4.530552819611633309e-09,5.832396225109537611e-09,6.509189684778093995e-09,6.977627249409447613e-09,7.446047307211479192e-09,7.914452411697148678e-09,8.382867633090128407e-09,8.851302685841888811e-09,9.319752809871206847e-09,9.788206014769421527e-09,1.025664710435887337e-08,1.072507721661817419e-08,1.119350405371954906e-08,1.166193050224286862e-08,1.213036339005972935e-08,1.259879847056706206e-08,1.306723364128001883e-08,1.353566867321510083e-08,1.400410364270012612e-08,1.447253886892423743e-08,1.494097406045387260e-08,1.540940928667798391e-08,1.587784393003499737e-08,1.634627939912038870e-08,1.681471423676643146e-08,1.728314945605165218e-08,1.775159222485343042e-08,1.822002001952216402e-08,1.868842454114074724e-08,1.915684715939463184e-08,1.962529943448106505e-08,2.009374980831055866e-08,2.056219224404542290e-08,2.103061276675335183e-08,2.149904025611076690e-08,2.196747603050748339e-08,2.243588808776484624e-08,2.290432258540510095e-08,2.337278100835150986e-08,2.384125246254069347e-08,2.430971382757814080e-08,2.477813539112015532e-08,2.524655599709479786e-08,2.571497156543248271e-08,2.618339962377917805e-08,2.665185131599852002e-08,2.712029153128734493e-08,2.758871870145563050e-08,2.805712387533024068e-08,2.852554155309166570e-08,2.899399914337081607e-08,2.946250401527303428e-08,2.993148191157269839e-08,3.040233784726301075e-08,3.087499557777777509e-08,3.134678000686137590e-08,3.181578954451723520e-08,3.228217518107667557e-08,3.274763952681471959e-08,3.321401406114392032e-08,3.368206081339282469e-08,3.415158838111196748e-08,3.462172146446873421e-08,3.509169889455746173e-08,3.556116093136256279e-08,3.602989724313206185e-08,3.649939705527558901e-08,6.032008222108046214e-01,2.413302139672274915e+00,5.296679548992503150e+00,8.582952391025749250e+00,1.140034043738202030e+01,1.336844659707131910e+01,1.440893808178536695e+01,1.442129456238907359e+01,1.327139267474679940e+01,1.084741478965503525e+01,7.326668935445150410e+00,3.804255461309169917e+00,1.354395871820129216e+00,2.239503879241398210e-01,-4.970307947711729472e-08,-4.923465411106139770e-08,-4.876620143351914123e-08,-4.829774009623727282e-08,-4.782928464313742170e-08,-4.736084331762559863e-08,-4.689240901427437985e-08,-4.642397312885533112e-08,-4.596910033852779332e-08,-4.553038306956538433e-08,-4.509428353996160762e-08,-4.465756067564063527e-08,-4.421394979338585913e-08,-4.436368236883098492e-08,-4.510740496810998534e-08,-4.584271790553319312e-08
0.000000000000000000e+00,1.078279039102315320e-04,4.511331597739966508e-04,1.481369982373527102e-03,3.304292523529798846e-03,4.983092724767704783e-03,5.899694210464853476e-03,6.333512165467318142e-03,6.503976292349797003e-03,6.568217911843206303e-03,6.629849023817174086e-03,6.691479770425261958e-03,6.753110513478105190e-03,6.814741253502184549e-03,6.876371990983893082e-03,6.938002726657122900e-03,6.999633460987899659e-03,7.061264194056391004e-03,7.122894925205421231e-03,7.184525654029185610e-03,7.246156381485774518e-03,7.307787108543940813e-03,7.369417835220156560e-03,7.431048561043294282e-03,7.492679286158555538e-03,7.554310010979960709e-03,7.615940735179171743e-03,7.677571458888480388e-03,7.739202182252669267e-03,7.800832904643097143e-03,7.862463626535946479e-03,7.924094348403023028e-03,7.985725069865385120e-03,8.047355791198081837e-03,8.108986512582558315e-03,8.170617233516148936e-03,8.232247953701626181e-03,8.293878673372038005e-03,8.355509392958038184e-03,8.417140112587645842e-03,8.478770835896740771e-03,8.540401573182929487e-03,8.602032325552557909e-03,8.663663090953590412e-03,8.725293955672779045e-03,8.786925063754922466e-03,8.848556414144063270e-03,8.910188051384295566e-03,8.971820203296664367e-03,9.033452846605003958e-03,7.156246098011971590e-02,7.332872534927544761e-01,4.082342255015835697e+00,1.120304121980986523e+01,1.985373540543687554e+01,3.224005589126965532e+01,5.004320892527864117e+01,6.831219357206886400e+01,8.248633934996887263e+01,8.713297313947639111e+01,8.060123598752286966e+01,7.536275758303445116e+01,8.131867279139355276e+01,8.913486747114369280e+01,8.718180259329950843e+01,7.511627530867464486e+01,5.865247712424158522e+01,4.178238690535852840e+01,2.658176308236713226e+01,1.565189653116672730e+01,1.038249241527049627e+01,1.063288232691186863e+01,1.594367766106202389e+01,2.547048534855233726e+01,3.803779089159679927e+01,5.073584049085030045e+01,5.904466690402860962e+01,6.278895700578298289e+01,6.307576894891322894e+01,5.366279156920600002e+01,3.374427964097355215e+01,1.490788586312354980e+01,4.566685832905794662e+00,8.548440844071517608e-01,5.892980281896422617e-02,-1.012503571238896130e-03,-9.511749369078856351e-04,-8.903702982929875614e-04,-8.302951705851100480e-04,-7.725643278400529546e-04,-7.221530580380152668e-04,-6.814779768144715345e-04,-6.460574237472612499e-04,-6.195477647285320411e-04,-6.207578333682990581e-04,-6.748339016724455922e-04,-5.442447541798359212e-04,-5.197474064828702407e-04,-9.490501218058220497e-04,-1.591224993684534203e-03
0.000000000000000000e+00,1.798427127538470331e-07,3.603006283963259934e-07,5.411667758313737124e-07,3.217048525551694009e-05,2.441107599769342350e-03,1.081422288646448869e-02,1.975985161141828247e-02,2.270985309658494003e-02,2.271003293805523571e-02,2.271021277990515827e-02,2.271039262151451285e-02,2.271057246276124084e-02,2.271075230409658197e-02,2.271093214532847460e-02,2.271111198668420567e-02,2.271129182822268985e-02,2.271147166937165923e-02,2.271165151039245336e-02,2.271183135182135160e-02,2.271201119346476227e-02,2.271219103488274216e-02,2.271237087624089143e-02,2.271255071762018352e-02,2.271273055878723565e-02,2.271291039998432973e-02,2.271309024145301211e-02,2.271327008300119341e-02,2.271344992424022269e-02,2.271362976535306819e-02,2.271380960657677292e-02,2.271398944794605912e-02,2.271416928961738843e-02,2.271434913124942626e-02,2.271452897249782998e-02,2.271470881362954580e-02,2.271488865501810825e-02,2.271506849649454138e-02,2.271524833785842218e-02,2.271542817914893111e-02,2.271560802054219813e-02,2.271578786204336495e-02,2.271596770342291724e-02,2.271614754476027412e-02,2.271632738617524253e-02,2.271650722754391463e-02,2.271668706885813724e-02,2.271686691048281637e-02,2.271704675324630329e-02,2.271722660515476319e-02,4.219692476724403729e-01,2.457856072309592577e+00,6.205393812133512377e+00,1.026241998475791029e+01,1.407316110193976400e+01,1.768531585195763256e+01,2.051539188724911966e+01,2.134321673248430073e+01,1.982245277192824062e+01,1.761528844211605360e+01,1.662320721506329235e+01,1.662237056104608257e+01,1.829481858447319098e+01,2.121224016173037086e+01,2.199821843093929630e+01,2.188611130895320045e+01,2.419404946469959228e+01,2.758524965175450205e+01,3.154190776969204890e+01,3.736556900687822491e+01,4.359206131186726907e+01,4.904502278694935313e+01,5.235732939293161792e+01,5.188851761580797728e+01,4.700899145758573638e+01,3.767175233579066429e+01,2.560598729047950073e+01,1.388311228845752865e+01,5.974663794232102809e+00,2.436736808307213398e+00,9.345036798870509642e-01,2.037224473184838236e-01,2.309797880068242479e-02,2.268847819066512755e-02,2.268792523510283071e-02,2.268792513889352630e-02,2.268809266797072732e-02,2.268827231680027937e-02,2.268845199590303896e-02,2.268863179383537321e-02,2.268684646402255312e-02,2.267777353366197055e-02,2.265679758703075322e-02,2.261575675699096719e-02,2.254369152512559343e-02,2.244371079562173729e-02,2.231219133665698559e-02,2.188264159213056462e-02,1.868840516284307404e-02,1.114363362421047499e-02
0.000000000000000000e+00,4.687346298025301099e-10,9.379763539715577600e-10,1.407218121508672103e-09,1.876120906731346231e-09,2.344519983767747719e-09,2.812752589800500155e-09,3.280986831677490438e-09,3.749222561947224349e-09,4.217465994389190357e-09,4.685708410283200269e-09,5.153941916637435910e-09,5.622175287683242079e-09,6.090400162053462087e-09,6.558605468742873076e-09,7.026822977477215740e-09,7.495068713631958672e-09,7.963332872550014823e-09,8.431592882009518092e-09,8.899829458824307867e-09,9.368059596345554815e-09,9.836264198737232076e-09,1.030446911337913832e-08,1.077268504004567007e-08,1.124090363124746091e-08,1.170911856565216440e-08,1.217732538848989257e-08,1.264554997489601639e-08,1.311380298301156896e-08,1.358206890440868002e-08,1.405032271049703319e-08,1.451856787766247600e-08,1.498680270587600199e-08,1.545503686795570990e-08,1.592324427366052765e-08,1.639144351922611440e-08,1.685966136102736363e-08,1.732790268404558036e-08,1.779615620563928679e-08,1.826438975709633115e-08,1.873261463493600225e-08,1.920083708416280036e-08,1.966906208690255510e-08,2.013729007336669846e-08,2.060552229255610996e-08,2.107375544155731451e-08,2.154196967513373040e-08,2.201018067518558706e-08,2.247839246627135539e-08,2.294661601184338701e-08,2.341486188677601464e-08,2.388310676250791348e-08,2.435136083921312560e-08,2.481961703921987894e-08,2.528786723014450487e-08,2.575609956035622214e-08,2.622432155161602590e-08,2.669257120130693064e-08,2.716082933032618926e-08,2.762906021724796790e-08,2.809726057303658921e-08,2.856544838330502563e-08,3.160690654037966007e-08,6.441007627869914653e-01,2.527833973952530400e+00,5.468507291083658295e+00,8.768473427294313893e+00,1.154776417052945092e+01,1.346129705313217073e+01,1.444301130716256409e+01,1.438842260389096239e+01,1.316348753771111291e+01,1.065915111603628063e+01,7.118045268718844909e+00,3.648843693026803336e+00,1.276699979181235234e+00,2.075944039562662435e-01,-5.712064663253519950e-08,-5.665241155452148635e-08,-5.618418335989053250e-08,-5.571595397176981394e-08,-5.524773141152070344e-08,-5.477950474344642829e-08,-5.431128368199840766e-08,-5.384305373876619002e-08,-5.337483686841008072e-08,-5.290663323746354670e-08,-5.243842677544829988e-08,-5.197021653867478258e-08,-5.150198695626503470e-08,-5.103375318276337549e-08,-5.056553944878733061e-08,-5.009735707861172478e-08,-4.962918553311060243e-08,-4.916103000257661029e-08,-4.869289420625687424e-08,-4.822518423597823980e-08,-4.775787463987786741e-08,-4.729052449288152722e-08,-4.682286281730445073e-08
0.000000000000000000e+00,6.808260854038528163e-05,1.441973977608576054e-04,1.682975259100418387e-04,1.843654733996307219e-04,1.843690597776207157e-04,1.843726461206577933e-04,1.843762323156670677e-04,1.843798187301512795e-04,1.843834051560518149e-04,1.843869913492685779e-04,1.843905776270996226e-04,1.843941637342502487e-04,1.843977499783435239e-04,1.844013362804215576e-04,1.844049226971796124e-04,1.844085093418153069e-04,1.844120954335615886e-04,1.844156815351429663e-04,1.844192678355722809e-04,1.844228540178451613e-04,1.844264402246747060e-04,1.844300265874144204e-04,1.844336129594088304e-04,1.844371992495294694e-04,1.844407854619812799e-04,1.844443713512385486e-04,1.844479575665145161e-04,1.844515439954720409e-04,1.844551302779095354e-04,1.844587165577016850e-04,1.844623026675272547e-04,1.844658889683165786e-04,1.844694754171973211e-04,1.844730619892035318e-04,1.844766484412797434e-04,1.844802346836226284e-04,1.844838208440969737e-04,1.844874071711637804e-04,1.844909936497760028e-04,1.844945813537864532e-04,1.844981728223342237e-04,1.845017643503274441e-04,1.845053498259434236e-04,1.845089384775500151e-04,1.845125429797205778e-04,1.845161494044712640e-04,1.845197374513880817e-04,1.845233278235523973e-04,1.845281166674726315e-04,1.845443645221470595e-04,1.845853200901481216e-04,2.061313183532447954e-02,8.622142248277901988e-01,2.916650876862167951e+00,7.095661336036855005e+00,1.230060660294817332e+01,1.854830986171228346e+01,2.624575334648763203e+01,3.126752054551299409e+01,3.695885537244897989e+01,4.578924875894141167e+01,5.064261750514766902e+01,5.063824066185569706e+01,4.868543628699345049e+01,4.541481952377007758e+01,4.116070254797172367e+01,3.780602581481075219e+01,3.537178451650108002e+01,3.335671504435001822e+01,3.264024590862398867e+01,3.276238530458766718e+01,3.155572012414314997e+01,2.702155895237431693e+01,2.242593295019295496e+01,1.839215035212237481e+01,1.405300014799543540e+01,1.085949537100320228e+01,9.034507163363709736e+00,7.004326971660336909e+00,4.849580716884766218e+00,3.090946928577459563e+00,1.365056254414521941e+00,3.586470089417503893e-01,4.138745385495844892e-02,1.838567951365487356e-04,1.838025623029124298e-04,1.837118828802539617e-04,1.836452732960733205e-04,1.835537549432764951e-04,1.831856001763510161e-04,1.823808932080804145e-04,1.805486293195700275e-04,1.776673297162020999e-04,1.699368061009682912e-04,1.562029511955426934e-04,1.375854237097925037e-04,1.400589372373727600e-04,4.618882108799953032e-04,7.087799990508636145e-04
0.000000000000000000e+00,1.050629674467540138e-09,1.563600182543363771e-07,4.185133564345958914e-05,2.470065598354738174e-03,9.380185958873238708e-03,1.402381106106437639e-02,1.414398978509728670e-02,1.414399022193217094e-02,1.414399065877860323e-02,1.414399109512703458e-02,1.414399153139401892e-02,1.414399196766266860e-02,1.414399240397612098e-02,1.414399284070167774e-02,1.414399327715064325e-02,1.414399371315746244e-02,1.414399414930391473e-02,1.414399458576602250e-02,1.414399502231416909e-02,1.414399545861404379e-02,1.414399589497805816e-02,1.414399633133227654e-02,1.414399676750380426e-02,1.414399720386775444e-02,1.414399764037534320e-02,1.414399807697522445e-02,1.414399851325718639e-02,1.414399894947185148e-02,1.414399938584421160e-02,1.414399982233080499e-02,1.414400025889360132e-02,1.414400069525248958e-02,1.414400113156638952e-02,1.414400156814150065e-02,1.414400200478524092e-02,1.414400244111046166e-02,1.414400287745844025e-02,1.414400331390562073e-02,1.414400375040881543e-02,1.414400418681294874e-02,1.414400462310541097e-02,1.414400505951278822e-02,1.414400549595476106e-02,1.414400593234673396e-02,1.414400636872990835e-02,1.414400680531491261e-02,1.414400724316114064e-02,1.414400769055101752e-02,1.414400830274981265e-02,1.414401118840053796e-02,1.414403207899032552e-02,1.414418842472257680e-02,5.475815309332215941e-01,1.933728125899317529e+00,3.727816080037235302e+00,5.834097939898554408e+00,8.625309136185521197e+00,1.380749532754482800e+01,2.009502318138830645e+01,2.397785078839413231e+01,2.878066849228151725e+01,3.509110610526836638e+01,3.860738651969840873e+01,3.931244709124896275e+01,3.905102765233578310e+01,3.804373257355582894e+01,3.730044590123965520e+01,3.880174282550105858e+01,4.161879237472389548e+01,4.364898841656338391e+01,4.197142966767243166e+01,3.790385357318881177e+01,3.412750245121737436e+01,3.076655288998078674e+01,2.683705626311520476e+01,2.234919056349281519e+01,1.919742356402228367e+01,1.666184209399157012e+01,1.442156351579608042e+01,1.257046413856106604e+01,1.042062650632957244e+01,7.594555284887432478e+00,4.634155017371126561e+00,2.152866116789450501e+00,5.430747998566797241e-01,5.636860487491300586e-02,1.414393727261567882e-02,1.414388242670547823e-02,1.414175261821374978e-02,1.413346389717370054e-02,1.411676948870465263e-02,1.408518994711922476e-02,1.403265523944354463e-02,1.396584851483965647e-02,1.387613738685608729e-02,1.350187853936834007e-02,1.054396368042673227e-02,4.935753448376806359e-03,1.748972321974416426e-03
0.000000000000000000e+00,6.345708604584045895e-07,2.018759361285058906e-03,9.858715276066850469e-03,2.074279402464989860e-02,2.736016628877170273e-02,2.903005437623356472e-02,2.914446112160516689e-02,2.914480432361165815e-02,2.914510905826571061e-02,2.914535698393879229e-02,2.914557049144666373e-02,2.914577463473065275e-02,2.914597588188031635e-02,2.914617438835553215e-02,2.914637008111089708e-02,2.914656261472447357e-02,2.914675149512347546e-02,2.914693618787668819e-02,2.914711616513941325e-02,2.914729088074939634e-02,2.914745972038139399e-02,2.914762634312156875e-02,2.914780140910033790e-02,2.914799194614082350e-02,2.914819368864384960e-02,2.914839919828535880e-02,2.914860516271816637e-02,2.914881109088108407e-02,2.914901697984856668e-02,2.914922282108485876e-02,2.914942861200065655e-02,2.914963435176973205e-02,2.914984002867568660e-02,2.915004563244059932e-02,2.915025117074190875e-02,2.915045666001380917e-02,2.915066211683666961e-02,2.915086755543843181e-02,2.915107298066666255e-02,2.915127838953078185e-02,2.915148377790730688e-02,2.915168914196834826e-02,2.915189448135167144e-02,2.915209980400635531e-02,2.915230512009444469e-02,2.915251043046921189e-02,2.915271573447194772e-02,2.915292110887492821e-02,2.915312738453480421e-02,2.915333752307900858e-02,2.915355283889382171e-02,1.711499356435096098e-01,1.184330189914382547e+00,4.394923859339746386e+00,1.064743930368793734e+01,1.978676879252175169e+01,2.728636546681043740e+01,3.199552656927518868e+01,3.824901088264304860e+01,4.542297459315236097e+01,5.161774248051418823e+01,5.572951348480875566e+01,5.576614546849752685e+01,5.119127068607147635e+01,4.473241073801212053e+01,4.000231251302420077e+01,3.771711897899124466e+01,3.754230500977590168e+01,3.936396872380444734e+01,4.378919133279753595e+01,4.645907394041989136e+01,4.323310304979006702e+01,3.879528529785890356e+01,3.616868629809964375e+01,3.528962246808689684e+01,3.510717312065988693e+01,3.261127038118201682e+01,2.665554432429159704e+01,1.923087003254509142e+01,1.283195201907478022e+01,8.188843951214506589e+00,4.669690878888063779e+00,2.024650226285904964e+00,5.741628849451131389e-01,1.020808265140331350e-01,2.911345487611100014e-02,2.911145520958877131e-02,2.910540714357135253e-02,2.909377262678143963e-02,2.907009134696056721e-02,2.903058442417261881e-02,2.897313405972479217e-02,2.886751249938352554e-02,2.849787249659353067e-02,2.743120550218557108e-02,2.406362807571952797e-02,1.872586439206723116e-02,1.488281414130664115e-02,1.327482053020562214e-02
0.000000000000000000e+00,2.675338228451308196e-04,8.528736781294835338e-04,1.229057402703490542e-03,1.311531636757977187e-03,1.351729190518810228e-03,1.367830202223119978e-03,1.367866852897272473e-03,1.367903503493069677e-03,1.367940154204377130e-03,1.367976805316677407e-03,1.368013456336763687e-03,1.368050107129494290e-03,1.368086757930847986e-03,1.368123408912506238e-03,1.368160059896944385e-03,1.368196710793548494e-03,1.368233361832659487e-03,1.368270012661586396e-03,1.368306663235812747e-03,1.368343313930824425e-03,1.368379964626765481e-03,1.368416615365128982e-03,1.368453266402400084e-03,1.368489917486057474e-03,1.368526568261439758e-03,1.368563218770893920e-03,1.368599869039821082e-03,1.368636519711748144e-03,1.368673171091384488e-03,1.368709822228932147e-03,1.368746473068544953e-03,1.368783124031655975e-03,1.368819774862286599e-03,1.368856425747786527e-03,1.368893076995187936e-03,1.368929728088854247e-03,1.368966378759376617e-03,1.369003029467098830e-03,1.369039680496816295e-03,1.369076331594791876e-03,1.369112983923786216e-03,1.369149641036318272e-03,1.369186301411394208e-03,1.369222954967327238e-03,1.369259600557389467e-03,1.369296251334919988e-03,1.369332917412697257e-03,1.369369613499956404e-03,1.369406420982136616e-03,1.369446420884401191e-03,1.369502521635778064e-03,1.369597456286508969e-03,1.369734876113221089e-03,1.369786142272760203e-03,6.884335438275634989e-01,4.156198869786137173e+00,1.202597800381162330e+01,2.379636122699746181e+01,3.721797226717080775e+01,4.891240198726607247e+01,5.839246606967949305e+01,6.589572113596014447e+01,6.729025553919409219e+01,6.199287044862050777e+01,5.537145843657933852e+01,5.069406372808479233e+01,4.761844708565175921e+01,4.492652656827382174e+01,4.144293810582912840e+01,3.628695234903207023e+01,3.064424396403160245e+01,2.644520334908262527e+01,2.251432037235550254e+01,1.671867618598548688e+01,1.041993696618300547e+01,6.076512263450143614e+00,3.354911090692305642e+00,1.317367961780599783e+00,2.388618726477294008e-01,1.364263633967149501e-03,1.363639411158410527e-03,1.363435766308225940e-03,1.363391959655440655e-03,1.363397524361769416e-03,1.363400229037320865e-03,1.363386687844972672e-03,1.363368349738119543e-03,1.363302962165401869e-03,1.363171704627451483e-03,1.362301749818454512e-03,1.358644586628613739e-03,1.352440180676775733e-03,1.344744319232468515e-03,1.327526943972645156e-03,1.253193509308663488e-03,1.159045678036040115e-03,1.067576199485427077e-03,9.359222611422917662e-04,6.871800773198518189e-04
0.000000000000000000e+00,8.661545458538350614e-05,6.833869039985408659e-04,2.401867790583775333e-03,4.422319045627385627e-03,6.589379454623955044e-03,8.616081796329069786e-03,9.454707240829604217e-03,9.621564389238154713e-03,9.689433270635251089e-03,9.757302152149621710e-03,9.825171033534455325e-03,9.893039914883137304e-03,9.960908796091363926e-03,1.002877767717473730e-02,1.009664655841424619e-02,1.016451543969491139e-02,1.023238432082062069e-02,1.030025320201397900e-02,1.036812208323381786e-02,1.043599096434937208e-02,1.050385984558620950e-02,1.057172872701806106e-02,1.063959760840481848e-02,1.070746648977528165e-02,1.077533537109464160e-02,1.084320425250128242e-02,1.091107313375441583e-02,1.097894201480298197e-02,1.104681089622180576e-02,1.111467977762041308e-02,1.118254865862508204e-02,1.125041753981457192e-02,1.131828642125804960e-02,1.138615530262355839e-02,1.145402418388839251e-02,1.152189306504978680e-02,1.158976194619062462e-02,1.165763082737716547e-02,1.172549970902394406e-02,1.179336859098651172e-02,1.186123747266197570e-02,1.192910635434633708e-02,1.199697523707909941e-02,1.206484412513986540e-02,1.213271304470408922e-02,1.220058217387263999e-02,1.226845210553807047e-02,1.233632395058531159e-02,1.240420181758043749e-02,1.247209960479872537e-02,1.254002846192317847e-02,1.260798343971598207e-02,1.493530173823746088e-01,1.646793848895240053e+00,4.872679119358110711e+00,8.589163047598800560e+00,1.459004795222826978e+01,2.559720502892434979e+01,3.983587731549444300e+01,4.630484369585201421e+01,5.147468233382573999e+01,7.269582829097677745e+01,8.645030775630175413e+01,8.179587435917507321e+01,7.594516614885051808e+01,6.333066240780624412e+01,4.394492276729373970e+01,3.329671837507927989e+01,3.172813777396878265e+01,3.411330896156651704e+01,4.070232218022432136e+01,4.801170631848246018e+01,5.252748908838922404e+01,5.128781724598912461e+01,4.634857644122826770e+01,3.894770405812340641e+01,2.867346954709237750e+01,1.912995967962963917e+01,1.224716109071587233e+01,7.033984996835235037e+00,3.216583460922229243e+00,1.084747354670854147e+00,1.664810052680602281e-01,1.270302458867543418e-03,1.336705164052869477e-03,1.400671813376099147e-03,1.464726870466004360e-03,1.531197922512576946e-03,1.596214400819901671e-03,1.654050263482449625e-03,1.706690374392557177e-03,1.763344364918166020e-03,1.807217724825713624e-03,1.778732940340161089e-03,1.656204839191209458e-03,1.854404927380134960e-03,1.770988677529580215e-03,4.491626612548267400e-04,-1.932280952983533211e-03
0.000000000000000000e+00,0.000000000000000000e+00,0.000000000000000000e+00,0.000000000000000000e+00,0.000000000000000000e+00,0.000000000000000000e+00,0.000000000000000000e+00,0.000000000000000000e+00,0.000000000000000000e+00,0.000000000000000000e+00,0.000000000000000000e+00,0.000000000000000000e+00,0.000000000000000000e+00,0.000000000000000000e+00,0.000000000000000000e+00,0.000000000000000000e+00,0.000000000000000000e+00,0.000000000000000000e+00,0.000000000000000000e+00,0.000000000000000000e+00,0.000000000000000000e+00,0.000000000000000000e+00,0.000000000000000000e+00,0.000000000000000000e+00,0.000000000000000000e+00,0.000000000000000000e+00,0.000000000000000000e+00,0.000000000000000000e+00,0.000000000000000000e+00,0.000000000000000000e+00,0.000000000000000000e+00,0.000000000000000000e+00,0.000000000000000000e+00,0.000000000000000000e+00,0.000000000000000000e+00,0.000000000000000000e+00,0.000000000000000000e+00,0.000000000000000000e+00,0.000000000000000000e+00,0.000000000000000000e+00,0.000000000000000000e+00,0.000000000000000000e+00,0.000000000000000000e+00,0.000000000000000000e+00,0.000000000000000000e+00,0.000000000000000000e+00,0.000000000000000000e+00,0.000000000000000000e+00,0.000000000000000000e+00,0.000000000000000000e+00,0.000000000000000000e+00,0.000000000000000000e+00,0.000000000000000000e+00,0.000000000000000000e+00,0.000000000000000000e+00,0.000000000000000000e+00,0.000000000000000000e+00,0.000000000000000000e+00,0.000000000000000000e+00,0.000000000000000000e+00,0.000000000000000000e+00,0.000000000000000000e+00,0.000000000000000000e+00,0.000000000000000000e+00,0.000000000000000000e+00,0.000000000000000000e+00,0.000000000000000000e+00,0.000000000000000000e+00,0.000000000000000000e+00,0.000000000000000000e+00,0.000000000000000000e+00,0.000000000000000000e+00,0.000000000000000000e+00,0.000000000000000000e+00,0.000000000000000000e+00,0.000000000000000000e+00,0.000000000000000000e+00,0.000000000000000000e+00,0.000000000000000000e+00,0.000000000000000000e+00,0.000000000000000000e+00,0.000000000000000000e+00,0.000000000000000000e+00,0.000000000000000000e+00,0.000000000000000000e+00,0.000000000000000000e+00,0.000000000000000000e+00,0.000000000000000000e+00,0.000000000000000000e+00,0.000000000000000000e+00,0.000000000000000000e+00,0.000000000000000000e+00,0.000000000000000000e+00,0.000000000000000000e+00,0.000000000000000000e+00,0.000000000000000000e+00,0.000000000000000000e+00,0.000000000000000000e+00,0.000000000000000000e+00,0.000000000000000000e+00
0.000000000000000000e+00,1.632835561574771352e-06,1.329306441873072354e-03,4.743500746567373347e-03,7.745879328018605119e-03,8.890690229446721743e-03,9.213652837628202169e-03,9.327593062536963797e-03,9.352007173564342440e-03,9.356468585032744201e-03,9.358079459036853717e-03,9.359690352694058357e-03,9.361301352072750118e-03,9.362912488280503848e-03,9.364523797130198252e-03,9.366135319165922249e-03,9.367747098825127822e-03,9.369359183122228166e-03,9.370971623110048443e-03,9.372584475033408219e-03,9.374197799400067754e-03,9.375811468899528101e-03,9.377424818748217317e-03,9.379037084571342775e-03,9.380648312763620669e-03,9.382259105903047181e-03,9.383869828835097321e-03,9.385480548106684903e-03,9.387091264038817037e-03,9.388701978105319992e-03,9.390312691080709637e-03,9.391923402017120920e-03,9.393534109577385618e-03,9.395144813611672197e-03,9.396755515595526034e-03,9.398366216592526912e-03,9.399976916455162618e-03,9.401587615294793726e-03,9.403198313140447365e-03,9.404809011892261567e-03,9.406419741953010380e-03,9.408030633100698120e-03,9.409641883693885267e-03,9.411253500599233573e-03,9.412865275762714173e-03,9.414477413497764763e-03,9.416090777894859862e-03,9.417706960529839341e-03,9.419345429629926228e-03,9.421227982584979427e-03,9.424674730616014809e-03,2.486400002894131878e-01,1.297186006987329554e+00,3.263615174633936800e+00,5.546333232722624906e+00,8.356495487533992517e+00,1.432587600963136687e+01,2.452625882984201411e+01,3.548373379496516833e+01,4.490866844126409063e+01,4.629526688558075165e+01,4.272748589597830460e+01,4.726568190350953103e+01,5.351483034706257058e+01,5.642457799029198640e+01,5.739558312676396667e+01,5.184874742988835550e+01,4.356137517068693654e+01,3.930421147442409335e+01,4.111202217813045934e+01,4.547816999841145247e+01,4.528148685851623156e+01,4.308915901124673553e+01,4.530027536813804545e+01,4.804336138810995038e+01,4.569306185888939353e+01,4.042886131708858244e+01,3.593082356985328829e+01,3.063095965556888345e+01,2.218881807014495067e+01,1.169144711400667802e+01,3.658296131102376503e+00,5.444819644483420706e-01,3.961004696464534569e-02,9.156229054679155405e-03,9.156312624877278178e-03,9.152970355494800120e-03,9.145345211902265736e-03,9.135445297964440298e-03,9.125997741315814565e-03,9.116911999481664211e-03,9.103425746071657637e-03,9.060861723760806410e-03,8.960597142624178793e-03,8.681323424288766785e-03,7.827283946862911845e-03,6.607545738814861978e-03,5.815060427130084274e-03,5.333638290305314431e-03,5.193651119714228631e-03
0.000000000000000000e+00,1.459619232135473061e-03,3.891809326432710704e-03,6.329590053891206124e-03,9.409197169085031787e-03,1.144996352692952829e-02,1.187633263467193466e-02,1.187722141964497879e-02,1.187811020493395250e-02,1.187899898998191414e-02,1.187988777487226921e-02,1.188077655984153339e-02,1.188166534486150006e-02,1.188255413008743391e-02,1.188344291549896757e-02,1.188433170044679230e-02,1.188522048516170784e-02,1.188610927011453378e-02,1.188699805473327278e-02,1.188788683915175011e-02,1.188877562402548653e-02,1.188966440914235832e-02,1.189055319416224346e-02,1.189144197927828779e-02,1.189233076464022570e-02,1.189321954992898951e-02,1.189410833476405721e-02,1.189499711980158969e-02,1.189588590508659956e-02,1.189677469004777124e-02,1.189766347493192468e-02,1.189855226004423588e-02,1.189944104529721755e-02,1.190032983047247840e-02,1.190121861558158037e-02,1.190210740075351922e-02,1.190299618605046572e-02,1.190388497125541983e-02,1.190477375639737920e-02,1.190566254168973735e-02,1.190655132694270514e-02,1.190744011224348364e-02,1.190832889970132660e-02,1.190921769699439074e-02,1.191010655852127106e-02,1.191099590746520082e-02,1.191188686463606240e-02,1.191278113525678917e-02,1.191368850224075113e-02,1.191463421107992991e-02,1.191561306081619434e-02,1.191662796908778653e-02,3.606633527612120860e-01,1.726308380917577878e+00,4.371848106732545425e+00,8.538817096532245188e+00,1.528801825765217792e+01,2.600703959316414071e+01,3.395617216817841921e+01,3.835088653102629763e+01,5.285403763598856841e+01,6.731095315993833594e+01,6.446048626712654084e+01,5.596654832486126452e+01,4.799375708452373601e+01,3.584526551475646983e+01,2.659997351762426732e+01,2.363563307112987033e+01,2.455653803850254491e+01,3.062179523346171095e+01,4.014363411737927123e+01,4.858933568415996973e+01,5.349277694867434008e+01,5.588687963920114754e+01,5.580347662565667832e+01,5.138018260676515325e+01,4.314953226039753531e+01,3.368084874337807122e+01,2.559173720576002609e+01,1.886444925235468162e+01,1.159503213966788238e+01,5.111213304947534120e+00,1.685639941086722660e+00,4.314879899647188766e-01,5.615793241796189494e-02,1.175572058716348352e-02,1.175392002075579048e-02,1.175378134151546308e-02,1.174739260277653935e-02,1.172971935145284555e-02,1.171239007169701252e-02,1.170320874459753607e-02,1.164601599771639476e-02,1.145402533494147869e-02,1.118487754344366612e-02,1.102378961550358645e-02,1.046986614752445574e-02,8.115991303767750020e-03,4.763705328561943300e-03,4.311268833525232387e-03
0.000000000000000000e+00,3.535330920997848211e-06,1.807498557611355656e-05,7.501367855743804915e-04,4.789443426390434244e-03,1.357299643821768299e-02,2.274809991758935945e-02,2.732122748332362766e-02,2.818463628439100629e-02,2.818832873224152297e-02,2.819201007063596581e-02,2.819564821246203778e-02,2.819922642302179899e-02,2.820277078064331935e-02,2.820630730358683266e-02,2.820984321982379639e-02,2.821337888864544965e-02,2.821691435306001791e-02,2.822044963075814525e-02,2.822398471083704258e-02,2.822751959084640952e-02,2.823105430940403560e-02,2.823458891508538043e-02,2.823812342661246796e-02,2.824165784909631050e-02,2.824519218902614079e-02,2.824872644146031800e-02,2.825226059790108060e-02,2.825579467044054410e-02,2.825932868540710977e-02,2.826286265619472327e-02,2.826639657794717195e-02,2.826993044272539321e-02,2.827346424810126338e-02,2.827699798917725563e-02,2.828053165240954417e-02,2.828406523080049390e-02,2.828759873566270497e-02,2.829113218644727784e-02,2.829466560216482504e-02,2.829819899749590195e-02,2.830173237661492286e-02,2.830526573546682592e-02,2.830879906917527569e-02,2.831233237465066374e-02,2.831586565361304125e-02,2.831939891557268274e-02,2.832293217449669692e-02,2.832646547474506477e-02,2.832999895522003014e-02,2.833353295979612954e-02,2.833706958164516551e-02,2.834060712011967492e-02,7.567615812997004199e-02,5.238477169317193871e-01,2.348016179890838551e+00,7.020752752251528506e+00,1.497385212379743180e+01,2.353256527867781145e+01,2.892605436968102950e+01,3.305096678321375947e+01,4.068862206680216786e+01,5.109075692975810057e+01,6.176965262862958639e+01,6.985832348088621302e+01,7.024658424036901749e+01,6.165449773259545196e+01,5.029134523768583875e+01,4.294671804158819128e+01,3.847099527142756870e+01,3.481892279759147613e+01,3.494829263734989411e+01,4.080257850760012417e+01,4.674894262111511267e+01,4.600866948946427470e+01,4.182301098334858125e+01,3.774789129827264134e+01,3.270747029430867059e+01,2.634405926269215570e+01,1.828499924092831108e+01,9.616016855738656943e+00,3.212692564990558886e+00,4.993406239493081156e-01,2.774593946727270735e-02,2.774921130522521942e-02,2.775177514658026812e-02,2.775315044759398345e-02,2.775427477527784778e-02,2.775582108863710457e-02,2.775545303561258170e-02,2.775030610510133625e-02,2.773838628747913107e-02,2.771443557342410241e-02,2.767168329525235282e-02,2.759738859543445222e-02,2.740135926661027219e-02,2.678088616297433222e-02,2.483470411938808881e-02,2.034708016450515952e-02,1.453645621705705951e-02
0.000000000000000000e+00,1.248840861153050104e-03,2.905731663864980288e-03,3.548744258718821917e-03,3.956268181179712490e-03,4.295008128445633802e-03,4.539892722030659453e-03,4.657626411311374497e-03,4.696657226505896419e-03,4.721369803884616426e-03,4.746079429635901778e-03,4.770788749131891701e-03,4.795498037026442277e-03,4.820207314348643433e-03,4.844916590788396829e-03,4.869625866548327707e-03,4.894335136072859235e-03,4.919044397747758361e-03,4.943753651891850780e-03,4.968462898139971128e-03,4.993172136699600139e-03,5.017881369454340462e-03,5.042590598395326786e-03,5.067299823904341388e-03,5.092009045955764139e-03,5.116718265251183131e-03,5.141427482403778011e-03,5.166136697959703046e-03,5.190845910997968389e-03,5.215555121344705308e-03,5.240264330198612062e-03,5.264973537211212196e-03,5.289682742968997500e-03,5.314391948025958858e-03,5.339101151771398143e-03,5.363810354299480485e-03,5.388519555315901370e-03,5.413228755015057382e-03,5.437937956129727801e-03,5.462647161898388087e-03,5.487356374804592402e-03,5.512065599669171111e-03,5.536774836329594503e-03,5.561484069410769886e-03,5.586193295877360521e-03,5.610902568094638249e-03,5.635612051650854513e-03,5.660322217443118815e-03,5.685034145219786117e-03,5.709748787033315856e-03,5.734463969199096386e-03,5.759173343569055394e-03,5.783875032550476157e-03,5.808581593962170407e-03,9.744388479321217100e-02,9.767316928012749200e-01,2.984077073609123332e+00,7.802082440169069599e+00,1.746140533111765336e+01,3.136558676452917638e+01,4.749051923561015087e+01,6.247855215310060117e+01,7.302960876413904145e+01,7.823887982705312538e+01,7.975777707070497513e+01,7.654991083755612635e+01,6.938959485598587662e+01,6.395779750147644904e+01,6.151577670669602327e+01,5.866351288631652494e+01,5.399075239508438528e+01,4.783905121343139655e+01,4.075863639888092393e+01,3.529077985425983854e+01,3.352871047852096353e+01,3.456389885310798604e+01,3.543303483413387767e+01,3.462597142486487201e+01,3.135803115270125474e+01,2.384482030501255068e+01,1.451564776556048031e+01,8.043336724330881538e+00,4.386460697701344280e+00,1.875263572015567703e+00,4.714058463568445156e-01,5.064268094298932793e-02,1.704533640707341395e-03,1.727440106119572773e-03,1.750773542058095848e-03,1.769560959620325360e-03,1.787349267217823532e-03,1.809109266749804471e-03,1.815626986696639630e-03,1.794584042320277167e-03,1.769972000303106797e-03,1.618881313256630237e-03,2.445496107476584401e-04,6.273784759564843445e-04,8.006682757969787187e-04,-1.317436942480416798e-03
0.000000000000000000e+00,3.762345035968312585e-04,3.564243460650506380e-03,1.006349193423623431e-02,3.300677898777383545e-02,6.698559013672920892e-02,8.465512229825709889e-02,8.762668549879841506e-02,8.765171442141331259e-02,8.765174145557089180e-02,8.765176859593137859e-02,8.765179598618481893e-02,8.765182350229540342e-02,8.765185103836505010e-02,8.765187857440558117e-02,8.765190611030830581e-02,8.765193364608932225e-02,8.765196118210320797e-02,8.765198871818948023e-02,8.765201625415322551e-02,8.765204378999606749e-02,8.765207132593495765e-02,8.765209886201084932e-02,8.765212639804197126e-02,8.765215393393134546e-02,8.765218146991270165e-02,8.765220900609316246e-02,8.765223654206526216e-02,8.765226407777582107e-02,8.765229161409870962e-02,8.765231915027317522e-02,8.765234668595539569e-02,8.765237422189040006e-02,8.765240175770716569e-02,8.765242929362170032e-02,8.765245682977496067e-02,8.765248436768927065e-02,8.765251191271081210e-02,8.765253947743560647e-02,8.765256708042490352e-02,8.765259468864818049e-02,8.765262226662826062e-02,8.765264988096817256e-02,8.765267782956653875e-02,8.765270701595991032e-02,8.765274042838881730e-02,8.765278271970788904e-02,8.765284165152364970e-02,8.765296635478751763e-02,8.765321359144565005e-02,8.765348824057082877e-02,2.727313920626822652e-01,1.201439396675674454e+00,3.821880130757894012e+00,8.463902228955618057e+00,1.378709024606692957e+01,1.875575839550090862e+01,2.503437039962933142e+01,3.563582795008300508e+01,4.998879849224736915e+01,6.324814876000223052e+01,7.071338803746279211e+01,6.937999188199991352e+01,6.411317544743228325e+01,6.084910227762048152e+01,5.806160885386175607e+01,5.516973433594291265e+01,5.163402262789007580e+01,4.678226686040002846e+01,4.392296978963005927e+01,4.249053941815269297e+01,3.906463364124344650e+01,3.517570276193980305e+01,3.393686608447035269e+01,3.592405238947841895e+01,3.766255114981969143e+01,3.645785901147925756e+01,3.236208608977184298e+01,2.619621136342565393e+01,1.999942994215428982e+01,1.482292319372646183e+01,9.677776869352362255e+00,4.492699879049581568e+00,1.187735949524386658e+00,1.949495444874593808e-01,8.764115744133328667e-02,8.763262349533379458e-02,8.760864430684231485e-02,8.756763561737526680e-02,8.750629922516210690e-02,8.740007484942843852e-02,8.719340513017771743e-02,8.684331185043059342e-02,8.578757359344979516e-02,8.376111216780866842e-02,7.979558027221797523e-02,7.426633676371045822e-02,6.241213513349608971e-02,6.598140647427215566e-02,7.710052778840074950e-02
0.000000000000000000e+00,1.596857840172426560e-03,6.080563849802991631e-03,1.026003025913705020e-02,1.155264849987137216e-02,1.155396245860170444e-02,1.155527642104750910e-02,1.155659038334086106e-02,1.155790434159810649e-02,1.155921829714234156e-02,1.156053225220192784e-02,1.156184620736972965e-02,1.156316016264331142e-02,1.156447411772277244e-02,1.156578807252466728e-02,1.156710202739748630e-02,1.156841598233540776e-02,1.156972993707078810e-02,1.157104389149331107e-02,1.157235784595455307e-02,1.157367180078135854e-02,1.157498575595762060e-02,1.157629971120151431e-02,1.157761366665965852e-02,1.157892762185708246e-02,1.158024157661988532e-02,1.158155553191940468e-02,1.158286948711847314e-02,1.158418344232725085e-02,1.158549739793560476e-02,1.158681135303838913e-02,1.158812530814726065e-02,1.158943926325016471e-02,1.159075321821740126e-02,1.159206717382617671e-02,1.159338112926594500e-02,1.159469508403031604e-02,1.159600903890996640e-02,1.159732299416792178e-02,1.159863694974403933e-02,1.159995090635561159e-02,1.160126486591644794e-02,1.160257886105484255e-02,1.160389325229339158e-02,1.160520897895570870e-02,1.160652643836660239e-02,1.160784740082835415e-02,1.160918029320845250e-02,1.161052633357120140e-02,1.161186672830927767e-02,1.161321125450885672e-02,1.161464093186303365e-02,1.161625725398953909e-02,1.161804082525939689e-02,5.771344946453665914e-01,3.003676438745689570e+00,6.661569528803979345e+00,1.140851948540239391e+01,2.189644571327932709e+01,3.489378197052819530e+01,3.899965724389254973e+01,3.731821889015230198e+01,3.654056613281716182e+01,3.266723621520812060e+01,2.941800215852734723e+01,3.271745405655344285e+01,3.946619544753212949e+01,4.737069359870689311e+01,5.485867712576937549e+01,5.958459775276030967e+01,6.108317619313434221e+01,6.066866534514348785e+01,6.007912510774806236e+01,5.920733634727762507e+01,5.695820452002599410e+01,5.294551095517272188e+01,4.742673305374932369e+01,3.938443613928522780e+01,2.883559250021569653e+01,1.977053937111114834e+01,1.359794990206732201e+01,7.949932979876423111e+00,3.142924146876993063e+00,7.625022011905970842e-01,1.292672210649483122e-01,1.800520366421286267e-02,1.138770635240424038e-02,1.137880362953459269e-02,1.137238730354190111e-02,1.136543357639378804e-02,1.134019753968621910e-02,1.128646314849405564e-02,1.121689881925737667e-02,1.136630061370683988e-02,1.087775890295867090e-02,8.805379182971790827e-03,6.363941721262237131e-03,5.133884005020285420e-03,4.625908903024510826e-03,3.617344390573107912e-03
0.000000000000000000e+00,7.466630800723099513e-04,1.558652393599379866e-03,2.521964902882579268e-03,4.290218887740099470e-03,5.510632924556929831e-03,6.180358953740925157e-03,6.651335044777774777e-03,6.819839899076356182e-03,6.839392330930156236e-03,6.841836297989558821e-03,6.841836205511679300e-03,6.841836113223522149e-03,6.841836020763694161e-03,6.841835928303006617e-03,6.841835836053153028e-03,6.841835743827554342e-03,6.841835651746511031e-03,6.841835559590971755e-03,6.841835467119493364e-03,6.841835374611923183e-03,6.841835282084351641e-03,6.841835189655861432e-03,6.841835097355253303e-03,6.841835005039378741e-03,6.841834912784243786e-03,6.841834820407216751e-03,6.841834727932660960e-03,6.841834635586718436e-03,6.841834543390133000e-03,6.841834450868316403e-03,6.841834358179350525e-03,6.841834265652759969e-03,6.841834173199395561e-03,6.841834080890720100e-03,6.841833988771389707e-03,6.841833896551102745e-03,6.841833804119324368e-03,6.841833711724061053e-03,6.841833619604694230e-03,6.841833527784616648e-03,6.841833436762505792e-03,6.841833347656005836e-03,6.841833271295541877e-03,6.841833294579877274e-03,6.841833440813223886e-03,6.841833586009054072e-03,6.841834112528709204e-03,6.841835083855003774e-03,6.841836688569043375e-03,6.844337599177212003e-03,6.798715261006772481e-01,1.923561432416714068e+00,3.415218233533666492e+00,5.310556076994273234e+00,7.779067106509804042e+00,1.077811513984535985e+01,1.408357129488021009e+01,1.777159999521907707e+01,2.180386705034954176e+01,2.532134634720723909e+01,2.839581922068085618e+01,3.073663456018476481e+01,3.186105376117595611e+01,3.392198797806516097e+01,3.677462227511914961e+01,3.867496289148668609e+01,3.957294831389598500e+01,3.978810256887721408e+01,3.907585460982004122e+01,3.880632875851991059e+01,3.955780441040725037e+01,4.092402508946086925e+01,4.259885284302178832e+01,4.370410935160158061e+01,4.180024742238881430e+01,3.659717206348908292e+01,3.044127716970190178e+01,2.412181195211670470e+01,1.911776324257643012e+01,1.476669874382503700e+01,1.015453014470382520e+01,6.155597080145240874e+00,3.105452375393443987e+00,1.125643373894084753e+00,2.351084672517445018e-01,2.467209399040804635e-02,6.838602647835063421e-03,6.836854851291705379e-03,6.833294288356286071e-03,6.822620795048483372e-03,6.797642451860366405e-03,6.738356920750615542e-03,6.567402859979164231e-03,6.145251334191867768e-03,5.662136613242850502e-03,4.737042719782410226e-03,4.061572754847076611e-03,4.481761909227588957e-03,4.342449055241401693e-03
0.000000000000000000e+00,3.981351388301046859e-03,1.109902448838150438e-02,3.538966855424188762e-02,6.654687962590576100e-02,7.783369546809867923e-02,7.970718903302533020e-02,8.029679535294412251e-02,8.029682200859669661e-02,8.029676952116723831e-02,8.029668524496652582e-02,8.029661458136314045e-02,8.029658316319199240e-02,8.029657716899278597e-02,8.029657694189265560e-02,8.029657695982830856e-02,8.029657697794588544e-02,8.029657699598452547e-02,8.029657701405509829e-02,8.029657703192437379e-02,8.029657704991803591e-02,8.029657706828562114e-02,8.029657708642233549e-02,8.029657710414604688e-02,8.029657712219602506e-02,8.029657714060181584e-02,8.029657715843521726e-02,8.029657717614030465e-02,8.029657719474411759e-02,8.029657721292035588e-02,8.029657723090323496e-02,8.029657724889456560e-02,8.029657726657433992e-02,8.029657728493018454e-02,8.029657730325451270e-02,8.029657732316529406e-02,8.029657734960887749e-02,8.029657739353501800e-02,8.029657746973424548e-02,8.029657754067025255e-02,8.029657758288755165e-02,8.029657765256341395e-02,8.029657785839808271e-02,8.029657891283537019e-02,8.029658420050052314e-02,8.029659794076771107e-02,8.029662792961100859e-02,8.029672533340126428e-02,8.029693172935215006e-02,8.029715728481043313e-02,8.029730639062553077e-02,8.029753802182826306e-02,5.937745783052570392e-01,2.401535171880603947e+00,5.868374645920859223e+00,1.009869217888424586e+01,1.608931801755554503e+01,2.608794004272340672e+01,3.769340144985509511e+01,4.831557590299589577e+01,5.494889497620292929e+01,5.018380565406890526e+01,4.098038977760717216e+01,3.592953816836148206e+01,3.350369211647297618e+01,3.541014530965784246e+01,3.908104719787834824e+01,3.954288018676925276e+01,3.777795476860004698e+01,3.451689263787874040e+01,2.978012131575098920e+01,2.681960538776340996e+01,2.636166885109168589e+01,2.689623786863432997e+01,2.701464017199214496e+01,2.737223426006873339e+01,2.660420868049941490e+01,2.445569159971967821e+01,2.262372033275843819e+01,1.910041198322199207e+01,1.299245038862933477e+01,7.113959415234455186e+00,3.370991657858602775e+00,1.283419275754057898e+00,3.242139585731773077e-01,8.028957573889268506e-02,8.026351323030268825e-02,8.022388826445404908e-02,8.016667998176635335e-02,8.006597614638671923e-02,7.987995462364495813e-02,7.956605560137748612e-02,7.888657902646853404e-02,7.739453751918745628e-02,7.342191011719405302e-02,6.750641136489503313e-02,5.668130316720730588e-02,6.301141653379234431e-02,7.025634207743346182e-02,5.204331909404946721e-02
0.000000000000000000e+00,2.647397356569129809e-03,6.922048574840354226e-03,8.869141682886392056e-03,1.010874261803487370e-02,1.219878151576529214e-02,1.387383056888657172e-02,1.445633796494163320e-02,1.453407351675133422e-02,1.453969880557257587e-02,1.454532409454513744e-02,1.455094938327477355e-02,1.455657467190861129e-02,1.456219996068652128e-02,1.456782524932807507e-02,1.457345053787868078e-02,1.457907582668991481e-02,1.458470111574191458e-02,1.459032640470998669e-02,1.459595169347631394e-02,1.460157698228702755e-02,1.460720227093692536e-02,1.461282755948897956e-02,1.461845284819648233e-02,1.462407813670702460e-02,1.462970342549924432e-02,1.463532871447144508e-02,1.464095400318519632e-02,1.464657929196868692e-02,1.465220458075325652e-02,1.465782986975192222e-02,1.466345515854917091e-02,1.466908044701132306e-02,1.467470573559994523e-02,1.468033102443132461e-02,1.468595631323025945e-02,1.469158160219311525e-02,1.469720689179893590e-02,1.470283218298224642e-02,1.470845747875156387e-02,1.471408278627309510e-02,1.471970811235805317e-02,1.472533347612000297e-02,1.473095911818177867e-02,1.473658572633145501e-02,1.474221360379454615e-02,1.474784161736817853e-02,1.475346940784077326e-02,1.475910071564052149e-02,1.476474764832452942e-02,3.990307802362171030e-02,1.176135543280118601e+00,4.162299481926627465e+00,7.676752202245633150e+00,1.091406784979096400e+01,1.391223834166124007e+01,1.678017240048759007e+01,1.908586567424634239e+01,1.987531081522849874e+01,2.046043768964069542e+01,2.256144553890620941e+01,2.488367140405874522e+01,2.973737833046133616e+01,3.676752852068371169e+01,4.064514031423545504e+01,4.109570112467577019e+01,4.276378106183959460e+01,4.889771282501238403e+01,5.556827160388126430e+01,5.950951408015566813e+01,6.155179376013672510e+01,6.381335314616930532e+01,6.391158478263788822e+01,5.926864635031755313e+01,5.305035448420303368e+01,4.746662839926456456e+01,4.374030298597665478e+01,4.101813154449851595e+01,3.633035399496780116e+01,2.850097204463541800e+01,1.944839052864445250e+01,1.085940008032493864e+01,4.493425972585884054e+00,1.473682054788639118e+00,3.371803909110431263e-01,4.432055823528018718e-02,1.383496949323834678e-02,1.383287708971721493e-02,1.382847140453943510e-02,1.381890327564582951e-02,1.378954754587424260e-02,1.374377311172373869e-02,1.362151390680093471e-02,1.327931128048762989e-02,1.197289426843771952e-02,1.218961067218951241e-02,1.066363298752136951e-02,5.802944805715477827e-03,6.561997320489833425e-03,7.871279242483306127e-03
0.000000000000000000e+00,2.022537159816929688e-03,5.028347390903162122e-03,6.880133736462354724e-03,8.635339597228791284e-03,9.959300841964160642e-03,1.046577540137917997e-02,1.055207583781977813e-02,1.056917089262916255e-02,1.058626015556030607e-02,1.060335013357537395e-02,1.062044105317517216e-02,1.063753317296990686e-02,1.065462678445209047e-02,1.067172221156423295e-02,1.068881980899559839e-02,1.070591996258012449e-02,1.072302309060612149e-02,1.074012964500961620e-02,1.075724010891821077e-02,1.077435470942243213e-02,1.079147322930536917e-02,1.080859378706323579e-02,1.082570933109490603e-02,1.084281262786025886e-02,1.085990558226809267e-02,1.087699474450487362e-02,1.089408338858492697e-02,1.091117201023966005e-02,1.092826061109294054e-02,1.094534919373208078e-02,1.096243775747866508e-02,1.097952629722583062e-02,1.099661480872766994e-02,1.101370329902250957e-02,1.103079177813974521e-02,1.104788024873916245e-02,1.106496870937829537e-02,1.108205715942679227e-02,1.109914563764123618e-02,1.111623429510516861e-02,1.113332326114954869e-02,1.115041238496358202e-02,1.116750151452550015e-02,1.118459114573097830e-02,1.120168200465729638e-02,1.121877559385769593e-02,1.123589940730982881e-02,1.125335418294205747e-02,1.127275396302735398e-02,3.701076028260322781e-01,1.524320176134772664e+00,3.087548571197078484e+00,4.445623599007659799e+00,5.690725469582298857e+00,9.101371096509666359e+00,1.646774313949215340e+01,2.581503075216025778e+01,3.431745482654498147e+01,3.869922175935680997e+01,4.580112087831800949e+01,5.689961889174249876e+01,6.386426458221395563e+01,6.707684873722064367e+01,5.995750572459751027e+01,4.682071941626214340e+01,4.216269981417359247e+01,4.503725925206688885e+01,4.913397525419805589e+01,5.013065100406389263e+01,4.861894768169562298e+01,5.053060612358729742e+01,5.512795029746199305e+01,5.679968079820613980e+01,5.281424154492455614e+01,4.566028342880690616e+01,3.808344170531731976e+01,2.945994477161269742e+01,2.035792499753374685e+01,1.208955023178304522e+01,6.123747514987009311e+00,2.419733280892138350e+00,6.049345054882843131e-01,7.245864139927191139e-02,8.465865864975578511e-03,8.477348658190759709e-03,8.486200380411208777e-03,8.494776241613445286e-03,8.504466772367776095e-03,8.511891068831713494e-03,8.512027891685966519e-03,8.473947020263139160e-03,8.390656652365026391e-03,8.088256651311846734e-03,7.166015243870025274e-03,6.421316535159290843e-03,6.082166853553428419e-03,5.426816512186860737e-03,5.239336889031559127e-03,4.883588147977815236e-03
0.000000000000000000e+00,6.295501726914852318e-04,1.678132589134087582e-03,2.098293640693120292e-03,2.184044512547776359e-03,2.368449565740306066e-03,2.496450643374940014e-03,2.525769898910884721e-03,2.526892170771341279e-03,2.527993907724088250e-03,2.529075524779423462e-03,2.530149754845705673e-03,2.531222999993126572e-03,2.532296244985608475e-03,2.533369489926073827e-03,2.534442734587656794e-03,2.535515979606101436e-03,2.536589225068500413e-03,2.537662470042648891e-03,2.538735714728419975e-03,2.539808959642789448e-03,2.540882204547146098e-03,2.541955449490434713e-03,2.543028694740045569e-03,2.544101939757723464e-03,2.545175184513117240e-03,2.546248429525366317e-03,2.547321674477417454e-03,2.548394919353102160e-03,2.549468164678882556e-03,2.550541409799483329e-03,2.551614654606167241e-03,2.552687899665799422e-03,2.553761144750508333e-03,2.554834389754147544e-03,2.555907634823937399e-03,2.556980879954378390e-03,2.558054125111001130e-03,2.559127370196302449e-03,2.560200616575439032e-03,2.561273874168575829e-03,2.562347190586360471e-03,2.563420730724146404e-03,2.564494854742368959e-03,2.565569837584168872e-03,2.566645148002397875e-03,2.567719948935697372e-03,2.568795908761269380e-03,2.569882934207499883e-03,2.570996882702099653e-03,2.571973646305626172e-03,1.707671678964714501e-01,1.587228119344645361e+00,6.618848557348607997e+00,1.487969224418579550e+01,2.465834848483880037e+01,3.383134219466852244e+01,3.572189703229800273e+01,3.025234362750890327e+01,2.628065411289706788e+01,2.601261929416127217e+01,2.810015325383687212e+01,3.275289012620561380e+01,3.649237355347933232e+01,3.703344387573240226e+01,3.721534414308536753e+01,3.767482233996621943e+01,3.697141290957814874e+01,3.609601746457542504e+01,3.677013039376237202e+01,3.986776880611922280e+01,4.240898661456655816e+01,4.053858690054827463e+01,3.445728420210256360e+01,2.730599900692851989e+01,2.157677089221902733e+01,1.687287564714991106e+01,1.303714016733430370e+01,1.097349914854016895e+01,9.374731713145234124e+00,6.329946442875347579e+00,2.684417256868241175e+00,5.656836156564184481e-01,3.798151462996063321e-02,2.393532937649027730e-03,2.393274715639796910e-03,2.392851131831724015e-03,2.391239397123811131e-03,2.389251149479184894e-03,2.387440855145427782e-03,2.384357435018470608e-03,2.379640877959333413e-03,2.370321295680222380e-03,2.339973199033375251e-03,2.230566918612550843e-03,1.674081741242509436e-03,8.282912212547581012e-04,1.461559912705564634e-03,3.494124665772657852e-03,4.504165854585168334e-03
0.000000000000000000e+00,1.190915522540844346e-05,8.436043918085595235e-04,2.344083791489583353e-03,3.211288435080194171e-03,3.478147641434437259e-03,3.598246200734615818e-03,3.644928144620448399e-03,3.651861991758391726e-03,3.652528727813728927e-03,3.653193607625317141e-03,3.653856874556599913e-03,3.654519490159505168e-03,3.655181982613617611e-03,3.655844453326844053e-03,3.656506911145935949e-03,3.657169359144207908e-03,3.657831799074499554e-03,3.658494232915504140e-03,3.659156661411380740e-03,3.659819084210016050e-03,3.660481500999751385e-03,3.661143912312983355e-03,3.661806319972571964e-03,3.662468725518111187e-03,3.663131129210166030e-03,3.663793530799742959e-03,3.664455930507873500e-03,3.665118328828452943e-03,3.665780725533031217e-03,3.666443120409921749e-03,3.667105513616756695e-03,3.667767905324804002e-03,3.668430296164773129e-03,3.669092686617515114e-03,3.669755076379489344e-03,3.670417465206827524e-03,3.671079852806985889e-03,3.671742239306009011e-03,3.672404626654161928e-03,3.673067017594516467e-03,3.673729415225588431e-03,3.674391824188714614e-03,3.675054245631268444e-03,3.675716668846923038e-03,3.676379087636743367e-03,3.677041542957979608e-03,3.677704194647430074e-03,3.678367455509256711e-03,3.679032120529987515e-03,3.679699043516103732e-03,3.680367112503639144e-03,2.693586549461635116e-01,1.387077154501789700e+00,3.477278098811801499e+00,5.969572883088058113e+00,8.627006624956282010e+00,1.178789058873205597e+01,1.381217075702624442e+01,1.485662972337721044e+01,1.683324690057916584e+01,2.026985272224320056e+01,2.528473153884656810e+01,3.079232261108756674e+01,3.531634236813472683e+01,3.697024729395909048e+01,3.483792550365018315e+01,3.071101674813605698e+01,2.803417192502607591e+01,2.735171570030624366e+01,2.793684245658687715e+01,2.984083105660279145e+01,3.177450681666041632e+01,3.206979985866164640e+01,3.030918575236424317e+01,2.705420898457367329e+01,2.197660783935414130e+01,1.529260712755313811e+01,9.901396146463818937e+00,7.251523162442387260e+00,5.349781563579636412e+00,3.080245376159768789e+00,1.209189049161735863e+00,3.280036143150745764e-01,9.471353990374360710e-02,3.974728753445330720e-02,1.355094474872679464e-02,4.658649155722562399e-03,3.568808650688906972e-03,3.568632209811533132e-03,3.565214145065026541e-03,3.559382577121001420e-03,3.556223274146972334e-03,3.544879031526028661e-03,3.510366814716638344e-03,3.465354856880897318e-03,3.338394139377794632e-03,2.440182282317072873e-03,2.384216098637598723e-03,2.733512427916144800e-03
0.000000000000000000e+00,3.148897649344870357e-05,2.553314549152606739e-03,1.223486734243575680e-02,2.438564987605359655e-02,2.957245240246095946e-02,2.979968859271181492e-02,2.979970140382093291e-02,2.979971421458148598e-02,2.979972702456538947e-02,2.979973983445937183e-02,2.979975264464546081e-02,2.979976545508250182e-02,2.979977826539680422e-02,2.979979107526298243e-02,2.979980388511438774e-02,2.979981669526871393e-02,2.979982950573182784e-02,2.979984231623176300e-02,2.979985512657485486e-02,2.979986793682772375e-02,2.979988074680940680e-02,2.979989355678376584e-02,2.979990636716393568e-02,2.979991917797180853e-02,2.979993198851485503e-02,2.979994479844511046e-02,2.979995760842995764e-02,2.979997041862602128e-02,2.979998322909939087e-02,2.979999603963975202e-02,2.980000884969705166e-02,2.980002165988870910e-02,2.980003447064542496e-02,2.980004728109401230e-02,2.980006009116151558e-02,2.980007290140407328e-02,2.980008571183665605e-02,2.980009852231139608e-02,2.980011133260171072e-02,2.980012414274909108e-02,2.980013695289944475e-02,2.980014976306861324e-02,2.980016257320548118e-02,2.980017538341529423e-02,2.980018819488482185e-02,2.980020101642047101e-02,2.980021401009652626e-02,2.980022942568970323e-02,2.980026502673565128e-02,2.980045390698365937e-02,2.980160033556900415e-02,2.980599907509337912e-02,2.981472610119413960e-02,1.561883971622353706e-01,1.665488155667335990e+00,7.007455511319767183e+00,1.623007187276567720e+01,2.482128467473126676e+01,3.201992285642046454e+01,4.094144591657042298e+01,4.877666457134295541e+01,5.294379308286781338e+01,5.494851607577980701e+01,5.511166254359174133e+01,5.300666207319574141e+01,4.966667719125847213e+01,4.703092053078222534e+01,4.359519831510880294e+01,3.522964252848077393e+01,2.436573645944502076e+01,1.820225190618447186e+01,1.725318783263395517e+01,1.729726203585049760e+01,1.679623514432073605e+01,1.724072503606160112e+01,1.918359140863607593e+01,2.082240398085601285e+01,2.104904792108994371e+01,1.942305516569220813e+01,1.506010827134049634e+01,8.428915041769570848e+00,2.702165749296128183e+00,3.312738556931194567e-01,2.980635502096545125e-02,2.979814695128132906e-02,2.979816371349116103e-02,2.979621179950403889e-02,2.978616399600230932e-02,2.976171033668888882e-02,2.971422474137266900e-02,2.963088318499902327e-02,2.951155920925813830e-02,2.935378961669189712e-02,2.907927643529758036e-02,2.587783131535013534e-02,1.705256009169374767e-02,8.031903433916255317e-03,4.240639604824006023e-03,2.950039167495010703e-03
0.000000000000000000e+00,2.910462130814088456e-04,8.286878044174280028e-04,1.317780186394732931e-03,1.924731157461524993e-03,2.498753495469083555e-03,2.765561510063287761e-03,2.836190049614629831e-03,2.849580096554663131e-03,2.850370497904139433e-03,2.851162116338781024e-03,2.851955266789800523e-03,2.852750301578564022e-03,2.853547608423221641e-03,2.854347610982013814e-03,2.855150768787083349e-03,2.855957579708284528e-03,2.856768578628128465e-03,2.857584335492630023e-03,2.858405457869322378e-03,2.859232589169484647e-03,2.860060023550503334e-03,2.860874884697783577e-03,2.861673186233386259e-03,2.862463132059596752e-03,2.863251563393312722e-03,2.864039967203720408e-03,2.864828343633725027e-03,2.865616698647948171e-03,2.866405035040437387e-03,2.867193349030109153e-03,2.867981628745718166e-03,2.868769875048497384e-03,2.869558103699624326e-03,2.870346321596349125e-03,2.871134528675976707e-03,2.871922723188335882e-03,2.872710897500786471e-03,2.873499053330830048e-03,2.874287202029288373e-03,2.875075344410428068e-03,2.875863474858022899e-03,2.876651587900967092e-03,2.877439674703545936e-03,2.878227732879179348e-03,2.879015774353889997e-03,2.879803815762686358e-03,2.880591896523526478e-03,2.881380614490018990e-03,2.882172938208305436e-03,2.882943575813800945e-03,2.883605088183526909e-03,2.884484728430540806e-03,2.646024261404079092e-01,1.670639174880627298e+00,4.788480757480224170e+00,9.153739364141893375e+00,1.441745930458655245e+01,2.075392366246343556e+01,2.752021042011931584e+01,3.315839908675192760e+01,3.647545138301656209e+01,3.426448381552105360e+01,2.816996275722495469e+01,2.480264785213119083e+01,2.488034034186843257e+01,2.607110426834091754e+01,2.772536676653530563e+01,3.044816572581682479e+01,3.458849679957774015e+01,3.848956678677232901e+01,4.007742907726512271e+01,3.853428878816671244e+01,3.622266224071332630e+01,3.671520150661213933e+01,3.754479936151528818e+01,3.432556637555746448e+01,2.955809738630498273e+01,2.634822781022752025e+01,2.220141617622116570e+01,1.559986897105745385e+01,8.227874258414612285e+00,2.775177197826393272e+00,4.982462355330063986e-01,6.206220155829129254e-02,1.498650847889509627e-02,2.754436552194605876e-03,2.754427486507631754e-03,2.752184855586747251e-03,2.748320075164251836e-03,2.744556765692341121e-03,2.739176474376494967e-03,2.729105600180815969e-03,2.711298264385211213e-03,2.690979571141833074e-03,2.403404934527616360e-03,1.927131895490143305e-03,1.655324127592145735e-03,1.343827689409145786e-03,8.481736936879090069e-04
0.000000000000000000e+00,9.313651700685409264e-04,2.073331257532718113e-03,2.780040858566458061e-03,3.567342268648500837e-03,4.297066755431748833e-03,4.970224728057233941e-03,5.233051799007681047e-03,5.261252657634345534e-03,5.261253437512852793e-03,5.261254217629352838e-03,5.261254997532614601e-03,5.261255777272905165e-03,5.261256557283297379e-03,5.261257337208005529e-03,5.261258117179554682e-03,5.261258897164030127e-03,5.261259676787781100e-03,5.261260456553507915e-03,5.261261236491950738e-03,5.261262016206932554e-03,5.261262796024386221e-03,5.261263575940193504e-03,5.261264355778392729e-03,5.261265135886557427e-03,5.261265915809374728e-03,5.261266695587809260e-03,5.261267475515249599e-03,5.261268255299193612e-03,5.261269034989561437e-03,5.261269814986800977e-03,5.261270595299424521e-03,5.261271375205948432e-03,5.261272155139425609e-03,5.261272935359676862e-03,5.261273715377563082e-03,5.261274495140701689e-03,5.261275274894545648e-03,5.261276054801989829e-03,5.261276834812586740e-03,5.261277615425834393e-03,5.261278401777245463e-03,5.261279219940610645e-03,5.261280188923041397e-03,5.261281703306966949e-03,5.261284316083011080e-03,5.261287664222491153e-03,5.261290596323357077e-03,5.261299524082006622e-03,5.261377724140104892e-03,5.261776327779083516e-03,5.262430923418712388e-03,6.132641248819017954e-02,1.420027837582009678e+00,6.023014189146962849e+00,1.417728208342856888e+01,2.416421557242801299e+01,3.361141196530108743e+01,3.720690170447337408e+01,3.409724276046802771e+01,3.094797453507916885e+01,3.164173298162381087e+01,3.511257985428880346e+01,4.087643559838483753e+01,4.715717717479471816e+01,4.940883146305722562e+01,5.041717341460194035e+01,5.264403550847651303e+01,5.357742607304228954e+01,5.247616468090723885e+01,5.079379973530156178e+01,5.135181155946242626e+01,5.181480154297170060e+01,4.862980171439616583e+01,4.334695331951896691e+01,3.738203999064188565e+01,2.996391971085957096e+01,2.072546634799270748e+01,1.288478529573157871e+01,9.305915641680330808e+00,7.339818428385075144e+00,4.761327992360351757e+00,2.195038005042274865e+00,5.329639931510177231e-01,4.084886627245370300e-02,5.259954758409630081e-03,5.258544236928562252e-03,5.254945672478963589e-03,5.249710589235069905e-03,5.243352442704503000e-03,5.232654348600368835e-03,5.220565712952533743e-03,5.174630937761869401e-03,4.972715187075980522e-03,4.274019527301926510e-03,4.326483938545015902e-03,4.547688865769150199e-03,3.047615647059835446e-03,3.875065585581806155e-03,6.245377781621328298e-03
0.000000000000000000e+00,3.724096202424767685e-04,2.586663387434998043e-03,5.527948098263023996e-03,6.677669252044759855e-03,6.735972933957468448e-03,6.759980476791436696e-03,6.776004331841099272e-03,6.776043735784226772e-03,6.776086448058590839e-03,6.776129160258592514e-03,6.776171872644285062e-03,6.776214585315457582e-03,6.776257297525593512e-03,6.776300010073376887e-03,6.776342722452422841e-03,6.776385434687462461e-03,6.776428147028431236e-03,6.776470859313685029e-03,6.776513571939550909e-03,6.776556284080866889e-03,6.776598996197954854e-03,6.776641708784575217e-03,6.776684421227149348e-03,6.776727133623717744e-03,6.776769846200327019e-03,6.776812558830376185e-03,6.776855270963813918e-03,6.776897982860376028e-03,6.776940695132654090e-03,6.776983407972960415e-03,6.777026120654195199e-03,6.777068832771848683e-03,6.777111545053816910e-03,6.777154257710963324e-03,6.777196970069123208e-03,6.777239682430200030e-03,6.777282395144139555e-03,6.777325107668082625e-03,6.777367820019206471e-03,6.777410532849060219e-03,6.777453247099192793e-03,6.777495963924485937e-03,6.777538686709455411e-03,6.777581418479205685e-03,6.777624162642687834e-03,6.777666924582840743e-03,6.777709722278958682e-03,6.777753035820547126e-03,6.777799417978253721e-03,6.777852468310517978e-03,6.778822212943878128e-03,6.785321723428272556e-03,2.547196621039868325e-01,1.147754387319804836e+00,3.023902530220616391e+00,6.260587116157758203e+00,9.668528225240047291e+00,1.448004691179629866e+01,2.241014070941656300e+01,3.235750946493924118e+01,4.490629151794573204e+01,5.564967248371878838e+01,6.004183592227777666e+01,6.117096695065733059e+01,5.828136088467990561e+01,5.293183738536208693e+01,4.785948425292713893e+01,4.236048113069999488e+01,3.883537302084671694e+01,3.827796996764169535e+01,3.882648497944616395e+01,3.565279128731751257e+01,3.149017420899431841e+01,3.022647627582554719e+01,2.649231987075009442e+01,1.912925179618152782e+01,1.242170657267911338e+01,8.231984356375741996e+00,5.401345684876459607e+00,2.694182362982951329e+00,6.646258948517322906e-01,6.772184103092823010e-03,6.770095543334834001e-03,6.767870355331946641e-03,6.766447691097921165e-03,6.765343089192056569e-03,6.761634871742479291e-03,6.753899334190901355e-03,6.745432345655622171e-03,6.736331625317102702e-03,6.722222942631160547e-03,6.700628702078861333e-03,6.669101214788098093e-03,6.585413389393708281e-03,6.226895589460385537e-03,4.633165922138001228e-03,3.675203523040686867e-03,6.588570792531064403e-03,5.212953316017052141e-03
0.000000000000000000e+00,5.230178597456097006e-03,1.954116058932367853e-02,3.652513737824253370e-02,4.762572482452904349e-02,5.150269938713463586e-02,5.247343365358124456e-02,5.297409431457224260e-02,5.318358122005863858e-02,5.329601020667315558e-02,5.340843919307085991e-02,5.352086817934061103e-02,5.363329716592808022e-02,5.374572615266130782e-02,5.385815513915469255e-02,5.397058412558831259e-02,5.408301311179924270e-02,5.419544209824721237e-02,5.430787108508355193e-02,5.442030007150269050e-02,5.453272905780552626e-02,5.464515804447808711e-02,5.475758703132658362e-02,5.487001601788172450e-02,5.498244500379436545e-02,5.509487398996670143e-02,5.520730297682540505e-02,5.531973196347878680e-02,5.543216095002555244e-02,5.554458993697924257e-02,5.565701892374951693e-02,5.576944791003199398e-02,5.588187689618311083e-02,5.599430588258574176e-02,5.610673486912458319e-02,5.621916385554968226e-02,5.633159284247326454e-02,5.644402183195405126e-02,5.655645083959807973e-02,5.666887996788397275e-02,5.678130956255223599e-02,5.689374013542197739e-02,5.700617168117532579e-02,5.711860333312637761e-02,5.723103475363617437e-02,5.734346782316958324e-02,5.745590524634777013e-02,5.756834839555569766e-02,5.768080679948477119e-02,7.188661742631316520e-02,5.833413936599747274e-01,3.954665130469335210e+00,1.597249993087104869e+01,4.315665180223549413e+01,7.835532644382513467e+01,9.730222429274280671e+01,8.471111857867271056e+01,6.333762219993794673e+01,5.376088110963205935e+01,4.771637711816661209e+01,4.673914910630199415e+01,5.370124555417165624e+01,6.116072352902720866e+01,6.943582013550596344e+01,8.003494540568061666e+01,8.749689222260182930e+01,8.833320630010916830e+01,8.163296824782030114e+01,6.845819923566160980e+01,5.310910286987642337e+01,3.976305161659099952e+01,3.212567477935503746e+01,3.199951854711181198e+01,3.582207522987011572e+01,3.852617741054789491e+01,3.756414980736167308e+01,3.285205130388598604e+01,2.608707131362138298e+01,1.877354247040369017e+01,1.192725701667430194e+01,6.557058722078306978e+00,2.768556145401283697e+00,6.329843612336123471e-01,5.204856033423378714e-02,3.933971499589512810e-02,3.943596663499321364e-02,3.952995800557276146e-02,3.961658121416899297e-02,3.969087776848190252e-02,3.974287947801469906e-02,3.973904850659478599e-02,3.965602399166394398e-02,3.933614323915522043e-02,3.821486634832527152e-02,3.582261452422002418e-02,3.154584416344308195e-02,2.582095441079582804e-02,2.644263793700850698e-02,2.859511105914454288e-02,2.324473262470066678e-02
0.000000000000000000e+00,3.033862581763210973e-03,1.230190322490521890e-02,2.081817441139846223e-02,2.328484170556262972e-02,2.347978708468567016e-02,2.349021865034297413e-02,2.349827623418025008e-02,2.350628548475534527e-02,2.351425029424737342e-02,2.352220303089311640e-02,2.353015341105440042e-02,2.353810153866009447e-02,2.354604752051587049e-02,2.355399116535820958e-02,2.356193210622280904e-02,2.356986992105681092e-02,2.357780417620633853e-02,2.358573445944223829e-02,2.359366031292369978e-02,2.360158121385715416e-02,2.360950310624757714e-02,2.361743704924470361e-02,2.362538403079984459e-02,2.363333632733933057e-02,2.364128933033501564e-02,2.364924230325499491e-02,2.365719524884206393e-02,2.366514815957565868e-02,2.367310102894367579e-02,2.368105385888866904e-02,2.368900664688802088e-02,2.369695937681620679e-02,2.370491204696135654e-02,2.371286467168355269e-02,2.372081726308705729e-02,2.372876983483073257e-02,2.373672239693756791e-02,2.374467494800540368e-02,2.375262748383089734e-02,2.376058000212527554e-02,2.376853249974470936e-02,2.377648497833249192e-02,2.378443744850666092e-02,2.379238991650216989e-02,2.380034237769855510e-02,2.380829483550514145e-02,2.381624740235521037e-02,2.382420124972454978e-02,2.383216208859955179e-02,2.384012627725112105e-02,2.570275895359858676e-01,2.584024029236160036e+00,9.051369910819532905e+00,1.906412271862130936e+01,2.871899176174523660e+01,3.189007721528941630e+01,3.701591738208800564e+01,4.725227820640909471e+01,5.470032458974969103e+01,5.966690197595216461e+01,6.087844403935747550e+01,5.680232873773810098e+01,4.982285772388052436e+01,4.393982028649340066e+01,4.113051362038439862e+01,4.081552637261031435e+01,4.186850529264309273e+01,4.484018076008350562e+01,4.734084931693297449e+01,4.345308628519013894e+01,3.482036474807142667e+01,2.975625146776252805e+01,3.002771575418610439e+01,3.236741043778003757e+01,3.346424039047693810e+01,3.088861296603045403e+01,2.483276614173894004e+01,1.840387515280790254e+01,1.364523168207916015e+01,1.166622886942356097e+01,1.031215394276680186e+01,6.764367466327958489e+00,2.842445629761747306e+00,6.161925900920171006e-01,6.475521195685136899e-02,2.253561818742290390e-02,2.253660016129461693e-02,2.253276105958107456e-02,2.251502328543054585e-02,2.248528816904861102e-02,2.243910520929992200e-02,2.233438874431524154e-02,2.188305031429503902e-02,2.067804888175140549e-02,1.685664245992541874e-02,1.232566524689845434e-02,1.040557087553769383e-02,9.006221999185255386e-03,7.783405533484326344e-03
0.000000000000000000e+00,3.256601701439490286e-04,7.159316768434792130e-04,8.871317041807428921e-04,1.043243128766953819e-03,1.232408134963327347e-03,1.457559439698125981e-03,1.646601652786357662e-03,1.781331281915707289e-03,1.865358093398371839e-03,1.918188456584350114e-03,1.970981420644477705e-03,2.023774384615020707e-03,2.076567348657380394e-03,2.129360312593934525e-03,2.182153276630808148e-03,2.234946240746433013e-03,2.287739204800633488e-03,2.340532168851637302e-03,2.393325132940203083e-03,2.446118097062463699e-03,2.498911061044547383e-03,2.551704025052805441e-03,2.604496989140407150e-03,2.657289953190648552e-03,2.710082917255111652e-03,2.762875881308233129e-03,2.815668845429951644e-03,2.868461809536074127e-03,2.921254773567193673e-03,2.974047737576263149e-03,3.026840701562082125e-03,3.079633665706276585e-03,3.132426629860075775e-03,3.185219593904545753e-03,3.238012557949696175e-03,3.290805522120157818e-03,3.343598486333354807e-03,3.396391450321907274e-03,3.449184414285033033e-03,3.501977378391349371e-03,3.554770342645391726e-03,3.607563307335606879e-03,3.660356272773984416e-03,3.713149240126493566e-03,3.765942215451341651e-03,3.818735220270757982e-03,3.871528297761109988e-03,3.924321476738453982e-03,3.977114741534486068e-03,4.029908116756217122e-03,4.507505512044481660e-03,5.155163754741035054e-02,3.954687713909739721e-01,1.650617972469801575e+00,4.327417207484510087e+00,8.066339892540050016e+00,1.232066505439468074e+01,1.699267510567963413e+01,2.231015227864311612e+01,2.772046199918800014e+01,3.113946055000895186e+01,3.433235027058145761e+01,4.176030742887979841e+01,4.903956381041342638e+01,4.953392426719956632e+01,4.439585391362198408e+01,3.615410718320022454e+01,2.687011029838392773e+01,1.913765776320899903e+01,1.506014841861279940e+01,1.568620148886070709e+01,1.927823304987938258e+01,2.424123778664288409e+01,3.014598927546747120e+01,3.463950350327124283e+01,3.590600276021557846e+01,3.395855381234797221e+01,2.986904545858287108e+01,2.541926148922179607e+01,1.988720167268926176e+01,1.216442328023155284e+01,5.299320231708594342e+00,1.741123690071848307e+00,3.641517625782981216e-01,-4.628380569472312703e-03,-4.576427646103119022e-03,-4.524541194403592162e-03,-4.472688736243614523e-03,-4.421431579824910280e-03,-4.370014800825306432e-03,-4.319970455306302443e-03,-4.271612106118347768e-03,-4.225505767545150761e-03,-4.195202111472899793e-03,-4.173057432564861516e-03,-4.426648518720924762e-03,-4.690044096365668033e-03,-4.233807796262816989e-03,-2.919052433401565609e-03
0.000000000000000000e+00,4.091815486142125690e-05,9.322426930400863209e-05,4.296256037146360565e-04,1.541760243572990428e-03,2.761437179871172910e-03,3.479554280190615655e-03,3.876908286076485941e-03,3.988700862985208005e-03,3.988701863490136043e-03,3.988702863993627730e-03,3.988703864437480491e-03,3.988704864891166532e-03,3.988705865480244271e-03,3.988706865994906710e-03,3.988707866432238645e-03,3.988708866860059959e-03,3.988709867130178430e-03,3.988710867474844907e-03,3.988711867908654486e-03,3.988712868269799101e-03,3.988713868713888652e-03,3.988714869157175893e-03,3.988715869585085678e-03,3.988716870036099378e-03,3.988717870485800759e-03,3.988718870991689834e-03,3.988719871310809906e-03,3.988720871429326555e-03,3.988721871711150939e-03,3.988722872138530766e-03,3.988723872500101256e-03,3.988724872838528800e-03,3.988725873259107643e-03,3.988726873786868979e-03,3.988727874363415075e-03,3.988728874790365558e-03,3.988729875126934346e-03,3.988730875535079559e-03,3.988731875888053627e-03,3.988732876401811407e-03,3.988733877210794837e-03,3.988734877976257524e-03,3.988735878575702838e-03,3.988736879533675596e-03,3.988737882947774802e-03,3.988738902474428874e-03,3.988740021098594393e-03,3.988741481908309773e-03,3.988743701916210374e-03,3.988748357870513031e-03,3.988761462451771711e-03,3.988790114656992104e-03,4.085095835454429121e-03,7.658693548897195225e-01,2.994770520601413466e+00,6.715181948193852612e+00,1.080201561701004387e+01,1.399699772851635871e+01,1.646262512488195640e+01,1.858079813795227864e+01,1.842123068329363988e+01,1.849131704583661673e+01,2.469910091241491301e+01,3.319976296848646768e+01,4.010682659993869947e+01,4.818509458403841705e+01,5.494681558656387210e+01,5.647106773895019671e+01,5.533248677214931632e+01,5.227646062664972959e+01,4.707449347438711840e+01,4.237953783510089067e+01,3.972573341964648108e+01,3.835838108545912206e+01,3.569543164266966073e+01,3.134283238071547117e+01,2.716238016139844547e+01,2.263818809657365350e+01,1.759490701729412621e+01,1.316719491083154736e+01,9.183512820115373287e+00,5.413415969428960750e+00,2.318402827004559796e+00,5.449331094500430295e-01,6.202475046018980989e-03,3.985111727037012573e-03,3.983085609136442599e-03,3.980856174778273950e-03,3.980002114142454882e-03,3.978915724932193670e-03,3.973657917023379338e-03,3.964065038775713666e-03,3.955710188738101839e-03,3.936999403857705145e-03,3.840442351406729571e-03,3.683913830680321435e-03,3.584599086899829725e-03,3.414626070861131665e-03,2.591156412803016871e-03
0.000000000000000000e+00,-2.958228394578794270e-31,-5.916456789157588541e-31,-9.121204216617949000e-31,-1.183291357831517708e-30,-4.683861624749757595e-31,-1.824240843323589800e-30,5.127595883936576735e-30,-2.366582715663035416e-30,-1.922848456476216276e-30,-9.367723249499515189e-31,8.874685183736382811e-31,-3.648481686647179600e-30,1.479114197289397135e-30,1.025519176787315347e-29,-6.113672015462841492e-30,-4.733165431326070832e-30,8.085824278515371005e-30,-3.845696912952432551e-30,-3.944304526105059027e-31,-9.860761315262647568e-32,4.535950205020817881e-30,-1.104405267309416528e-29,1.972152263052529514e-30,2.958228394578794270e-30,9.071900410041635762e-30,0.000000000000000000e+00,1.755215514116751267e-29,7.296963373294359200e-30,5.916456789157588541e-30,5.916456789157588541e-31,2.563797941968288368e-30,5.127595883936576735e-30,-7.099748146989106249e-30,2.563797941968288368e-30,1.696050946225175382e-29,-2.366582715663035416e-30,-2.208810534618833055e-29,8.874685183736382811e-30,7.296963373294359200e-30,1.617164855703074201e-29,1.479114197289397135e-29,-4.930380657631323784e-30,-3.944304526105059027e-30,-2.208810534618833055e-29,1.341063538875720069e-29,-1.143848312570467118e-29,2.563797941968288368e-29,-9.071900410041635762e-30,-3.944304526105059027e-30,-1.735493991486225972e-29,-2.997671439839844861e-29,5.916456789157588541e-30,1.183291357831517708e-30,-5.916456789157588541e-30,-4.535950205020817881e-29,-9.466330862652141665e-30,4.259848888193463749e-29,-2.682127077751440138e-29,8.283039504820623957e-30,-3.431544937711401354e-29,1.972152263052529514e-30,4.141519752410311978e-29,-7.099748146989106249e-30,1.183291357831517708e-29,-2.129924444096731875e-29,2.642684032490389548e-29,2.011595308313580104e-29,4.338734978715564930e-30,9.071900410041635762e-30,1.577721810442023611e-30,1.262177448353618889e-29,-1.419949629397821250e-29,3.668203209277704895e-29,-5.916456789157588541e-30,3.944304526105059027e-31,-6.902532920683853297e-29,2.287696625140934236e-29,6.547545513334397985e-29,-2.287696625140934236e-29,-3.549874073494553124e-30,-3.352658847189300173e-29,1.853823127269377743e-29,-8.204153414298522776e-29,-2.524354896707237777e-29,3.786532345060856666e-29,-6.310887241768094443e-30,2.997671439839844861e-29,-6.626431603856499165e-29,1.814380082008327152e-29,-3.392101892450350763e-29,2.366582715663035416e-30,2.129924444096731875e-29,-4.023190616627160208e-29,-1.025519176787315347e-29,7.888609052210118054e-30,-2.997671439839844861e-29,4.121702978920893656e-13,1.372651992070927918e-12,1.783573289060315800e-12
0.000000000000000000e+00,5.497747467688375751e-03,1.478179985480513985e-02,1.905322365535037227e-02,1.971947543219831206e-02,2.010822654113194469e-02,2.031621257169333172e-02,2.034255365519632014e-02,2.036852767803152067e-02,2.039450015656656817e-02,2.042047253276928209e-02,2.044644480815848570e-02,2.047241700455315269e-02,2.049838914069326140e-02,2.052436122187079048e-02,2.055033323441103621e-02,2.057630516420918404e-02,2.060227704821451095e-02,2.062824890763017421e-02,2.065422073155174024e-02,2.068019252522668508e-02,2.070616429732217642e-02,2.073213604012719841e-02,2.075810774264989084e-02,2.078407941661055205e-02,2.081005107935538986e-02,2.083602272943301317e-02,2.086199436250471551e-02,2.088796597442141995e-02,2.091393756626584374e-02,2.093990914088192032e-02,2.096588068488984893e-02,2.099185219621448051e-02,2.101782368598141548e-02,2.104379515760016611e-02,2.106976661875068629e-02,2.109573807738364046e-02,2.112170953252779856e-02,2.114768100166447562e-02,2.117365261521153910e-02,2.119962467319753269e-02,2.122559724514041374e-02,2.125156978124984400e-02,2.127754176126253269e-02,2.130351382217022388e-02,2.132948766722570291e-02,2.135546376673642943e-02,2.138144204796617320e-02,2.140743729860501016e-02,4.962008739038065858e-02,9.971661657085293395e-01,5.601300796360892953e+00,1.591477151152978742e+01,2.882886259547684915e+01,3.424797066213631780e+01,2.634138663534609748e+01,1.991815951908259663e+01,2.015228806080371982e+01,2.083910158120239586e+01,2.277619307692217632e+01,2.354542147375995853e+01,2.326443393284340289e+01,2.472583744762198421e+01,2.893599692813753421e+01,3.476702115728796372e+01,4.048378203412281806e+01,4.395595418931596043e+01,4.463355053941829453e+01,4.328301040658113408e+01,4.081281660014392543e+01,3.807404953910491230e+01,3.574553115548266646e+01,3.428132839632238671e+01,3.322637537283123521e+01,3.047114718923515397e+01,2.521571345926193786e+01,1.963241358444249585e+01,1.484854223541155882e+01,1.022579066517717195e+01,6.661127285719355307e+00,4.207898649634703503e+00,2.365243235130424893e+00,1.225920340930752639e+00,3.917003924130826320e-01,1.937506412313927395e-02,1.717944301176731192e-02,1.719959885513034151e-02,1.721675235615860444e-02,1.722238846508186011e-02,1.720200610678774070e-02,1.717537755917740785e-02,1.708970943825934008e-02,1.674606310085153052e-02,1.565550816610222079e-02,1.429772287960764943e-02,1.187391331568456165e-02,1.012910190645922685e-02,1.095770378006704834e-02,7.798205249290713834e-03,6.667875547779178978e-03
0.000000000000000000e+00,9.437819478500865953e-04,2.090331612887509367e-03,2.360111837305485603e-03,2.473518857822135011e-03,2.586109750432565545e-03,2.731435290927019394e-03,2.885292618101653866e-03,3.001212226503503083e-03,3.072469498832727710e-03,3.102535328927011078e-03,3.112032749927367854e-03,3.121530170848145491e-03,3.131027591930992272e-03,3.140525012798494817e-03,3.150022433659719397e-03,3.159519854611664812e-03,3.169017275598811235e-03,3.178514696670315092e-03,3.188012117642550266e-03,3.197509538731328500e-03,3.207006959831251031e-03,3.216504380782058033e-03,3.226001801787314969e-03,3.235499222904949894e-03,3.244996643948588888e-03,3.254494064798967544e-03,3.263991485749673498e-03,3.273488906957456365e-03,3.282986328159479082e-03,3.292483749091182875e-03,3.301981169978262208e-03,3.311478591002359976e-03,3.320976012144054648e-03,3.330473433141838396e-03,3.339970854080749098e-03,3.349468275148895832e-03,3.358965696346175814e-03,3.368463117470988592e-03,3.377960538486882852e-03,3.387457959912818471e-03,3.396955382056926140e-03,3.406452805687490600e-03,3.415950231516214249e-03,3.425447658381884468e-03,3.434945088397395752e-03,3.444442539297760345e-03,3.453940090178723825e-03,3.463438296759446117e-03,3.472938871732946745e-03,3.482442323147875302e-03,3.633551624985814025e-03,1.416576409214068827e-02,1.089814810368507220e-01,5.423094906009685578e-01,1.848227074940153924e+00,4.389541821924244580e+00,7.679778891482516023e+00,1.088035872022505224e+01,1.431364872269117150e+01,1.811684939484171153e+01,2.171499845777183779e+01,2.420502837635968518e+01,2.616891362454334313e+01,3.014740131602497542e+01,3.407951299222845165e+01,3.570561853885168091e+01,3.593500927034494197e+01,3.412469183249582727e+01,3.122035838617542680e+01,2.709692994096488405e+01,2.378633256193594647e+01,2.374758930236457033e+01,2.461308302753867139e+01,2.618301042693612146e+01,2.825026189092493212e+01,2.898394185308676541e+01,2.790163754257611828e+01,2.505079625649454655e+01,2.098854461545365879e+01,1.660999944390525940e+01,1.132544770985556148e+01,5.402514746920982880e+00,1.361653912966404922e+00,9.849255675792736864e-02,1.923681070081018031e-03,1.931391173367768676e-03,1.938603671417973634e-03,1.946747749257860156e-03,1.951805239797111020e-03,1.955279239911650747e-03,1.957460499296342828e-03,1.951550637061714609e-03,1.893671459827519794e-03,1.439374887976973627e-03,1.703006474341953267e-03,1.818846293843674701e-03,4.791800540551651322e-04,6.622027888107751351e-04,1.368493285425959483e-03
0.000000000000000000e+00,2.549428789205022798e-03,1.735800519610840309e-02,3.610590309218288801e-02,4.550165450905303138e-02,5.108883403684894714e-02,5.472701322646672528e-02,5.598428417732374124e-02,5.635779477869566623e-02,5.643208222458445666e-02,5.643212920421056267e-02,5.643217616632388578e-02,5.643222310276702763e-02,5.643227000410861588e-02,5.643231686047000401e-02,5.643236366093054568e-02,5.643241039221424948e-02,5.643245703991176671e-02,5.643250358814782403e-02,5.643255001982795671e-02,5.643259631750734140e-02,5.643264246088224023e-02,5.643268847159172569e-02,5.643273453646130422e-02,5.643278094183902527e-02,5.643282773386543161e-02,5.643287470678923223e-02,5.643292171035821370e-02,5.643296871403628845e-02,5.643301571754442275e-02,5.643306272085766434e-02,5.643310972411733073e-02,5.643315672753624473e-02,5.643320373105115140e-02,5.643325073448888368e-02,5.643329773794190929e-02,5.643334474142205209e-02,5.643339174540012992e-02,5.643343875185537206e-02,5.643348576687441664e-02,5.643353280889292639e-02,5.643357991552831743e-02,5.643362715905067550e-02,5.643367465959950313e-02,5.643372245049992075e-02,5.643377111163271065e-02,5.643382373622873177e-02,5.643388532044928130e-02,5.643395987019118182e-02,5.643405708023250394e-02,5.643423051228865089e-02,1.171565417689691829e-01,7.416500720624557008e-01,3.578909877436460718e+00,8.856749061604938689e+00,1.358437340286621442e+01,1.644218422443701755e+01,1.861896699909613417e+01,1.910773312379810562e+01,1.729674807805207237e+01,1.798615204051963445e+01,2.136724518968591369e+01,2.173032515172928569e+01,2.021064751617895894e+01,2.123838325685866479e+01,2.579080103773608101e+01,3.033459899074790656e+01,3.525899489299257539e+01,4.158047063892215789e+01,4.515854489210242662e+01,4.570389327342383012e+01,4.423733003683441467e+01,4.097386640747627951e+01,3.700862013608744405e+01,3.332917576740794630e+01,3.069622263248808380e+01,2.831855932901676098e+01,2.446400355017529904e+01,1.912429862484112775e+01,1.334641799374591997e+01,8.639407163199278372e+00,5.667847106750311781e+00,3.648903439506327118e+00,1.911987969518941455e+00,6.686478585178092793e-01,1.666095256511458123e-01,5.641822064770778827e-02,5.640295232406331710e-02,5.637614432998779707e-02,5.632855957575804567e-02,5.622999369946506121e-02,5.597560221046989082e-02,5.536654034635446475e-02,5.386894962558640143e-02,5.075539058590410740e-02,4.547556903481617119e-02,3.200744300838852252e-02,3.251990551191065448e-02,3.212266965937767699e-02,1.593994992025818749e-02
0.000000000000000000e+00,3.616206503527134766e-03,7.806700000739882732e-03,8.388104088799912261e-03,8.395224921856254269e-03,8.436689743704695738e-03,8.498880322395331241e-03,8.519608435725042547e-03,8.519605906428086642e-03,8.519602575470814482e-03,8.519598244936765069e-03,8.519592695800151314e-03,8.519585686684013129e-03,8.519576954053614815e-03,8.519566213193803875e-03,8.519553157113004052e-03,8.519537456237463377e-03,8.519518759684237622e-03,8.519496694872237541e-03,8.519470866525581665e-03,8.519447343620416280e-03,8.519435153759684354e-03,8.519432286222702183e-03,8.519431697088269972e-03,8.519431108149698451e-03,8.519430519172423513e-03,8.519429930226101247e-03,8.519429341258811378e-03,8.519428752319806175e-03,8.519428163102133258e-03,8.519427573944695145e-03,8.519426985067145991e-03,8.519426396057823772e-03,8.519425807054335428e-03,8.519425217968003630e-03,8.519424628988832640e-03,8.519424040230500622e-03,8.519423451144586892e-03,8.519422862044030362e-03,8.519422273173609186e-03,8.519421684197496514e-03,8.519421095162587124e-03,8.519420506311355459e-03,8.519419918494993901e-03,8.519419338486421481e-03,8.519418791740526395e-03,8.519418326107870698e-03,8.519417956934541639e-03,8.519417640058623772e-03,8.519445478715893805e-03,8.519622006205327183e-03,8.519685525884118302e-03,5.443100969960026209e-02,6.926653281604884249e-01,2.675821687669446280e+00,5.671609264180507815e+00,9.410600196983448740e+00,1.289630578821343221e+01,1.582711064294301373e+01,1.849418338590771427e+01,2.139906829331518523e+01,2.471770322622670335e+01,2.740158653371383934e+01,3.054362989497871439e+01,3.394114235261468338e+01,3.683505558995609874e+01,3.643461401513472708e+01,3.570587052195016753e+01,3.747114812192739208e+01,3.619704554270250441e+01,3.449350804138215665e+01,3.702845254129951513e+01,4.185212884987307547e+01,4.541583740007752112e+01,4.468680530242426130e+01,3.873597390658385109e+01,2.999346105485338043e+01,2.156594766538966823e+01,1.478974193139813664e+01,1.051036531253011397e+01,7.351643819915664402e+00,4.046479032389976638e+00,1.409506107441830913e+00,1.351935164941776846e-01,8.519489949192752057e-03,8.519268004120592735e-03,8.518824911246277581e-03,8.514286563226537707e-03,8.502923394855831096e-03,8.495306227207505625e-03,8.488028754027380357e-03,8.463206296542374885e-03,8.363322917635068049e-03,8.175202210886002574e-03,5.917690264316576194e-03,3.631415588401725163e-03,8.087751155200733136e-03,1.015879816905428459e-02,6.758062075222859635e-03,4.777302542810540203e-03
0.000000000000000000e+00,2.462228709992625572e-04,8.866992347980039721e-04,2.246572952467904959e-03,6.784063237687073047e-03,1.800364614531523022e-02,3.265016227020357126e-02,4.230222142313991296e-02,4.593179586797967173e-02,4.711721302050848187e-02,4.732631160361745054e-02,4.732644433909028586e-02,4.732657707433580996e-02,4.732670980970699742e-02,4.732684254525756223e-02,4.732697528103253781e-02,4.732710801677209034e-02,4.732724075218017190e-02,4.732737348764610996e-02,4.732750622319617517e-02,4.732763895862140968e-02,4.732777169394802169e-02,4.732790442915278672e-02,4.732803716435783625e-02,4.732816989995988766e-02,4.732830263578773067e-02,4.732843537135966033e-02,4.732856810675130366e-02,4.732870084203481820e-02,4.732883357746108660e-02,4.732896631293514317e-02,4.732909904806729268e-02,4.732923178315537327e-02,4.732936451848229059e-02,4.732949725395579899e-02,4.732962998917180503e-02,4.732976272440293092e-02,4.732989545994015224e-02,4.733002819550137519e-02,4.733016093123339901e-02,4.733029366725623188e-02,4.733042640833718534e-02,4.733055917155862269e-02,4.733069197699620728e-02,4.733082490592436381e-02,4.733095846721145639e-02,4.733109359772878083e-02,4.733122986030170037e-02,4.733136457333535912e-02,4.733149902086637717e-02,4.733164744552471187e-02,6.263752037481573609e-01,2.994709545891317770e+00,8.115906423266304515e+00,1.624196377466289931e+01,2.644215750693118139e+01,3.877964970417046686e+01,5.513588005620906074e+01,7.262970873088296742e+01,8.652592808706093308e+01,9.440383199499237321e+01,9.568614911010232049e+01,9.100752773985441024e+01,8.220755116553822006e+01,7.092544481337965578e+01,6.032672207964409239e+01,5.422531983679461121e+01,5.325413480973862335e+01,5.667758166202759895e+01,6.073735694803011143e+01,6.188032904463351969e+01,5.942893601434239770e+01,5.480296881161673639e+01,4.963233567497920262e+01,4.425625208352757767e+01,3.816902562231323515e+01,3.107755641109169176e+01,2.316537064629259746e+01,1.586942749749091597e+01,9.954277019373762414e+00,5.153575994883135003e+00,2.007515039965166448e+00,5.684031699056683040e-01,1.322107184877802932e-01,5.357064315275461563e-02,4.730988134641608833e-02,4.730870783302151827e-02,4.730657165970664907e-02,4.730329936047153461e-02,4.729692779015196719e-02,4.727822883029480366e-02,4.722092855203857686e-02,4.708798310684771116e-02,4.685503682503511236e-02,4.629224402132875449e-02,4.524203658197916561e-02,4.352154474442305326e-02,4.039898513794820678e-02,3.353116469038371072e-02,2.226759362883958329e-02
0.000000000000000000e+00,1.894933199396018264e-03,4.828555966622314309e-03,6.096607838764963282e-03,6.388380369825372510e-03,6.473077133644622103e-03,6.495559027020511404e-03,6.495795968970900433e-03,6.495856089501073592e-03,6.495873543684692851e-03,6.495874609648570781e-03,6.495876894549254370e-03,6.495880639344480886e-03,6.495886107490098614e-03,6.495893583811250191e-03,6.495903375477676649e-03,6.495915811691854898e-03,6.495931243495744328e-03,6.495950044301868932e-03,6.495972608192281290e-03,6.495992966944853959e-03,6.496002223216045326e-03,6.496002320924792670e-03,6.496000169182153568e-03,6.495998004105001285e-03,6.495995820970438400e-03,6.495993622304819907e-03,6.495991411464160058e-03,6.495989190755984549e-03,6.495986955005889074e-03,6.495984694151906748e-03,6.495982416418454378e-03,6.495980133032934652e-03,6.495977843865292749e-03,6.495975548385661720e-03,6.495973244342157123e-03,6.495970926025517768e-03,6.495968598739308535e-03,6.495966270370964919e-03,6.495963937177882605e-03,6.495961595980091416e-03,6.495959245149177802e-03,6.495956880390538028e-03,6.495954502132248072e-03,6.495952115746946032e-03,6.495949730965214566e-03,6.495947382284910504e-03,6.495945375078972586e-03,6.495943909148177431e-03,6.495915841915570789e-03,6.496704656466981316e-03,6.503279393128635379e-03,2.682405835935466332e-01,1.183983336516311935e+00,3.149075754400040061e+00,6.701104081915398858e+00,1.026897510265637159e+01,1.373887168002165637e+01,1.736443541743442864e+01,2.069765537630931718e+01,2.696494876197842316e+01,3.322717048171854515e+01,3.579596426708858559e+01,3.895775680498391580e+01,4.255985280588440389e+01,4.661575961360115627e+01,5.172078279919750088e+01,5.523243404784429345e+01,5.734149096935119161e+01,5.701085522443907649e+01,5.243843866587112501e+01,4.366865082297044154e+01,3.629745874123545946e+01,3.463716455370968106e+01,3.406308197156026552e+01,3.189990040106782843e+01,3.029964621803191704e+01,2.851978492046583469e+01,2.486155306747360427e+01,1.947348074016923292e+01,1.320996941458464491e+01,8.090606817846095922e+00,4.612743958092686114e+00,1.994193229495127007e+00,4.392143676963957688e-01,6.491768098420109059e-03,6.488526817096940125e-03,6.482140531412570149e-03,6.474831426843756857e-03,6.465938633031864842e-03,6.452893575571669663e-03,6.434515677465476972e-03,6.408231191274303164e-03,6.334228782320135663e-03,5.989723607726038512e-03,4.563024343104036228e-03,3.751447181617274806e-03,6.325269303157490114e-03,4.863925682382664109e-03,1.851700100512883784e-03
0.000000000000000000e+00,5.379612094950824742e-03,1.138014591122931025e-02,1.215116617441440797e-02,1.262688106644018794e-02,1.310435249703699456e-02,1.341378680115439676e-02,1.364501253174837080e-02,1.371865975869400456e-02,1.372927639154865667e-02,1.373989291689400351e-02,1.375050935517911459e-02,1.376112573087943936e-02,1.377174205113682742e-02,1.378235831580310392e-02,1.379297448647541502e-02,1.380359059740081037e-02,1.381420668980051086e-02,1.382482274638704989e-02,1.383543876778910858e-02,1.384605476824946925e-02,1.385667074569041368e-02,1.386728668177232386e-02,1.387790258076283638e-02,1.388851846788291371e-02,1.389913434378623781e-02,1.390975020480189964e-02,1.392036604537481501e-02,1.393098186173753750e-02,1.394159766625993092e-02,1.395221344387814234e-02,1.396282918355151378e-02,1.397344490073644183e-02,1.398406059812445229e-02,1.399467628126929014e-02,1.400529196180275333e-02,1.401590763913398291e-02,1.402652331215798777e-02,1.403713902704542896e-02,1.404775495837239443e-02,1.405837126808676465e-02,1.406898777104870386e-02,1.407960394174966219e-02,1.409021980349572586e-02,1.410083644056611858e-02,1.411145486232209638e-02,1.412207467478647331e-02,1.413269842050962968e-02,1.414334699099611091e-02,1.415408251906376431e-02,1.416495161493250970e-02,1.432806930048605931e+00,5.983242331529733171e+00,1.006825047205960111e+01,1.224771287488102978e+01,1.452836789069407253e+01,1.736135280985839913e+01,2.100408603234375349e+01,2.424947865807892811e+01,2.507299129897778656e+01,2.308784793736407792e+01,2.176700679512585168e+01,2.300451751679076295e+01,2.607144765796345354e+01,3.107448639571360971e+01,3.579576322159825708e+01,3.763964968620982177e+01,3.868145504153469716e+01,3.861109966169215113e+01,3.705525670896410873e+01,3.607073102116438434e+01,3.477468087570098731e+01,3.342962800233690501e+01,3.153162663094910556e+01,2.775439591517757165e+01,2.370758059608885659e+01,2.001698031164234948e+01,1.598938772609634640e+01,1.112722937007121793e+01,6.561425885816045245e+00,4.083175077839539924e+00,2.488200371029988034e+00,8.030173463614335150e-01,2.749333011675246519e-02,1.239993668610906048e-02,1.240985231827567391e-02,1.241895331476267073e-02,1.242136698928427221e-02,1.240559072357466999e-02,1.239117726871804930e-02,1.236245858694546597e-02,1.216983670088701494e-02,1.192920324765495317e-02,1.085088501848541220e-02,1.040474026509473522e-02,7.582261781151351798e-03,8.146168848217151537e-03,1.076184876061016434e-02,4.566903044595578727e-03,1.213066409872473085e-02
0.000000000000000000e+00,4.575006787673686332e-09,9.150746322543625268e-09,1.389728899507407802e-06,5.980980978916136674e-06,1.011356512180665831e-05,1.103547461921098828e-05,1.104004850278992020e-05,1.104462234300684354e-05,1.104919618154282322e-05,1.105377004660099690e-05,1.105834393184787900e-05,1.106291781369123873e-05,1.106749168316253538e-05,1.107206556497293197e-05,1.107663947205130733e-05,1.108121341260635599e-05,1.108578727603043032e-05,1.109036107346907443e-05,1.109493491676513703e-05,1.109950878681063223e-05,1.110408266304214965e-05,1.110865655182614309e-05,1.111323044543264576e-05,1.111780431333749050e-05,1.112237816854417634e-05,1.112695203458939581e-05,1.113152591339871232e-05,1.113609978618161303e-05,1.114067366784281662e-05,1.114524755314694121e-05,1.114982139995061637e-05,1.115439524511670917e-05,1.115896912737117634e-05,1.116354301421920821e-05,1.116811688595087326e-05,1.117269075645085924e-05,1.117726463461138578e-05,1.118183851389602160e-05,1.118641238383399783e-05,1.119098624882448172e-05,1.119556012003226875e-05,1.120013399298166395e-05,1.120470789463033789e-05,1.120928182380566323e-05,1.121385568202379344e-05,1.121842958708645739e-05,1.122300395130952912e-05,1.122757996011294340e-05,1.123216026036555068e-05,1.123674680630956268e-05,1.124133368270451568e-05,1.124590943920975100e-05,1.125047902460276415e-05,1.125506307686093226e-05,6.803021178115009615e-02,5.143751437591146392e-01,1.659282845241998539e+00,3.275166754006822778e+00,4.893223600954121011e+00,6.133414304720286481e+00,6.669976694551707830e+00,6.362173377805985908e+00,5.383428369860406626e+00,4.328001685178049840e+00,3.791980639627218430e+00,3.844474928800059921e+00,5.080528713024847320e+00,7.371068551789639045e+00,9.557258903567904085e+00,1.136908573650886112e+01,1.275991476511581979e+01,1.378282141780721126e+01,1.413001814755147478e+01,1.317446749689042917e+01,1.153165247874523658e+01,9.662861769067466966e+00,7.508768496451050822e+00,5.230587159434718636e+00,2.728533007473039618e+00,8.104510199435210893e-01,9.636333613900734119e-02,1.047328071297364455e-05,1.047746320187722954e-05,1.048203618819551231e-05,1.048661000312888164e-05,1.049118380673786771e-05,1.049575763628453744e-05,1.050033152668529315e-05,1.050342663568309167e-05,1.050307106113648859e-05,1.049877186685366138e-05,1.048313493541873735e-05,1.045961089236732759e-05,1.063366230428472673e-05,1.065520154252042546e-05,1.038505687183636863e-05,1.020439368890413827e-05,1.741483184904208517e-05,1.337538244247498136e-04
0.000000000000000000e+00,2.760452296218682613e-02,6.520706315217737747e-02,8.139109662820778746e-02,9.214348702139475711e-02,9.867210607692486479e-02,1.015486363084470572e-01,1.026457857420017272e-01,1.028286476572235486e-01,1.028287301743907867e-01,1.028288110052259646e-01,1.028288898089916303e-01,1.028289662132813032e-01,1.028290398162911845e-01,1.028291101833202631e-01,1.028291768456431748e-01,1.028292393041297104e-01,1.028292970278837509e-01,1.028293494528757929e-01,1.028294057148183144e-01,1.028294777628229600e-01,1.028295611535894327e-01,1.028296469742000091e-01,1.028297335256902895e-01,1.028298208372669248e-01,1.028299084661647017e-01,1.028299961410318181e-01,1.028300838159619812e-01,1.028301714903430697e-01,1.028302591645217229e-01,1.028303468387904707e-01,1.028304345132685094e-01,1.028305221879463049e-01,1.028306098624337112e-01,1.028306975368612486e-01,1.028307852112075871e-01,1.028308728856381499e-01,1.028309605609173671e-01,1.028310482395375092e-01,1.028311359361415434e-01,1.028312237089040460e-01,1.028313117251869746e-01,1.028314002862161514e-01,1.028314893740093633e-01,1.028315799027990363e-01,1.028316779194870662e-01,1.028317933907102466e-01,1.028319351592513198e-01,1.028321667713718163e-01,1.028327727838080075e-01,2.394578922520126385e-01,1.621796511525018358e+00,5.683605233034230153e+00,1.194160816457211105e+01,1.799209735050580150e+01,2.247700154243002402e+01,2.645313277210095038e+01,2.816281396756293631e+01,2.517511439901208092e+01,2.631597137390372865e+01,3.401877689746085309e+01,4.020481041912959341e+01,4.696829231372210245e+01,5.775865102091827907e+01,7.136609448034491265e+01,7.548341890440424606e+01,7.887938823601214722e+01,8.971787473101372257e+01,9.240043416506951246e+01,8.718060150099378802e+01,8.040338027302938428e+01,7.464261136103137062e+01,6.841984254992030401e+01,6.126149882989692941e+01,5.480900453262503902e+01,4.882355616532908016e+01,3.915675893500647931e+01,2.540389475655293339e+01,1.425902102097276369e+01,7.288741878057001244e+00,2.481981988687688379e+00,4.215368416610773550e-01,1.028303264554930874e-01,1.028175604768114537e-01,1.028176047478080030e-01,1.028091467072974330e-01,1.027860924390277542e-01,1.027465674504433601e-01,1.026655251262250101e-01,1.024781582640598571e-01,1.019735719138115948e-01,1.008499702056672442e-01,9.791553670051182656e-02,9.240296606124201451e-02,8.377583515111448886e-02,6.525766603701162183e-02,6.720261578015382375e-02,6.097512436214026776e-02,2.352287083418999267e-02,1.195367136334838862e-02
0.000000000000000000e+00,5.132328826687720591e-06,1.196985425604476445e-05,1.369236949041873544e-05,1.371013227725141919e-05,1.372836327914501122e-05,1.374724056820994056e-05,1.376697107775180154e-05,1.378779086215406729e-05,1.380996589953041541e-05,1.383379114355343795e-05,1.385959082610060275e-05,1.388771819088047736e-05,1.391855561293965891e-05,1.395251525317206118e-05,1.399003824515874882e-05,1.403159530768834097e-05,1.407768621000763057e-05,1.412883955770302418e-05,1.417603579354147854e-05,1.420745385345441298e-05,1.422747179566334455e-05,1.424523652653947882e-05,1.426298312857343565e-05,1.428070478766730782e-05,1.429840693451869262e-05,1.431609332049482177e-05,1.433376607285934335e-05,1.435141750480621814e-05,1.436903474958611349e-05,1.438663192872238551e-05,1.440422244775565153e-05,1.442180412715156212e-05,1.443937767412218904e-05,1.445693969882355937e-05,1.447448179323140982e-05,1.449201302965806757e-05,1.450954347400307611e-05,1.452706639157717583e-05,1.454457760259891869e-05,1.456207265856414979e-05,1.457954269511233637e-05,1.459699065616629051e-05,1.461442909879946579e-05,1.463186749483104316e-05,1.464930689897287569e-05,1.466673628342130499e-05,1.468218302892780819e-05,1.465154627162195264e-05,1.447903515201616163e-05,1.471199298852923582e-05,1.673013945961278367e-05,2.155180934557293263e-05,2.668215766540901458e-05,2.337025961789761610e-05,2.399968271497662870e-05,3.757755581667128274e-05,3.410821074714263013e-05,5.850762212849435207e-01,2.550613867131779955e+00,5.587005014923982493e+00,8.840493660504627371e+00,1.233002308421169957e+01,1.538826347972301889e+01,1.656445193933925708e+01,1.589586371329111714e+01,1.407708469507161553e+01,1.113708014580780414e+01,7.970408544092668635e+00,5.991946729382251036e+00,5.052201966660358146e+00,5.534508701562363520e+00,7.808115295273751144e+00,1.042620436185914556e+01,1.215994486685676179e+01,1.270055334344855780e+01,1.195043872662920492e+01,9.751957168921171260e+00,6.307089472923474105e+00,2.589882106936220563e+00,4.155453016133624500e-01,1.240313872210561522e-05,1.199125885407106935e-05,1.192067728588951137e-05,1.193065210407502920e-05,1.193973505487500505e-05,1.194048265207328405e-05,1.193209879367990385e-05,1.192162893249925884e-05,1.192087757693005620e-05,1.193360727072103328e-05,1.192538231713357065e-05,1.186275863843835082e-05,1.178093551666599471e-05,1.169185517670621526e-05,1.120219577891935750e-05,6.118899459841757443e-06,7.822617853963642338e-05,1.028996434741291427e-04,5.216742803670753334e-04
0.000000000000000000e+00,2.521004705725625374e-03,7.725206890183357669e-03,1.076503219089107802e-02,1.137948475400385982e-02,1.171958322067119876e-02,1.182100757340441566e-02,1.184606833933833127e-02,1.185197847795861278e-02,1.185338936384183750e-02,1.185480024992261947e-02,1.185621113635266025e-02,1.185762202269065833e-02,1.185903290876464886e-02,1.186044379470387912e-02,1.186185468063262298e-02,1.186326556695362772e-02,1.186467645369798651e-02,1.186608734003580072e-02,1.186749822578159370e-02,1.186890911176240702e-02,1.187031999805224398e-02,1.187173088411483564e-02,1.187314177013536025e-02,1.187455265625885978e-02,1.187596354231472938e-02,1.187737442846831248e-02,1.187878531495125539e-02,1.188019620125800244e-02,1.188160708710472684e-02,1.188301797286886799e-02,1.188442885902267140e-02,1.188583974559265233e-02,1.188725063174781230e-02,1.188866151762464629e-02,1.189007240390598831e-02,1.189148329017214283e-02,1.189289417616100700e-02,1.189430506219278129e-02,1.189571594828262198e-02,1.189712683463768628e-02,1.189853772127678726e-02,1.189994860817311997e-02,1.190135949708935430e-02,1.190277039035575989e-02,1.190418128687011599e-02,1.190559218228888494e-02,1.190700309006911123e-02,1.190841421389772677e-02,1.190982632866840682e-02,1.191124086644345693e-02,1.191266713034758694e-02,3.979430676525005373e-01,2.387196757732730656e+00,7.580257832965720866e+00,1.652888115389622925e+01,2.659105826325150446e+01,3.477136680363848598e+01,4.232833084997208317e+01,5.016646106552050810e+01,5.557641209610594757e+01,5.649729321367155421e+01,5.339180595501674986e+01,4.816001989289044616e+01,4.256054849126906703e+01,3.743016690360197885e+01,3.420379443602162439e+01,3.448274322664876479e+01,3.851056659950960182e+01,4.567574467158741669e+01,5.304091525294413145e+01,5.619176086473154896e+01,5.356807936517816415e+01,4.802919042482359657e+01,4.189518206711206005e+01,3.306813883719609493e+01,2.257679117690470250e+01,1.479991890959314027e+01,9.376467078652117593e+00,4.611751095847138160e+00,1.429332623582628914e+00,3.163448242059264670e-01,1.165856098756903603e-01,2.697430114328842887e-02,1.167844591687752440e-02,1.167983485596261507e-02,1.167980155918772744e-02,1.167544699210113120e-02,1.166642449742666052e-02,1.165713474843987039e-02,1.163222640607444389e-02,1.156028275275086149e-02,1.146283411745208265e-02,1.137523753107673626e-02,1.124848509880547326e-02,9.301763468503577298e-03,4.982998503722418579e-03,1.658790585486461227e-03,4.671851386804735246e-04,2.064166505547076488e-05
0.000000000000000000e+00,7.871651858104610280e-06,1.620763323271221315e-05,1.206485696429296156e-04,5.377068704437479958e-04,1.182940676014116593e-03,1.748485206164222990e-03,2.190812468917596907e-03,2.510005312372229260e-03,2.650174652059613268e-03,2.680085977448127231e-03,2.687945766689239617e-03,2.695805570979130199e-03,2.703665375276664406e-03,2.711525179711871906e-03,2.719384984044849549e-03,2.727244788229099808e-03,2.735104592438571212e-03,2.742964396836147789e-03,2.750824201451683264e-03,2.758684005963219464e-03,2.766543810273916753e-03,2.774403614574233023e-03,2.782263418796271631e-03,2.790123222959503112e-03,2.797983027306092264e-03,2.805842831875869636e-03,2.813702636478544739e-03,2.821562440938080868e-03,2.829422245181904567e-03,2.837282049275342052e-03,2.845141853334786329e-03,2.853001657376763676e-03,2.860861461502044612e-03,2.868721265864800519e-03,2.876581070385744125e-03,2.884440874719885767e-03,2.892300678819729153e-03,2.900160482992928355e-03,2.908020287314364016e-03,2.915880091766821173e-03,2.923739896233680004e-03,2.931599700969252705e-03,2.939459507305154217e-03,2.947319316857376168e-03,2.955179129974555043e-03,2.963038952678722238e-03,2.970898815203609072e-03,2.978758771471595561e-03,2.986618868921116828e-03,2.994480380526182497e-03,3.002350553627612488e-03,3.010244389360594575e-03,3.018170386040018235e-03,1.745540382775628147e-02,4.683988270917708863e-01,2.604797930057125566e+00,7.871177114015354803e+00,1.694522485102766041e+01,2.957081455849600360e+01,4.357480680574440157e+01,5.523083879329659851e+01,6.224317539574622060e+01,6.429605541938951774e+01,6.061664595970614045e+01,5.088157534357029732e+01,3.837170740302669003e+01,2.783577360639644027e+01,2.137779179924488204e+01,1.921955593556904418e+01,2.107315581298657392e+01,2.442858389535209440e+01,2.551349573108343805e+01,2.302435975134655877e+01,1.850594241978350851e+01,1.353257726096462221e+01,8.855958276781391803e+00,5.348311357549475176e+00,3.406429971165496617e+00,2.368987720473589853e+00,1.564947341764711286e+00,8.614957514775555270e-01,3.325972956324382279e-01,6.915249933982718644e-02,5.888497342072049855e-03,1.707435026653876141e-03,1.714133300092062157e-03,1.720728377537463676e-03,1.727313410447226623e-03,1.733868283980463665e-03,1.740659999097443752e-03,1.747186543573785123e-03,1.752132560623547147e-03,1.754239736820762275e-03,1.751577907377735921e-03,1.650116826823938392e-03,1.241416576478852028e-03,6.094073267310072279e-04,6.123251590838048211e-05,-3.415178217156303840e-04
0.000000000000000000e+00,4.341063755871177321e-03,1.559864236804883383e-02,2.635810261103001609e-02,3.247026925164919753e-02,3.599232346158810075e-02,3.745151835489737152e-02,3.767279497586270565e-02,3.768770965999421879e-02,3.770262434447918531e-02,3.771753902821138593e-02,3.773245371138949505e-02,3.774736839523136489e-02,3.776228307916410648e-02,3.777719776246839939e-02,3.779211244578172674e-02,3.780702712914282837e-02,3.782194181300650715e-02,3.783685649719081140e-02,3.785177118049856682e-02,3.786668586381489870e-02,3.788160054765315338e-02,3.789651523119449278e-02,3.791142991473140517e-02,3.792634459854645618e-02,3.794125928259904634e-02,3.795617396633022000e-02,3.797108864958813335e-02,3.798600333289244707e-02,3.800091801628310145e-02,3.801583269984096236e-02,3.803074738336185284e-02,3.804566206689347085e-02,3.806057675069163260e-02,3.807549143463299923e-02,3.809040611851730734e-02,3.810532080391502291e-02,3.812023549731129168e-02,3.813515022300763280e-02,3.815006505453334001e-02,3.816498012701212417e-02,3.817989541349931654e-02,3.819481074947709415e-02,3.820972628670519372e-02,3.822464288494125534e-02,3.823956139315258518e-02,3.825448507263252973e-02,3.826944531596702254e-02,3.828465511934787263e-02,3.830162661392989831e-02,3.832270284517655390e-02,4.526239389632802368e-01,1.902763840284618091e+00,4.106457119827397584e+00,6.840267890527751860e+00,1.033440394122422390e+01,1.422335497002672788e+01,1.843640717124901585e+01,2.326518951153375525e+01,2.843061045924233454e+01,3.329192461594114860e+01,3.872773395506378336e+01,4.919091325798468972e+01,5.383498593182422098e+01,5.460154216752715683e+01,7.295220057020287641e+01,9.159074458100083405e+01,9.228362692785323418e+01,8.287397021959355925e+01,7.038165457399321667e+01,5.806311691837038325e+01,4.487039337366316261e+01,3.241444356510082514e+01,2.581077416481243603e+01,2.351902200839586499e+01,1.806002358606073344e+01,1.018159142247067628e+01,4.558568232467106185e+00,1.533187565182850598e+00,2.886656785739126208e-01,3.582990604441934485e-02,3.580785936693080262e-02,3.582315414273664483e-02,3.583823596807150097e-02,3.585013081572647337e-02,3.585717445764015354e-02,3.585646358540831025e-02,3.583989452768386597e-02,3.579267218438986209e-02,3.572723778063708472e-02,3.566942786122798137e-02,3.555346242135769969e-02,3.534695652578175723e-02,3.403976483677526033e-02,3.696611395855198962e-02,3.485312448050948558e-02,1.664403393378103418e-02,5.951704969724397505e-03,7.603443948590415079e-03,5.042328500324446371e-03
0.000000000000000000e+00,4.628692808886242065e-03,9.615926403814844745e-03,1.033198775674958568e-02,1.087419525336954726e-02,1.108717850005339935e-02,1.117389895224163952e-02,1.131037172720114094e-02,1.142131628877088995e-02,1.146831093380593254e-02,1.148240965714199605e-02,1.149102572697436458e-02,1.149964179636595897e-02,1.150825786587400014e-02,1.151687393567428150e-02,1.152549000551299219e-02,1.153410607504830841e-02,1.154272214455781716e-02,1.155133821433674927e-02,1.155995428402067232e-02,1.156857035377081150e-02,1.157718642346721762e-02,1.158580249332905043e-02,1.159441856298820510e-02,1.160303463248382565e-02,1.161165070220738366e-02,1.162026677196224128e-02,1.162888284177076778e-02,1.163749891162503894e-02,1.164611498135147832e-02,1.165473105097215682e-02,1.166334712080593743e-02,1.167196319076645866e-02,1.168057926067236733e-02,1.168919533041473321e-02,1.169781140013205489e-02,1.170642746990711511e-02,1.171504353958069920e-02,1.172365960922595700e-02,1.173227567919757700e-02,1.174089175006395175e-02,1.174950782305436009e-02,1.175812390125796462e-02,1.176673998772174469e-02,1.177535608209572676e-02,1.178397220506342477e-02,1.179258865856217149e-02,1.180120883430770679e-02,1.180985556827909323e-02,1.181871183517308431e-02,1.182875495152927239e-02,1.184118063497230713e-02,2.302267804864230327e-02,5.298799346757104844e-01,2.321535849790432593e+00,4.629591419954644849e+00,6.296094114119282104e+00,7.291446490889651244e+00,7.980719091765037021e+00,8.085163117818840561e+00,7.989934615147588737e+00,7.893419281554923117e+00,9.339388343878114895e+00,1.185479915475122681e+01,1.477121134266130120e+01,1.784738141779107323e+01,1.816354242531906493e+01,1.564607693901894159e+01,1.453460473519222340e+01,1.854843186010953104e+01,2.487977403561469458e+01,2.996018046719568062e+01,3.302365602772363218e+01,3.536491535541065190e+01,3.552652305201660710e+01,3.113283544123490643e+01,2.416332056358204738e+01,1.857341903118619086e+01,1.432184876461295531e+01,9.596809834534184347e+00,5.943532830567667347e+00,3.096066170005081553e+00,8.022307558041401609e-01,2.979955923913147481e-02,1.040469566783831616e-02,1.041308204259872375e-02,1.041793559564575464e-02,1.041799520219195870e-02,1.041101805565195285e-02,1.038987870874119937e-02,1.035450174014762408e-02,1.031995298327970448e-02,1.023789797811552535e-02,9.473537954831891261e-03,5.183214096537255844e-03,1.882248797936565340e-03,1.932386817982560939e-03,1.063502416331840554e-03,4.130476753511769369e-04,2.158648830406212707e-02
0.000000000000000000e+00,2.998153643769327012e-02,6.040393539105074622e-02,6.415331194378219581e-02,6.884732122440596902e-02,7.069977392420423445e-02,7.122968550156991152e-02,7.129877349544912202e-02,7.130668851584882895e-02,7.130810859489483677e-02,7.130774752620989976e-02,7.130738645741097059e-02,7.130702538845790084e-02,7.130666431987084386e-02,7.130630325153342053e-02,7.130594218240587923e-02,7.130558111332588322e-02,7.130522004452428952e-02,7.130485897571590959e-02,7.130449790706748503e-02,7.130413683827330207e-02,7.130377576947555252e-02,7.130341470074191834e-02,7.130305363193641111e-02,7.130269256305270253e-02,7.130233149449938246e-02,7.130197042598283852e-02,7.130160935738397154e-02,7.130124828893111277e-02,7.130088722002192458e-02,7.130052615081362843e-02,7.130016508205330727e-02,7.129980401348434693e-02,7.129944294499110380e-02,7.129908187631502081e-02,7.129872080743804297e-02,7.129835973885095823e-02,7.129799867032210470e-02,7.129763760156372643e-02,7.129727653284075040e-02,7.129691546495131593e-02,7.129655442995465331e-02,7.129619388771783750e-02,7.129583573219008819e-02,7.129548187537282367e-02,7.129513008255856932e-02,7.129478007887905811e-02,7.129445737926043414e-02,7.129422334088926505e-02,7.129425336034672656e-02,7.129560231840326168e-02,7.129939328673563781e-02,7.687587699024071020e-01,2.489760014274467803e+00,5.210162952563366368e+00,1.071647521771797429e+01,1.999477189022730528e+01,3.081226761179073748e+01,3.699080158882284763e+01,3.552884382198037372e+01,3.515288502397591230e+01,3.925802372594859690e+01,4.718863209477907361e+01,5.807192036911358457e+01,6.387537860753698027e+01,6.056662941811384115e+01,5.181732677581328517e+01,3.871922078617748753e+01,2.756371977266434214e+01,2.450486071698191282e+01,2.629789172707435085e+01,3.258969921474393772e+01,4.077630857934627784e+01,4.638790962680052132e+01,4.542757714972086092e+01,4.218044589630784458e+01,3.882475235479065390e+01,2.921640162978679101e+01,1.810739330243757550e+01,1.180803636538956525e+01,8.099306115794080441e+00,4.659163620918010729e+00,1.923886227986101538e+00,5.099198073988848723e-01,7.134671279698945323e-02,7.134102047044214856e-02,7.132277619106047739e-02,7.124673847215680367e-02,7.111537844648996298e-02,7.087760794090514072e-02,7.039779337062909703e-02,6.940407427250382122e-02,6.663468788668633347e-02,6.138841918757779320e-02,4.863307589331879871e-02,6.241519227099426304e-02,6.258547048814189218e-02,3.448248050459510466e-02,2.941127576463536258e-02,2.134517986285597649e-02
0.000000000000000000e+00,2.460451561074954944e-03,9.737868812877838176e-03,1.509663352828331633e-02,1.607456258617629904e-02,1.668514160044276551e-02,1.685959058153841533e-02,1.685958754861773684e-02,1.685958451563562138e-02,1.685958148231909634e-02,1.685957844909951805e-02,1.685957541640363197e-02,1.685957238328776239e-02,1.685956935027999731e-02,1.685956631731664462e-02,1.685956328442710442e-02,1.685956025137934355e-02,1.685955721778935670e-02,1.685955418470438255e-02,1.685955115169194066e-02,1.685954811834469019e-02,1.685954508521143522e-02,1.685954205332191105e-02,1.685953902061498172e-02,1.685953598676109139e-02,1.685953295316970982e-02,1.685952992003196191e-02,1.685952688772188873e-02,1.685952385511809565e-02,1.685952082286156645e-02,1.685951779080810745e-02,1.685951475841710248e-02,1.685951172594261221e-02,1.685950869317964437e-02,1.685950566026452047e-02,1.685950262727069215e-02,1.685949959440165985e-02,1.685949656190965582e-02,1.685949352899928852e-02,1.685949049576445855e-02,1.685948746363552173e-02,1.685948443351867332e-02,1.685948140788235891e-02,1.685947839147182090e-02,1.685947538828465667e-02,1.685947240884247064e-02,1.685946963135223978e-02,1.685946912583209667e-02,1.685948612957086784e-02,1.685963731391670883e-02,1.686061011138715107e-02,1.686401492954056960e-02,2.245435386792746235e-02,2.870516641880193620e-01,2.253760327470631264e+00,7.658270202825782746e+00,1.447645356216362700e+01,1.852010398287675130e+01,2.171449208181435253e+01,2.461410785878010543e+01,2.511632650379041820e+01,2.573162087512895368e+01,2.821848291716691293e+01,3.344894243325310157e+01,3.975001019242369438e+01,4.704705752532142782e+01,5.495386220523962351e+01,5.799192173065894451e+01,5.386713699323426141e+01,4.904738095276385224e+01,4.915760094956429782e+01,5.065495701188351063e+01,4.977783545210559168e+01,4.762906862107715256e+01,4.572050012207584757e+01,4.003949027128864202e+01,3.003966805389339356e+01,2.072342199273895957e+01,1.408872736703398409e+01,8.263163851104028623e+00,2.835230709172509300e+00,3.359877026819134138e-01,1.686814566275363081e-02,1.685981905189000082e-02,1.685934698608780938e-02,1.685878081724696484e-02,1.685666763335783372e-02,1.684846257029128450e-02,1.683138533142914187e-02,1.679947086742462903e-02,1.674644993527110368e-02,1.667811055038061555e-02,1.658616477684731264e-02,1.609622984159096368e-02,1.308529231050366802e-02,7.017930550825782904e-03,3.156724911558645482e-03,2.603136962884236572e-03,1.930640050896097627e-03,1.180520480560018652e-03
0.000000000000000000e+00,2.390514965393169752e-03,6.377749331462966714e-03,7.979615487847072433e-03,7.985976103366675127e-03,7.988088198517758615e-03,7.988986418982145857e-03,7.989884615166708420e-03,7.990782773408736453e-03,7.991680875986692176e-03,7.992578901925449439e-03,7.993476826954224942e-03,7.994374623666342800e-03,7.995272260903499642e-03,7.996169704239238993e-03,7.997066915872380263e-03,7.997963854061394817e-03,7.998860474908086812e-03,7.999756730919611522e-03,8.000652570361706239e-03,8.001548230351610003e-03,8.002444524932435244e-03,8.003341952002151344e-03,8.004240056058967503e-03,8.005138297025985589e-03,8.006036537740205891e-03,8.006934778570073269e-03,8.007833019711276673e-03,8.008731260836104288e-03,8.009629501888495054e-03,8.010527742818445568e-03,8.011425983813812504e-03,8.012324224822255786e-03,8.013222465658727256e-03,8.014120706596680049e-03,8.015018947677544567e-03,8.015917188716994296e-03,8.016815430077008781e-03,8.017713674390776826e-03,8.018611929976684344e-03,8.019510218143422256e-03,8.020408567695379992e-03,8.021306912817568677e-03,8.022205198473216295e-03,8.023103648471715740e-03,8.024002711771288307e-03,8.024903233016123655e-03,8.025810267258671332e-03,8.026769606893822961e-03,8.028206096914795170e-03,8.031243524372363649e-03,8.034165523704126302e-03,8.032879324072629557e-03,8.029594053449044810e-03,8.029154310904779504e-03,2.505338057789150558e-02,6.912032277487140108e-01,3.396393934448147522e+00,9.236306878087301442e+00,1.808087152024154776e+01,2.830164830396461895e+01,3.694055756533154522e+01,4.062193889899544530e+01,3.919928142102694579e+01,3.540613116640370350e+01,2.984614602921224957e+01,2.298577910179531258e+01,1.891479899421509714e+01,1.969810723901191807e+01,2.252709306000074108e+01,2.578083083414095000e+01,2.869049356233928805e+01,3.060250701010629015e+01,3.115494302031220286e+01,2.881589438043961948e+01,2.388979340112604177e+01,1.849617816262740888e+01,1.360322116554979210e+01,9.459177404238610976e+00,6.781327316216399836e+00,5.164002123971137337e+00,3.355671143593637495e+00,1.408109120588243224e+00,2.701232025993606234e-01,7.879111753541463009e-03,7.878058238914844788e-03,7.878175485621849439e-03,7.876247265769131811e-03,7.867639411765103841e-03,7.849256174785573803e-03,7.820515305698801448e-03,7.746779623412335287e-03,7.497602553224443599e-03,5.961560770142244545e-03,3.970032653146772852e-03,2.717192597552771371e-03,1.805381015539088028e-03,1.615960688169893302e-03,1.397756643347970599e-03,1.176260060576925053e-02
0.000000000000000000e+00,3.224192621062249662e-04,8.930831294495411750e-04,2.230684387319567183e-03,3.765619057410970940e-03,4.249758512454323081e-03,4.291486554211170618e-03,4.306165183519527519e-03,4.317677208790631285e-03,4.322856025271202586e-03,4.328034841751067854e-03,4.333213658208399932e-03,4.338392474662187970e-03,4.343571291224177650e-03,4.348750107533647102e-03,4.353928923996135646e-03,4.359107740324251641e-03,4.364286556581725360e-03,4.369465373145834872e-03,4.374644189680583321e-03,4.379823006072652500e-03,4.385001822249099887e-03,4.390180638714047401e-03,4.395359455403229608e-03,4.400538271841140589e-03,4.405717088267717754e-03,4.410895904849332361e-03,4.416074721458502182e-03,4.421253537739032111e-03,4.426432353942877720e-03,4.431611170603636483e-03,4.436789987240894947e-03,4.441968803617950094e-03,4.447147619844835434e-03,4.452326436182033574e-03,4.457505252861420665e-03,4.462684069383411091e-03,4.467862885787265981e-03,4.473041702393329780e-03,4.478220519062164548e-03,4.483399335457867972e-03,4.488578152164400883e-03,4.493756969915193959e-03,4.498935789104852555e-03,4.504114611600495977e-03,4.509293439704092736e-03,4.514472300607131477e-03,4.519651390311511807e-03,4.524831382700580419e-03,4.530013432595608042e-03,4.535200767358468950e-03,4.540399082262816868e-03,4.545599581301305696e-03,1.615650699764582254e-01,1.272632033449591749e+00,3.892468827337989268e+00,7.411785177137728553e+00,1.005252719483187462e+01,9.091473527959564649e+00,8.365020973501607671e+00,1.089077639290487909e+01,1.552161308852746124e+01,2.308229728083357557e+01,2.943705060452502309e+01,3.088552726394444647e+01,2.912034003921418090e+01,2.414507412075905535e+01,1.879934896487767659e+01,1.576798249842822308e+01,1.455657248383067426e+01,1.619569406582092341e+01,1.917019044828067464e+01,2.206415826038492867e+01,2.124417671200590263e+01,1.810032259634974494e+01,1.695780166097192421e+01,1.427224025582404998e+01,9.797730061835727255e+00,6.754184060577141047e+00,5.105065002405788199e+00,3.599893096021054895e+00,1.795244798968917754e+00,4.422374204086193528e-01,3.675025887969745643e-03,3.680198842077073412e-03,3.684471499363557376e-03,3.688516349098443919e-03,3.692810137142341249e-03,3.694108516778113992e-03,3.692086735048008810e-03,3.690050946688031193e-03,3.683355009026341876e-03,3.661943191991842098e-03,3.633907132194701389e-03,3.483921346017040174e-03,3.252675298228434146e-03,3.041551648655061498e-03,1.958786715458374524e-03,6.806630960766326234e-04,1.173602400724145587e-04
0.000000000000000000e+00,7.781241387437728106e-05,1.812818514068978253e-04,4.235308164377286000e-04,1.174424667014914957e-03,2.003624832841507421e-03,2.530751093200849303e-03,2.887402612099452138e-03,3.032390865302497882e-03,3.053806196756969713e-03,3.054656052583524118e-03,3.055508374740345708e-03,3.056361429663895235e-03,3.057214616012293197e-03,3.058067807389808473e-03,3.058920999125662975e-03,3.059774191002142402e-03,3.060627382790898163e-03,3.061480574010966901e-03,3.062333765337590160e-03,3.063186957395675186e-03,3.064040149533974692e-03,3.064893340102742801e-03,3.065746531097995279e-03,3.066599723419595209e-03,3.067452915479528149e-03,3.068306107231928877e-03,3.069159298418770287e-03,3.070012489885646807e-03,3.070865681045900544e-03,3.071718871286776859e-03,3.072572061942761227e-03,3.073425253470329650e-03,3.074278445166309364e-03,3.075131636684501173e-03,3.075984828217998880e-03,3.076838019650491446e-03,3.077691210686441404e-03,3.078544401896356805e-03,3.079397593638006584e-03,3.080250785042453008e-03,3.081103976420454006e-03,3.081957168354995062e-03,3.082810360296672336e-03,3.083663551905382882e-03,3.084516744731765660e-03,3.085369944856418932e-03,3.086223198426185556e-03,3.087076672723158225e-03,3.087930656470940123e-03,3.088786427041940487e-03,3.089648795145692305e-03,3.091432062657356161e-03,3.099052395602728670e-03,9.250728977549679266e-01,3.379162263371605412e+00,7.077028884617074134e+00,1.222989979614089151e+01,1.761126332705476116e+01,2.346674213640498863e+01,3.014742599545545687e+01,3.632155217326842944e+01,3.994969434957303633e+01,3.939059167825702445e+01,3.615918046807212960e+01,3.410521265528954871e+01,3.340672194908489701e+01,3.126709985830573046e+01,2.954009789432877753e+01,3.072778696824267541e+01,3.299924751526760502e+01,3.385680263322895911e+01,3.331401398327897567e+01,3.179809727599038638e+01,2.897469890714933172e+01,2.448001167259134547e+01,1.836583808859947453e+01,1.182484249490925166e+01,5.900723955421634415e+00,1.756519717348075327e+00,2.852722503786003783e-01,8.721308776285392750e-02,5.061695741350102917e-02,1.688935078612483973e-02,4.553471565989801809e-03,2.949241320322436560e-03,2.949820343411024143e-03,2.949986192177408029e-03,2.949405034553314198e-03,2.947898536906147591e-03,2.945904586339226361e-03,2.943173488092934876e-03,2.938579442485002389e-03,2.931507017028742428e-03,2.845819628991530601e-03,2.706926844259447199e-03,2.373364543387683576e-03,2.052070813092325263e-03,2.622750232479677084e-03,6.331016790184895021e-03
0.000000000000000000e+00,3.278543429733613902e-04,1.429918193790626849e-03,3.049282524170743216e-03,4.102020260567582760e-03,4.310403648956248092e-03,4.311204154274594740e-03,4.311992345685333392e-03,4.312780589004228636e-03,4.313568902639387109e-03,4.314357307731957539e-03,4.315145826762419208e-03,4.315934485299686291e-03,4.316723313123997825e-03,4.317512341643471238e-03,4.318301604881176481e-03,4.319091139556713137e-03,4.319880985752475207e-03,4.320671186190708571e-03,4.321461354490296891e-03,4.322250607965779853e-03,4.323038965078453318e-03,4.323827120119073247e-03,4.324615273116756177e-03,4.325403423738735306e-03,4.326191573213561750e-03,4.326979722220665979e-03,4.327767870876617941e-03,4.328556018045916221e-03,4.329344162371931599e-03,4.330132303816570417e-03,4.330920444198722331e-03,4.331708584922947837e-03,4.332496725224239086e-03,4.333284865271787127e-03,4.334073005064600567e-03,4.334861143369905974e-03,4.335649280554946909e-03,4.336437417070845152e-03,4.337225553224789004e-03,4.338013689437552126e-03,4.338801824688492612e-03,4.339589959850453926e-03,4.340378098608869972e-03,4.341166251944011262e-03,4.341954030042140950e-03,4.342749229031732730e-03,4.343856806495437380e-03,4.347359481932794312e-03,4.359946567683668263e-03,4.385711938853893536e-03,4.407908556102971276e-03,4.407461185364184610e-03,2.368802061660159608e-01,1.466566014365904502e+00,4.568124238668596071e+00,9.264431982577844948e+00,1.460699319861280721e+01,1.983557215092147885e+01,2.539775984259051711e+01,3.040073207861773952e+01,3.335671773021904585e+01,3.567401453534029798e+01,3.474027895745906136e+01,3.005454052702880929e+01,2.846678207586430887e+01,3.168349064695715711e+01,3.610033960291203670e+01,3.706545517972988790e+01,3.383580817520594053e+01,3.077502616398080448e+01,2.859299658507235264e+01,2.542683451418773188e+01,2.174629840229081879e+01,1.843069172767713226e+01,1.493658811163409617e+01,1.075954310134414627e+01,7.131576888436231165e+00,4.845545386606597837e+00,2.983248191662306592e+00,1.209879583980411510e+00,1.962387471069128864e-01,4.214307799027573742e-03,4.215075924153684553e-03,4.215596816762810436e-03,4.215626857511611293e-03,4.215520331923778771e-03,4.215293338419350000e-03,4.213799168569418684e-03,4.210697705456381036e-03,4.206375534994022218e-03,4.198367155967774010e-03,4.177968014655123255e-03,4.141832410915210518e-03,4.092193830234746449e-03,3.886880062349540137e-03,3.575850638107870138e-03,3.229823486018849887e-03,2.401567331701035847e-03,2.271843675974236174e-03
0.000000000000000000e+00,3.288819896009342360e-05,7.640647682480338279e-05,9.347675559467032548e-05,1.071732686413759753e-04,1.336949802396955502e-04,1.735376174423587181e-04,2.039169058779412129e-04,2.149766070650445783e-04,2.172320979279229692e-04,2.182297637529299731e-04,2.192273156839977754e-04,2.202247276327986159e-04,2.212219705051879208e-04,2.222190125891489697e-04,2.232158195334629802e-04,2.242123548362764918e-04,2.252085789170538783e-04,2.262044490444669524e-04,2.272003585214539729e-04,2.281972026582151035e-04,2.291949595452233901e-04,2.301929218327683708e-04,2.311908839738585630e-04,2.321888459313000590e-04,2.331868079651670746e-04,2.341847700339806909e-04,2.351827324030706312e-04,2.361806945402254135e-04,2.371786563577624369e-04,2.381766187070948526e-04,2.391745810749704051e-04,2.401725429762200878e-04,2.411705049314925560e-04,2.421684669435555611e-04,2.431664289984185312e-04,2.441643911596370182e-04,2.451623533560638051e-04,2.461603153685737997e-04,2.471582772081415131e-04,2.481562393505864161e-04,2.491542014558088694e-04,2.501521634932936237e-04,2.511501264553837680e-04,2.521480932406476778e-04,2.531462203683459587e-04,2.541442914398485842e-04,2.551422445161881988e-04,2.561405846049526875e-04,2.571410170356414624e-04,2.581451014027938114e-04,2.591473237080549265e-04,2.601431071942050702e-04,2.611374504337436796e-04,2.579598821672800246e-02,7.104173614817159699e-01,2.732158375853092735e+00,6.857794856506386871e+00,1.300621607239986766e+01,1.968607925793637747e+01,2.501542285623082051e+01,2.750802407613423028e+01,2.968070868257554196e+01,3.331571840327065104e+01,3.605585061713980366e+01,3.752185746966598145e+01,3.884442567799111856e+01,3.536881822912979345e+01,2.824174538854913408e+01,2.643486446286422975e+01,2.949490068863330094e+01,3.335422996396387418e+01,3.495545481606050942e+01,3.295033217323407371e+01,2.809296022199562870e+01,2.122146858432153493e+01,1.476919084827929751e+01,9.361941363410279493e+00,4.521301946295040786e+00,1.346362476548782938e+00,2.175626956854664340e-01,1.570086671192503364e-02,9.147353531010571446e-05,9.247281063252354137e-05,9.347160953298837304e-05,9.446922469424700675e-05,9.542327431578065953e-05,9.635955060876121177e-05,9.733525139523053571e-05,9.826704974772649983e-05,9.894427796936998128e-05,9.937397978220733740e-05,9.969530468532812855e-05,5.494930964125427364e-04,6.921747257485388926e-04,2.704485378921865852e-04,7.046428095549017463e-04,8.741618819064829893e-04,2.825258636150988095e-04,1.431890571133384625e-03
0.000000000000000000e+00,3.215235898273286798e-04,6.480457558107029573e-04,1.014438364627461790e-03,1.830126444010984075e-03,2.613535523028685630e-03,3.038284118030036736e-03,3.134211694851501452e-03,3.134468094613086526e-03,3.134734570780426093e-03,3.135037926080237042e-03,3.135356744502013158e-03,3.135676298061060210e-03,3.135995851617896357e-03,3.136315405332424939e-03,3.136634959019022739e-03,3.136954512743907620e-03,3.137274066514100443e-03,3.137593620141270953e-03,3.137913173735623531e-03,3.138232727328693281e-03,3.138552280947754826e-03,3.138871834615650138e-03,3.139191388296963536e-03,3.139510941966385405e-03,3.139830495635694951e-03,3.140150049307639975e-03,3.140469602887417406e-03,3.140789156451545897e-03,3.141108710037824204e-03,3.141428263727872369e-03,3.141747817424396690e-03,3.142067371054995881e-03,3.142386924712505403e-03,3.142706478378791326e-03,3.143026032126466137e-03,3.143345585770293028e-03,3.143665139325634711e-03,3.143984692982453814e-03,3.144304246792082105e-03,3.144623801402760162e-03,3.144943358012985447e-03,3.145262918212537052e-03,3.145582484846715359e-03,3.145902069593657126e-03,3.146221844888426409e-03,3.146542581623607785e-03,3.146864792065572937e-03,3.147187000963452917e-03,3.147510474463103419e-03,3.147839582523559703e-03,3.148167968894033907e-03,3.243669720581957572e-01,1.200721869805152053e+00,2.836922837976043166e+00,5.126087199719631116e+00,7.701269825861507101e+00,1.020461768414349280e+01,1.184438139843797089e+01,1.028929530224674238e+01,7.713327334718217188e+00,6.866637808261224940e+00,7.508710641950419706e+00,9.945222587679605653e+00,1.248468452851630417e+01,1.270577938406447771e+01,1.207759004763299515e+01,1.217816139577535317e+01,1.143186339420702069e+01,9.893177255800580383e+00,8.470130409691332574e+00,8.342613763629303847e+00,9.745026024547339460e+00,1.268232839734811535e+01,1.526636616272226199e+01,1.625803619700139890e+01,1.614727437661844789e+01,1.416209339712453108e+01,1.048353134079577487e+01,6.156262426351399419e+00,2.652540734200928618e+00,6.769292964900072151e-01,3.101684532900642836e-03,3.098173581865388843e-03,3.096591403743174844e-03,3.095261616182717022e-03,3.093394969015512107e-03,3.091773262533726446e-03,3.090074408742251363e-03,3.086289482080179468e-03,3.079916794606304183e-03,3.069266495799293296e-03,3.055152206200644014e-03,3.032642192435069505e-03,2.990392378198561147e-03,2.895013710672638026e-03,2.810628927433909095e-03,2.628383757305396105e-03,2.132809012143042915e-03,1.990224375520630723e-03
0.000000000000000000e+00,4.749259657883047984e-03,4.047681349018347058e-02,8.165128709855924705e-02,9.494657883823211242e-02,1.001586191627132638e-01,1.030780593009881091e-01,1.042027152497641690e-01,1.045655344921463670e-01,1.046457515094879193e-01,1.046812621678405719e-01,1.047168269423488784e-01,1.047524224174012780e-01,1.047880239043611217e-01,1.048236256368575564e-01,1.048592273695549554e-01,1.048948291019017182e-01,1.049304308342950964e-01,1.049660325668760885e-01,1.050016342991210161e-01,1.050372360313694131e-01,1.050728377638744382e-01,1.051084394965152019e-01,1.051440412291924087e-01,1.051796429616774081e-01,1.052152446938580399e-01,1.052508464263034599e-01,1.052864481588833417e-01,1.053220498910672209e-01,1.053576516235720240e-01,1.053932533560716367e-01,1.054288550884506792e-01,1.054644568211000333e-01,1.055000585535246505e-01,1.055356602862243670e-01,1.055712620190522033e-01,1.056068637515646114e-01,1.056424654840786570e-01,1.056780672165413409e-01,1.057136689491154913e-01,1.057492706817566852e-01,1.057848724143496677e-01,1.058204741775384122e-01,1.058560764490309725e-01,1.058916816244425130e-01,1.059272963577537058e-01,1.059629303096873421e-01,1.059985750712345021e-01,1.060342453348827318e-01,1.060700622214874461e-01,1.061062941845093005e-01,1.061439324124492239e-01,2.667934918023591173e-01,1.079765551539467516e+00,3.956939834044507887e+00,1.119780397683788919e+01,2.421583940095854715e+01,4.239990455371147249e+01,6.180284401641147696e+01,7.247313437389735213e+01,6.500958955349442192e+01,5.066958695701838167e+01,4.143908826566941883e+01,4.105373986813228981e+01,5.128130328040234787e+01,6.021975129005855365e+01,5.724832824095468453e+01,4.716648935457294556e+01,3.392230274667001311e+01,2.086350108101531475e+01,1.553412575410742136e+01,1.786248713905746044e+01,2.669861254758489011e+01,3.901822615529394511e+01,5.032880197473747330e+01,5.354633704735945798e+01,4.991044447572345177e+01,4.566534048981160510e+01,3.671482125302525645e+01,2.343505488071427223e+01,1.222588075420681086e+01,5.464997268986199863e+00,1.949899494828350788e+00,3.865248069931369046e-01,1.002376329883356842e-01,1.002577360429922348e-01,1.002661100905919145e-01,1.002576164393419317e-01,1.001826869321857938e-01,1.000125809327437054e-01,9.969084920572678088e-02,9.901626458858615865e-02,9.766503184256888903e-02,9.380039679615570503e-02,8.662330874916812640e-02,7.155354548734726983e-02,8.233209805023319894e-02,8.981417543058720088e-02,6.281057398472472686e-02,4.454363364470730752e-02
0.000000000000000000e+00,3.129043666580842362e-03,8.019147715716946553e-03,1.132304152116301449e-02,1.366630254486941864e-02,1.539045917025582549e-02,1.715613752657376909e-02,1.837240842775048066e-02,1.880897295856958501e-02,1.887207972058138269e-02,1.887294352115058416e-02,1.887380732210168152e-02,1.887467112297229813e-02,1.887553492350623960e-02,1.887639872403223604e-02,1.887726252434959381e-02,1.887812632513477876e-02,1.887899012619674230e-02,1.887985392692702671e-02,1.888071772808151347e-02,1.888158152899322220e-02,1.888244532977039966e-02,1.888330913067544706e-02,1.888417293134514105e-02,1.888503673220349663e-02,1.888590053267035287e-02,1.888676433338591990e-02,1.888762813417672187e-02,1.888849193498948892e-02,1.888935573572840879e-02,1.889021953637510381e-02,1.889108333762567690e-02,1.889194713881060458e-02,1.889281093953331866e-02,1.889367474005728548e-02,1.889453854151567844e-02,1.889540234478295430e-02,1.889626615578535174e-02,1.889712999159693513e-02,1.889799387741471562e-02,1.889885778216341197e-02,1.889972169479404301e-02,1.890058567799630940e-02,1.890144990015588805e-02,1.890231460183825277e-02,1.890318233865451863e-02,1.890406073549787819e-02,1.890497616381386567e-02,1.890616881947844094e-02,1.890721347145371198e-02,1.890421247334637261e-02,3.565510171576153492e-02,7.959342518278536005e-01,2.912027387490103258e+00,5.545018185029232605e+00,7.827991168197241834e+00,9.498414537634529253e+00,1.020429145245379665e+01,9.715310980866021850e+00,1.008259950931254068e+01,1.250385545269556609e+01,2.005907249763826528e+01,2.530372016049732409e+01,3.343868943322586773e+01,4.779177071898435258e+01,5.524616302425110348e+01,5.454706079774869210e+01,5.081519565568602559e+01,5.109293067699301361e+01,5.323921492950731249e+01,5.387762207080195509e+01,5.280568979894162140e+01,5.525439692125608104e+01,5.772690078798896707e+01,5.415381893614531350e+01,4.882908495748990418e+01,4.556626714905429765e+01,4.331445346330591661e+01,3.800480053492267984e+01,2.975030120585131854e+01,2.051762634138703589e+01,1.201343185418630632e+01,5.943384804882430039e+00,2.599044448295741105e+00,1.025848253194178605e+00,2.872848244753972713e-01,4.923214574695165824e-02,1.873299159485192905e-02,1.871755829137382310e-02,1.870233186355222191e-02,1.867465760938738159e-02,1.863423996652317088e-02,1.852309750744696518e-02,2.010052035726252531e-02,1.741301623347265778e-02,1.215490518675141352e-02,1.195822985506623387e-02,1.095760161800839703e-02,1.196131832552975796e-02,1.458214382701721913e-02
0.000000000000000000e+00,3.154517377162969170e-04,1.227886115978678132e-03,1.835306657023960935e-03,1.865386117413178266e-03,1.952172797522825839e-03,2.101869863296959660e-03,2.223940253821274100e-03,2.270036548917342151e-03,2.276665743076668105e-03,2.276717087054104093e-03,2.276768431035305299e-03,2.276819775117494300e-03,2.276871119181963533e-03,2.276922463241509188e-03,2.276973807327773054e-03,2.277025151389576018e-03,2.277076495467794236e-03,2.277127839515727219e-03,2.277179183528172529e-03,2.277230527465429286e-03,2.277281871427987853e-03,2.277333215519775512e-03,2.277384559579367571e-03,2.277435903512393771e-03,2.277487247485839028e-03,2.277538591617823700e-03,2.277589935680611986e-03,2.277641279676833729e-03,2.277692623678240994e-03,2.277743967634501213e-03,2.277795311599866562e-03,2.277846655577060123e-03,2.277897999630429729e-03,2.277949343762180213e-03,2.278000687879727648e-03,2.278052031927512312e-03,2.278103375929899262e-03,2.278154719958679162e-03,2.278206063952088051e-03,2.278257407859560473e-03,2.278308752174497756e-03,2.278360098157986187e-03,2.278411449486122953e-03,2.278462811207943028e-03,2.278514186528436073e-03,2.278565586632314097e-03,2.278617076324236136e-03,2.278668937737756122e-03,2.278721647688911230e-03,2.278775332021425789e-03,2.278829179307091755e-03,2.278882932388902501e-03,4.672500863696587015e-01,1.841716356784672159e+00,3.741786793222408480e+00,6.020435637570022536e+00,8.558997009094795771e+00,1.091984204874424158e+01,1.259642133435125722e+01,1.303019558862088800e+01,1.280164783996886158e+01,1.250199815454899799e+01,1.215629841597426974e+01,1.178591551542734273e+01,1.164992255094680118e+01,1.179973754706228206e+01,1.205331107528726164e+01,1.193094206373614874e+01,1.078065734805714548e+01,9.129880967232235633e+00,7.309000961305876842e+00,5.931651253123777501e+00,5.769173388573680228e+00,6.406602213694616132e+00,6.836161584235714628e+00,6.388241382503895949e+00,5.627880364929061408e+00,5.075148867273064468e+00,4.384230693845021953e+00,3.431801562568458586e+00,2.547356806301507515e+00,1.761265008504731000e+00,8.102810733238470231e-01,1.349986802760832216e-01,2.269979119189287874e-03,2.269877151194294937e-03,2.269046583410315541e-03,2.267843013244240629e-03,2.266214572905047957e-03,2.263029454742992563e-03,2.257590475186254352e-03,2.248986529788389501e-03,2.235779050156474698e-03,2.216571160814587854e-03,2.266535408887867219e-03,2.195109695280197341e-03,1.509059005124768326e-03,8.987931500040272645e-04,2.561730029170583827e-03
