1,0,0,0,0,0,0,0,0,0,0,0,0,0,0,0,0,0,0
2,6,9,12,14,0,0,0,0,0,0,0,0,0,0,0,0,0,0
1,4,16,21,25,27,31,8,0,0,0,0,0,0,0,0,0,0,0
2,0,0,0,0,0,0,0,0,0,0,0,0,0,0,0,0,0,0
1,4,15,11,0,0,0,0,0,0,0,0,0,0,0,0,0,0,0
1,4,16,21,25,27,31,0,0,0,0,0,0,0,0,0,0,0,0
2,6,0,0,0,0,0,0,0,0,0,0,0,0,0,0,0,0,0
1,4,15,0,0,0,0,0,0,0,0,0,0,0,0,0,0,0,0
1,4,16,21,25,27,31,9,0,0,0,0,0,0,0,0,0,0,0
2,6,9,0,0,0,0,0,0,0,0,0,0,0,0,0,0,0,0
1,4,0,0,0,0,0,0,0,0,0,0,0,0,0,0,0,0,0
2,6,9,12,0,0,0,0,0,0,0,0,0,0,0,0,0,0,0
1,4,15,13,24,20,0,0,0,0,0,0,0,0,0,0,0,0,0
1,4,16,20,0,0,0,0,0,0,0,0,0,0,0,0,0,0,0
1,4,16,21,25,28,46,68,60,54,0,0,0,0,0,0,0,0,0
1,4,16,22,50,54,0,0,0,0,0,0,0,0,0,0,0,0,0
2,6,9,12,16,20,0,0,0,0,0,0,0,0,0,0,0,0,0
2,6,9,12,16,22,50,54,0,0,0,0,0,0,0,0,0,0,0
2,6,9,13,24,20,0,0,0,0,0,0,0,0,0,0,0,0,0
2,6,9,13,24,22,50,54,0,0,0,0,0,0,0,0,0,0,0
2,6,9,13,25,28,46,69,64,60,54,0,0,0,0,0,0,0,0
2,6,9,13,25,29,50,54,0,0,0,0,0,0,0,0,0,0,0
2,6,9,13,25,30,52,50,54,0,0,0,0,0,0,0,0,0,0
2,6,10,32,29,50,54,0,0,0,0,0,0,0,0,0,0,0,0
2,6,10,32,30,52,47,20,0,0,0,0,0,0,0,0,0,0,0
2,6,10,32,30,52,50,54,0,0,0,0,0,0,0,0,0,0,0
2,7,36,32,28,46,68,60,54,0,0,0,0,0,0,0,0,0,0
2,7,37,39,76,72,68,60,54,0,0,0,0,0,0,0,0,0,0
1,4,15,13,24,0,0,0,0,0,0,0,0,0,0,0,0,0,0
1,4,16,0,0,0,0,0,0,0,0,0,0,0,0,0,0,0,0
2,6,9,12,16,0,0,0,0,0,0,0,0,0,0,0,0,0,0
2,6,9,13,24,0,0,0,0,0,0,0,0,0,0,0,0,0,0
2,6,10,32,26,24,0,0,0,0,0,0,0,0,0,0,0,0,0
2,6,10,32,30,52,47,0,0,0,0,0,0,0,0,0,0,0,0
2,7,36,32,28,46,68,60,54,17,0,0,0,0,0,0,0,0,0
2,7,37,39,76,72,68,60,55,47,0,0,0,0,0,0,0,0,0
1,4,15,13,0,0,0,0,0,0,0,0,0,0,0,0,0,0,0
1,4,16,21,0,0,0,0,0,0,0,0,0,0,0,0,0,0,0
2,6,9,13,0,0,0,0,0,0,0,0,0,0,0,0,0,0,0
2,6,10,32,26,0,0,0,0,0,0,0,0,0,0,0,0,0,0
2,7,36,32,28,46,68,60,54,17,21,0,0,0,0,0,0,0,0
1,4,15,13,25,0,0,0,0,0,0,0,0,0,0,0,0,0,0
1,4,16,21,25,0,0,0,0,0,0,0,0,0,0,0,0,0,0
1,4,16,22,48,0,0,0,0,0,0,0,0,0,0,0,0,0,0
2,6,9,13,25,0,0,0,0,0,0,0,0,0,0,0,0,0,0
2,6,10,32,0,0,0,0,0,0,0,0,0,0,0,0,0,0,0
2,6,10,34,41,43,0,0,0,0,0,0,0,0,0,0,0,0,0
2,7,36,32,0,0,0,0,0,0,0,0,0,0,0,0,0,0,0
1,4,16,21,25,27,0,0,0,0,0,0,0,0,0,0,0,0,0
1,4,16,22,48,27,0,0,0,0,0,0,0,0,0,0,0,0,0
2,6,9,13,25,27,0,0,0,0,0,0,0,0,0,0,0,0,0
2,6,10,0,0,0,0,0,0,0,0,0,0,0,0,0,0,0,0
2,7,36,0,0,0,0,0,0,0,0,0,0,0,0,0,0,0,0
1,4,16,21,25,27,31,8,7,0,0,0,0,0,0,0,0,0,0
2,6,10,33,0,0,0,0,0,0,0,0,0,0,0,0,0,0,0
2,7,0,0,0,0,0,0,0,0,0,0,0,0,0,0,0,0,0
1,4,16,21,25,27,31,8,7,37,0,0,0,0,0,0,0,0,0
2,6,10,33,37,0,0,0,0,0,0,0,0,0,0,0,0,0,0
2,7,37,0,0,0,0,0,0,0,0,0,0,0,0,0,0,0,0
1,4,15,13,25,28,46,70,71,0,0,0,0,0,0,0,0,0,0
1,4,16,20,18,56,61,57,44,0,0,0,0,0,0,0,0,0,0
1,4,16,20,18,56,63,67,44,0,0,0,0,0,0,0,0,0,0
1,4,16,21,25,28,46,70,71,0,0,0,0,0,0,0,0,0,0
1,4,16,22,48,27,34,0,0,0,0,0,0,0,0,0,0,0,0
2,6,9,12,16,22,50,56,62,65,70,71,0,0,0,0,0,0,0
2,6,9,13,25,28,44,0,0,0,0,0,0,0,0,0,0,0,0
2,6,9,13,25,28,46,70,71,0,0,0,0,0,0,0,0,0,0
2,6,10,32,28,44,0,0,0,0,0,0,0,0,0,0,0,0,0
2,6,10,34,0,0,0,0,0,0,0,0,0,0,0,0,0,0,0
2,7,36,32,28,44,0,0,0,0,0,0,0,0,0,0,0,0,0
2,7,36,32,28,46,70,71,0,0,0,0,0,0,0,0,0,0,0
2,7,36,34,0,0,0,0,0,0,0,0,0,0,0,0,0,0,0
2,7,37,39,76,71,0,0,0,0,0,0,0,0,0,0,0,0,0
1,4,15,13,25,28,0,0,0,0,0,0,0,0,0,0,0,0,0
1,4,16,20,18,56,61,57,0,0,0,0,0,0,0,0,0,0,0
1,4,16,20,18,56,63,67,0,0,0,0,0,0,0,0,0,0,0
1,4,16,21,25,28,0,0,0,0,0,0,0,0,0,0,0,0,0
1,4,16,22,49,53,57,0,0,0,0,0,0,0,0,0,0,0,0
2,6,9,13,25,28,0,0,0,0,0,0,0,0,0,0,0,0,0
2,6,10,32,28,0,0,0,0,0,0,0,0,0,0,0,0,0,0
2,6,10,32,30,53,57,0,0,0,0,0,0,0,0,0,0,0,0
2,6,10,34,41,0,0,0,0,0,0,0,0,0,0,0,0,0,0
2,7,36,32,28,0,0,0,0,0,0,0,0,0,0,0,0,0,0
2,7,37,39,76,72,67,0,0,0,0,0,0,0,0,0,0,0,0
1,4,15,13,24,22,0,0,0,0,0,0,0,0,0,0,0,0,0
1,4,16,20,18,55,0,0,0,0,0,0,0,0,0,0,0,0,0
1,4,16,21,25,28,46,68,60,55,0,0,0,0,0,0,0,0,0
1,4,16,22,0,0,0,0,0,0,0,0,0,0,0,0,0,0,0
2,6,9,12,16,20,18,55,0,0,0,0,0,0,0,0,0,0,0
2,6,9,12,16,22,0,0,0,0,0,0,0,0,0,0,0,0,0
2,6,9,13,24,20,18,55,0,0,0,0,0,0,0,0,0,0,0
2,6,9,13,24,22,0,0,0,0,0,0,0,0,0,0,0,0,0
2,6,9,13,25,28,46,69,64,60,55,0,0,0,0,0,0,0,0
2,6,9,13,25,29,0,0,0,0,0,0,0,0,0,0,0,0,0
2,6,9,13,25,30,52,0,0,0,0,0,0,0,0,0,0,0,0
2,6,10,32,29,0,0,0,0,0,0,0,0,0,0,0,0,0,0
2,6,10,32,30,52,0,0,0,0,0,0,0,0,0,0,0,0,0
2,6,10,34,41,43,29,0,0,0,0,0,0,0,0,0,0,0,0
2,7,36,32,28,46,68,60,55,0,0,0,0,0,0,0,0,0,0
2,7,36,32,29,0,0,0,0,0,0,0,0,0,0,0,0,0,0
2,7,37,39,76,72,68,60,55,0,0,0,0,0,0,0,0,0,0
1,4,15,13,25,28,45,58,0,0,0,0,0,0,0,0,0,0,0
1,4,16,20,18,55,49,0,0,0,0,0,0,0,0,0,0,0,0
1,4,16,21,25,28,46,68,60,55,49,0,0,0,0,0,0,0,0
1,4,16,22,49,0,0,0,0,0,0,0,0,0,0,0,0,0,0
2,6,9,12,16,20,18,55,49,0,0,0,0,0,0,0,0,0,0
2,6,9,13,24,22,49,0,0,0,0,0,0,0,0,0,0,0,0
2,6,9,13,25,30,0,0,0,0,0,0,0,0,0,0,0,0,0
2,6,10,32,29,49,0,0,0,0,0,0,0,0,0,0,0,0,0
2,6,10,32,30,0,0,0,0,0,0,0,0,0,0,0,0,0,0
2,6,10,34,41,45,58,0,0,0,0,0,0,0,0,0,0,0,0
2,7,36,32,30,0,0,0,0,0,0,0,0,0,0,0,0,0,0
2,7,37,39,76,72,68,60,55,49,0,0,0,0,0,0,0,0,0
1,4,15,13,24,20,18,0,0,0,0,0,0,0,0,0,0,0,0
1,4,16,20,18,0,0,0,0,0,0,0,0,0,0,0,0,0,0
1,4,16,21,25,28,46,68,60,0,0,0,0,0,0,0,0,0,0
1,4,16,22,50,0,0,0,0,0,0,0,0,0,0,0,0,0,0
2,6,9,12,16,20,18,0,0,0,0,0,0,0,0,0,0,0,0
2,6,9,12,16,22,50,0,0,0,0,0,0,0,0,0,0,0,0
2,6,9,13,24,20,18,0,0,0,0,0,0,0,0,0,0,0,0
2,6,9,13,24,22,50,0,0,0,0,0,0,0,0,0,0,0,0
2,6,9,13,25,28,46,69,64,60,0,0,0,0,0,0,0,0,0
2,6,9,13,25,29,50,0,0,0,0,0,0,0,0,0,0,0,0
2,6,9,13,25,30,52,50,0,0,0,0,0,0,0,0,0,0,0
2,6,10,32,29,50,0,0,0,0,0,0,0,0,0,0,0,0,0
2,6,10,32,30,52,47,20,18,0,0,0,0,0,0,0,0,0,0
2,6,10,32,30,52,50,0,0,0,0,0,0,0,0,0,0,0,0
2,7,36,32,28,46,68,60,0,0,0,0,0,0,0,0,0,0,0
2,7,36,32,29,50,0,0,0,0,0,0,0,0,0,0,0,0,0
2,7,37,39,76,72,68,60,0,0,0,0,0,0,0,0,0,0,0
1,4,15,13,25,28,45,0,0,0,0,0,0,0,0,0,0,0,0
1,4,16,20,18,56,61,0,0,0,0,0,0,0,0,0,0,0,0
1,4,16,21,25,28,46,68,61,0,0,0,0,0,0,0,0,0,0
1,4,16,22,49,53,0,0,0,0,0,0,0,0,0,0,0,0,0
1,4,16,22,50,56,61,0,0,0,0,0,0,0,0,0,0,0,0
2,6,9,12,16,20,18,56,61,0,0,0,0,0,0,0,0,0,0
2,6,9,12,16,22,50,56,61,0,0,0,0,0,0,0,0,0,0
2,6,9,13,24,22,49,53,0,0,0,0,0,0,0,0,0,0,0
2,6,9,13,25,28,45,0,0,0,0,0,0,0,0,0,0,0,0
2,6,9,13,25,30,53,0,0,0,0,0,0,0,0,0,0,0,0
2,6,10,32,28,45,0,0,0,0,0,0,0,0,0,0,0,0,0
2,6,10,32,29,49,53,0,0,0,0,0,0,0,0,0,0,0,0
2,6,10,32,30,53,0,0,0,0,0,0,0,0,0,0,0,0,0
2,6,10,34,41,45,0,0,0,0,0,0,0,0,0,0,0,0,0
2,7,36,32,28,45,0,0,0,0,0,0,0,0,0,0,0,0,0
2,7,36,32,30,53,0,0,0,0,0,0,0,0,0,0,0,0,0
2,7,37,39,76,72,68,61,0,0,0,0,0,0,0,0,0,0,0
1,4,15,13,24,20,18,56,0,0,0,0,0,0,0,0,0,0,0
1,4,16,20,18,56,0,0,0,0,0,0,0,0,0,0,0,0,0
1,4,16,21,25,28,46,68,0,0,0,0,0,0,0,0,0,0,0
1,4,16,22,49,53,59,0,0,0,0,0,0,0,0,0,0,0,0
1,4,16,22,50,56,0,0,0,0,0,0,0,0,0,0,0,0,0
2,6,9,12,16,20,18,56,0,0,0,0,0,0,0,0,0,0,0
2,6,9,12,16,22,50,56,0,0,0,0,0,0,0,0,0,0,0
2,6,9,13,24,20,18,56,0,0,0,0,0,0,0,0,0,0,0
2,6,9,13,24,22,50,56,0,0,0,0,0,0,0,0,0,0,0
2,6,9,13,25,28,45,59,0,0,0,0,0,0,0,0,0,0,0
2,6,9,13,25,28,46,68,0,0,0,0,0,0,0,0,0,0,0
2,6,9,13,25,28,46,69,64,0,0,0,0,0,0,0,0,0,0
2,6,9,13,25,29,50,56,0,0,0,0,0,0,0,0,0,0,0
2,6,9,13,25,30,52,50,56,0,0,0,0,0,0,0,0,0,0
2,6,10,32,28,45,59,0,0,0,0,0,0,0,0,0,0,0,0
2,6,10,32,28,46,68,0,0,0,0,0,0,0,0,0,0,0,0
2,6,10,32,29,50,56,0,0,0,0,0,0,0,0,0,0,0,0
2,6,10,32,30,52,50,56,0,0,0,0,0,0,0,0,0,0,0
2,6,10,32,30,53,59,0,0,0,0,0,0,0,0,0,0,0,0
2,7,36,32,28,46,68,0,0,0,0,0,0,0,0,0,0,0,0
2,7,37,39,75,64,0,0,0,0,0,0,0,0,0,0,0,0,0
2,7,37,39,76,72,68,0,0,0,0,0,0,0,0,0,0,0,0
1,4,15,13,24,20,18,56,62,0,0,0,0,0,0,0,0,0,0
1,4,16,20,18,56,62,0,0,0,0,0,0,0,0,0,0,0,0
1,4,16,20,18,56,63,69,0,0,0,0,0,0,0,0,0,0,0
1,4,16,21,25,28,46,68,62,0,0,0,0,0,0,0,0,0,0
1,4,16,22,49,53,59,63,69,0,0,0,0,0,0,0,0,0,0
2,6,9,12,16,20,18,56,62,0,0,0,0,0,0,0,0,0,0
2,6,9,12,16,22,50,56,62,0,0,0,0,0,0,0,0,0,0
2,6,9,13,24,20,18,56,62,0,0,0,0,0,0,0,0,0,0
2,6,9,13,24,22,50,56,62,0,0,0,0,0,0,0,0,0,0
2,6,9,13,25,28,46,69,0,0,0,0,0,0,0,0,0,0,0
2,6,10,32,28,46,69,0,0,0,0,0,0,0,0,0,0,0,0
2,6,10,32,29,50,56,62,0,0,0,0,0,0,0,0,0,0,0
2,6,10,32,30,52,50,56,62,0,0,0,0,0,0,0,0,0,0
2,6,10,34,42,72,69,0,0,0,0,0,0,0,0,0,0,0,0
2,6,10,34,42,73,75,0,0,0,0,0,0,0,0,0,0,0,0
2,7,36,32,28,46,68,62,0,0,0,0,0,0,0,0,0,0,0
2,7,36,32,28,46,69,0,0,0,0,0,0,0,0,0,0,0,0
2,7,36,34,42,72,69,0,0,0,0,0,0,0,0,0,0,0,0
2,7,37,39,75,0,0,0,0,0,0,0,0,0,0,0,0,0,0
1,4,15,13,25,28,46,0,0,0,0,0,0,0,0,0,0,0,0
1,4,16,20,18,56,63,0,0,0,0,0,0,0,0,0,0,0,0
1,4,16,21,25,28,46,0,0,0,0,0,0,0,0,0,0,0,0
1,4,16,22,49,53,59,63,0,0,0,0,0,0,0,0,0,0,0
1,4,16,22,50,56,63,0,0,0,0,0,0,0,0,0,0,0,0
2,6,9,12,16,20,18,56,63,0,0,0,0,0,0,0,0,0,0
2,6,9,12,16,22,50,56,62,65,0,0,0,0,0,0,0,0,0
2,6,9,13,24,20,18,56,63,0,0,0,0,0,0,0,0,0,0
2,6,9,13,24,22,50,56,63,0,0,0,0,0,0,0,0,0,0
2,6,9,13,25,28,46,0,0,0,0,0,0,0,0,0,0,0,0
2,6,10,32,28,46,0,0,0,0,0,0,0,0,0,0,0,0,0
2,6,10,32,29,50,56,63,0,0,0,0,0,0,0,0,0,0,0
2,6,10,32,30,52,50,56,63,0,0,0,0,0,0,0,0,0,0
2,6,10,34,42,72,0,0,0,0,0,0,0,0,0,0,0,0,0
2,7,36,32,28,46,0,0,0,0,0,0,0,0,0,0,0,0,0
2,7,36,34,42,72,0,0,0,0,0,0,0,0,0,0,0,0,0
2,7,37,39,75,65,0,0,0,0,0,0,0,0,0,0,0,0,0
2,7,37,39,76,72,0,0,0,0,0,0,0,0,0,0,0,0,0
1,4,15,13,25,28,46,70,0,0,0,0,0,0,0,0,0,0,0
1,4,16,20,18,56,61,57,44,42,0,0,0,0,0,0,0,0,0
1,4,16,20,18,56,62,66,76,0,0,0,0,0,0,0,0,0,0
1,4,16,20,18,56,63,67,44,42,0,0,0,0,0,0,0,0,0
1,4,16,20,18,56,63,70,0,0,0,0,0,0,0,0,0,0,0
1,4,16,21,25,28,46,70,0,0,0,0,0,0,0,0,0,0,0
2,6,9,12,16,20,18,56,63,70,0,0,0,0,0,0,0,0,0
2,6,9,12,16,22,50,56,62,65,70,0,0,0,0,0,0,0,0
2,6,9,13,24,20,18,56,63,70,0,0,0,0,0,0,0,0,0
2,6,9,13,24,22,50,56,63,70,0,0,0,0,0,0,0,0,0
2,6,9,13,25,28,46,70,0,0,0,0,0,0,0,0,0,0,0
2,6,10,32,28,46,70,0,0,0,0,0,0,0,0,0,0,0,0
2,6,10,32,29,50,56,63,70,0,0,0,0,0,0,0,0,0,0
2,6,10,34,42,0,0,0,0,0,0,0,0,0,0,0,0,0,0
2,7,36,32,28,46,70,0,0,0,0,0,0,0,0,0,0,0,0
2,7,36,34,42,0,0,0,0,0,0,0,0,0,0,0,0,0,0
2,7,37,39,76,0,0,0,0,0,0,0,0,0,0,0,0,0,0
1,4,16,20,18,56,62,66,0,0,0,0,0,0,0,0,0,0,0
1,4,16,21,25,27,31,8,7,37,39,0,0,0,0,0,0,0,0
2,6,9,12,16,20,18,56,62,66,0,0,0,0,0,0,0,0,0
2,6,9,13,24,20,18,56,62,66,0,0,0,0,0,0,0,0,0
2,6,10,32,29,50,56,62,66,0,0,0,0,0,0,0,0,0,0
2,6,10,34,42,72,69,66,0,0,0,0,0,0,0,0,0,0,0
2,6,10,34,42,73,0,0,0,0,0,0,0,0,0,0,0,0,0
2,7,36,32,28,46,68,62,66,0,0,0,0,0,0,0,0,0,0
2,7,37,39,0,0,0,0,0,0,0,0,0,0,0,0,0,0,0
3,0,0,0,0,0,0,0,0,0,0,0,0,0,0,0,0,0,0
4,15,11,8,5,0,0,0,0,0,0,0,0,0,0,0,0,0,0
3,2,0,0,0,0,0,0,0,0,0,0,0,0,0,0,0,0,0
4,15,11,8,0,0,0,0,0,0,0,0,0,0,0,0,0,0,0
4,16,21,25,27,31,8,0,0,0,0,0,0,0,0,0,0,0,0
3,2,6,0,0,0,0,0,0,0,0,0,0,0,0,0,0,0,0
4,15,11,0,0,0,0,0,0,0,0,0,0,0,0,0,0,0,0
4,16,21,25,27,31,0,0,0,0,0,0,0,0,0,0,0,0,0
3,2,6,9,0,0,0,0,0,0,0,0,0,0,0,0,0,0,0
4,15,0,0,0,0,0,0,0,0,0,0,0,0,0,0,0,0,0
4,16,21,25,27,31,9,0,0,0,0,0,0,0,0,0,0,0,0
3,2,6,9,12,0,0,0,0,0,0,0,0,0,0,0,0,0,0
4,0,0,0,0,0,0,0,0,0,0,0,0,0,0,0,0,0,0
3,2,6,9,12,16,20,0,0,0,0,0,0,0,0,0,0,0,0
3,2,6,9,12,16,22,50,54,0,0,0,0,0,0,0,0,0,0
3,2,6,9,13,24,20,0,0,0,0,0,0,0,0,0,0,0,0
3,2,6,9,13,24,22,50,54,0,0,0,0,0,0,0,0,0,0
3,2,6,9,13,25,28,46,69,64,60,54,0,0,0,0,0,0,0
3,2,6,9,13,25,29,50,54,0,0,0,0,0,0,0,0,0,0
3,2,6,9,13,25,30,52,50,54,0,0,0,0,0,0,0,0,0
3,2,6,10,32,29,50,54,0,0,0,0,0,0,0,0,0,0,0
3,2,6,10,32,30,52,47,20,0,0,0,0,0,0,0,0,0,0
3,2,6,10,32,30,52,50,54,0,0,0,0,0,0,0,0,0,0
3,2,7,36,32,28,46,68,60,54,0,0,0,0,0,0,0,0,0
3,2,7,37,39,76,72,68,60,54,0,0,0,0,0,0,0,0,0
4,15,13,24,20,0,0,0,0,0,0,0,0,0,0,0,0,0,0
4,15,13,25,29,50,54,0,0,0,0,0,0,0,0,0,0,0,0
4,16,20,0,0,0,0,0,0,0,0,0,0,0,0,0,0,0,0
4,16,21,25,28,46,68,60,54,0,0,0,0,0,0,0,0,0,0
4,16,22,50,54,0,0,0,0,0,0,0,0,0,0,0,0,0,0
3,2,6,9,12,16,0,0,0,0,0,0,0,0,0,0,0,0,0
3,2,6,9,13,24,0,0,0,0,0,0,0,0,0,0,0,0,0
3,2,6,10,32,26,24,0,0,0,0,0,0,0,0,0,0,0,0
3,2,6,10,32,30,52,47,0,0,0,0,0,0,0,0,0,0,0
3,2,7,36,32,28,46,68,60,54,17,0,0,0,0,0,0,0,0
3,2,7,37,39,76,72,68,60,55,47,0,0,0,0,0,0,0,0
4,15,13,24,0,0,0,0,0,0,0,0,0,0,0,0,0,0,0
4,16,0,0,0,0,0,0,0,0,0,0,0,0,0,0,0,0,0
3,2,6,9,13,0,0,0,0,0,0,0,0,0,0,0,0,0,0
3,2,6,10,32,26,0,0,0,0,0,0,0,0,0,0,0,0,0
3,2,7,36,32,28,46,68,60,54,17,21,0,0,0,0,0,0,0
4,15,13,0,0,0,0,0,0,0,0,0,0,0,0,0,0,0,0
4,16,21,0,0,0,0,0,0,0,0,0,0,0,0,0,0,0,0
3,2,6,9,13,25,0,0,0,0,0,0,0,0,0,0,0,0,0
3,2,6,10,32,0,0,0,0,0,0,0,0,0,0,0,0,0,0
3,2,6,10,34,41,43,0,0,0,0,0,0,0,0,0,0,0,0
3,2,7,36,32,0,0,0,0,0,0,0,0,0,0,0,0,0,0
4,15,13,25,0,0,0,0,0,0,0,0,0,0,0,0,0,0,0
4,16,21,25,0,0,0,0,0,0,0,0,0,0,0,0,0,0,0
4,16,22,48,0,0,0,0,0,0,0,0,0,0,0,0,0,0,0
3,2,6,9,13,25,27,0,0,0,0,0,0,0,0,0,0,0,0
3,2,6,10,0,0,0,0,0,0,0,0,0,0,0,0,0,0,0
3,2,7,36,0,0,0,0,0,0,0,0,0,0,0,0,0,0,0
4,15,11,8,7,36,0,0,0,0,0,0,0,0,0,0,0,0,0
4,16,21,25,27,0,0,0,0,0,0,0,0,0,0,0,0,0,0
4,16,22,48,27,0,0,0,0,0,0,0,0,0,0,0,0,0,0
3,2,6,10,33,0,0,0,0,0,0,0,0,0,0,0,0,0,0
3,2,7,0,0,0,0,0,0,0,0,0,0,0,0,0,0,0,0
4,15,11,8,7,0,0,0,0,0,0,0,0,0,0,0,0,0,0
4,16,21,25,27,31,8,7,0,0,0,0,0,0,0,0,0,0,0
4,16,22,48,27,33,0,0,0,0,0,0,0,0,0,0,0,0,0
3,2,6,10,33,37,0,0,0,0,0,0,0,0,0,0,0,0,0
3,2,7,37,0,0,0,0,0,0,0,0,0,0,0,0,0,0,0
4,15,11,8,7,37,0,0,0,0,0,0,0,0,0,0,0,0,0
4,16,20,18,56,63,70,73,74,0,0,0,0,0,0,0,0,0,0
4,16,21,25,27,31,8,7,37,0,0,0,0,0,0,0,0,0,0
4,16,22,49,53,59,63,70,73,74,0,0,0,0,0,0,0,0,0
3,2,6,9,12,16,22,50,56,62,65,70,71,0,0,0,0,0,0
3,2,6,9,13,25,28,44,0,0,0,0,0,0,0,0,0,0,0
3,2,6,9,13,25,28,46,70,71,0,0,0,0,0,0,0,0,0
3,2,6,10,32,28,44,0,0,0,0,0,0,0,0,0,0,0,0
3,2,6,10,34,0,0,0,0,0,0,0,0,0,0,0,0,0,0
3,2,7,36,32,28,44,0,0,0,0,0,0,0,0,0,0,0,0
3,2,7,36,32,28,46,70,71,0,0,0,0,0,0,0,0,0,0
3,2,7,36,34,0,0,0,0,0,0,0,0,0,0,0,0,0,0
3,2,7,37,39,76,71,0,0,0,0,0,0,0,0,0,0,0,0
4,15,13,25,28,46,70,71,0,0,0,0,0,0,0,0,0,0,0
4,16,20,18,56,61,57,44,0,0,0,0,0,0,0,0,0,0,0
4,16,20,18,56,63,67,44,0,0,0,0,0,0,0,0,0,0,0
4,16,20,18,56,63,70,71,0,0,0,0,0,0,0,0,0,0,0
4,16,21,25,28,46,70,71,0,0,0,0,0,0,0,0,0,0,0
4,16,22,48,27,34,0,0,0,0,0,0,0,0,0,0,0,0,0
3,2,6,9,13,25,28,0,0,0,0,0,0,0,0,0,0,0,0
3,2,6,10,32,28,0,0,0,0,0,0,0,0,0,0,0,0,0
3,2,6,10,32,30,53,57,0,0,0,0,0,0,0,0,0,0,0
3,2,6,10,34,41,0,0,0,0,0,0,0,0,0,0,0,0,0
3,2,7,36,32,28,0,0,0,0,0,0,0,0,0,0,0,0,0
3,2,7,37,39,76,72,67,0,0,0,0,0,0,0,0,0,0,0
4,15,13,25,28,0,0,0,0,0,0,0,0,0,0,0,0,0,0
4,16,20,18,56,61,57,0,0,0,0,0,0,0,0,0,0,0,0
4,16,20,18,56,63,67,0,0,0,0,0,0,0,0,0,0,0,0
4,16,21,25,28,0,0,0,0,0,0,0,0,0,0,0,0,0,0
4,16,22,49,53,57,0,0,0,0,0,0,0,0,0,0,0,0,0
3,2,6,9,12,16,20,18,55,0,0,0,0,0,0,0,0,0,0
3,2,6,9,12,16,22,0,0,0,0,0,0,0,0,0,0,0,0
3,2,6,9,13,24,20,18,55,0,0,0,0,0,0,0,0,0,0
3,2,6,9,13,24,22,0,0,0,0,0,0,0,0,0,0,0,0
3,2,6,9,13,25,28,46,69,64,60,55,0,0,0,0,0,0,0
3,2,6,9,13,25,29,0,0,0,0,0,0,0,0,0,0,0,0
3,2,6,9,13,25,30,52,0,0,0,0,0,0,0,0,0,0,0
3,2,6,10,32,29,0,0,0,0,0,0,0,0,0,0,0,0,0
3,2,6,10,32,30,52,0,0,0,0,0,0,0,0,0,0,0,0
3,2,6,10,34,41,43,29,0,0,0,0,0,0,0,0,0,0,0
3,2,7,36,32,28,46,68,60,55,0,0,0,0,0,0,0,0,0
3,2,7,36,32,29,0,0,0,0,0,0,0,0,0,0,0,0,0
3,2,7,37,39,76,72,68,60,55,0,0,0,0,0,0,0,0,0
4,15,13,24,22,0,0,0,0,0,0,0,0,0,0,0,0,0,0
4,15,13,25,29,0,0,0,0,0,0,0,0,0,0,0,0,0,0
4,15,13,25,30,52,0,0,0,0,0,0,0,0,0,0,0,0,0
4,16,20,18,55,0,0,0,0,0,0,0,0,0,0,0,0,0,0
4,16,21,25,28,46,68,60,55,0,0,0,0,0,0,0,0,0,0
4,16,22,0,0,0,0,0,0,0,0,0,0,0,0,0,0,0,0
3,2,6,9,12,16,20,18,55,49,0,0,0,0,0,0,0,0,0
3,2,6,9,13,24,22,49,0,0,0,0,0,0,0,0,0,0,0
3,2,6,9,13,25,30,0,0,0,0,0,0,0,0,0,0,0,0
3,2,6,10,32,29,49,0,0,0,0,0,0,0,0,0,0,0,0
3,2,6,10,32,30,0,0,0,0,0,0,0,0,0,0,0,0,0
3,2,6,10,34,41,45,58,0,0,0,0,0,0,0,0,0,0,0
3,2,7,36,32,30,0,0,0,0,0,0,0,0,0,0,0,0,0
3,2,7,37,39,76,72,68,60,55,49,0,0,0,0,0,0,0,0
4,15,13,25,28,45,58,0,0,0,0,0,0,0,0,0,0,0,0
4,15,13,25,30,0,0,0,0,0,0,0,0,0,0,0,0,0,0
4,16,20,18,55,49,0,0,0,0,0,0,0,0,0,0,0,0,0
4,16,21,25,28,46,68,60,55,49,0,0,0,0,0,0,0,0,0
4,16,22,49,0,0,0,0,0,0,0,0,0,0,0,0,0,0,0
3,2,6,9,12,16,20,18,56,61,0,0,0,0,0,0,0,0,0
3,2,6,9,12,16,22,50,56,61,0,0,0,0,0,0,0,0,0
3,2,6,9,13,24,22,49,53,0,0,0,0,0,0,0,0,0,0
3,2,6,9,13,25,28,45,0,0,0,0,0,0,0,0,0,0,0
3,2,6,9,13,25,30,53,0,0,0,0,0,0,0,0,0,0,0
3,2,6,10,32,28,45,0,0,0,0,0,0,0,0,0,0,0,0
3,2,6,10,32,29,49,53,0,0,0,0,0,0,0,0,0,0,0
3,2,6,10,32,30,53,0,0,0,0,0,0,0,0,0,0,0,0
3,2,6,10,34,41,45,0,0,0,0,0,0,0,0,0,0,0,0
3,2,7,36,32,28,45,0,0,0,0,0,0,0,0,0,0,0,0
3,2,7,36,32,30,53,0,0,0,0,0,0,0,0,0,0,0,0
3,2,7,37,39,76,72,68,61,0,0,0,0,0,0,0,0,0,0
4,15,13,25,28,45,0,0,0,0,0,0,0,0,0,0,0,0,0
4,16,20,18,56,61,0,0,0,0,0,0,0,0,0,0,0,0,0
4,16,21,25,28,46,68,61,0,0,0,0,0,0,0,0,0,0,0
4,16,22,49,53,0,0,0,0,0,0,0,0,0,0,0,0,0,0
4,16,22,50,56,61,0,0,0,0,0,0,0,0,0,0,0,0,0
3,2,6,9,12,16,20,18,56,0,0,0,0,0,0,0,0,0,0
3,2,6,9,12,16,22,50,56,0,0,0,0,0,0,0,0,0,0
3,2,6,9,13,24,20,18,56,0,0,0,0,0,0,0,0,0,0
3,2,6,9,13,24,22,50,56,0,0,0,0,0,0,0,0,0,0
3,2,6,9,13,25,28,45,59,0,0,0,0,0,0,0,0,0,0
3,2,6,9,13,25,28,46,68,0,0,0,0,0,0,0,0,0,0
3,2,6,9,13,25,28,46,69,64,0,0,0,0,0,0,0,0,0
3,2,6,9,13,25,29,50,56,0,0,0,0,0,0,0,0,0,0
3,2,6,9,13,25,30,52,50,56,0,0,0,0,0,0,0,0,0
3,2,6,10,32,28,45,59,0,0,0,0,0,0,0,0,0,0,0
3,2,6,10,32,28,46,68,0,0,0,0,0,0,0,0,0,0,0
3,2,6,10,32,29,50,56,0,0,0,0,0,0,0,0,0,0,0
3,2,6,10,32,30,52,50,56,0,0,0,0,0,0,0,0,0,0
3,2,6,10,32,30,53,59,0,0,0,0,0,0,0,0,0,0,0
3,2,7,36,32,28,46,68,0,0,0,0,0,0,0,0,0,0,0
3,2,7,37,39,75,64,0,0,0,0,0,0,0,0,0,0,0,0
3,2,7,37,39,76,72,68,0,0,0,0,0,0,0,0,0,0,0
4,15,13,24,20,18,56,0,0,0,0,0,0,0,0,0,0,0,0
4,15,13,25,28,45,59,0,0,0,0,0,0,0,0,0,0,0,0
4,15,13,25,28,46,68,0,0,0,0,0,0,0,0,0,0,0,0
4,15,13,25,29,50,56,0,0,0,0,0,0,0,0,0,0,0,0
4,16,20,18,56,0,0,0,0,0,0,0,0,0,0,0,0,0,0
4,16,21,25,28,46,68,0,0,0,0,0,0,0,0,0,0,0,0
4,16,22,49,53,59,0,0,0,0,0,0,0,0,0,0,0,0,0
4,16,22,50,56,0,0,0,0,0,0,0,0,0,0,0,0,0,0
3,2,6,9,12,16,20,18,56,63,0,0,0,0,0,0,0,0,0
3,2,6,9,12,16,22,50,56,62,65,0,0,0,0,0,0,0,0
3,2,6,9,13,24,20,18,56,63,0,0,0,0,0,0,0,0,0
3,2,6,9,13,24,22,50,56,63,0,0,0,0,0,0,0,0,0
3,2,6,9,13,25,28,46,0,0,0,0,0,0,0,0,0,0,0
3,2,6,10,32,28,46,0,0,0,0,0,0,0,0,0,0,0,0
3,2,6,10,32,29,50,56,63,0,0,0,0,0,0,0,0,0,0
3,2,6,10,32,30,52,50,56,63,0,0,0,0,0,0,0,0,0
3,2,6,10,34,42,72,0,0,0,0,0,0,0,0,0,0,0,0
3,2,7,36,32,28,46,0,0,0,0,0,0,0,0,0,0,0,0
3,2,7,36,34,42,72,0,0,0,0,0,0,0,0,0,0,0,0
3,2,7,37,39,75,65,0,0,0,0,0,0,0,0,0,0,0,0
3,2,7,37,39,76,72,0,0,0,0,0,0,0,0,0,0,0,0
4,15,13,25,28,46,0,0,0,0,0,0,0,0,0,0,0,0,0
4,16,20,18,56,63,0,0,0,0,0,0,0,0,0,0,0,0,0
4,16,21,25,28,46,0,0,0,0,0,0,0,0,0,0,0,0,0
4,16,22,49,53,59,63,0,0,0,0,0,0,0,0,0,0,0,0
4,16,22,50,56,63,0,0,0,0,0,0,0,0,0,0,0,0,0
5,0,0,0,0,0,0,0,0,0,0,0,0,0,0,0,0,0,0
6,9,12,14,3,0,0,0,0,0,0,0,0,0,0,0,0,0,0
5,1,0,0,0,0,0,0,0,0,0,0,0,0,0,0,0,0,0
6,9,12,14,0,0,0,0,0,0,0,0,0,0,0,0,0,0,0
6,0,0,0,0,0,0,0,0,0,0,0,0,0,0,0,0,0,0
5,1,4,15,0,0,0,0,0,0,0,0,0,0,0,0,0,0,0
6,9,0,0,0,0,0,0,0,0,0,0,0,0,0,0,0,0,0
5,1,4,0,0,0,0,0,0,0,0,0,0,0,0,0,0,0,0
6,9,12,0,0,0,0,0,0,0,0,0,0,0,0,0,0,0,0
5,1,4,15,13,24,20,0,0,0,0,0,0,0,0,0,0,0,0
5,1,4,16,20,0,0,0,0,0,0,0,0,0,0,0,0,0,0
5,1,4,16,21,25,28,46,68,60,54,0,0,0,0,0,0,0,0
5,1,4,16,22,50,54,0,0,0,0,0,0,0,0,0,0,0,0
6,9,12,16,20,0,0,0,0,0,0,0,0,0,0,0,0,0,0
6,9,12,16,22,50,54,0,0,0,0,0,0,0,0,0,0,0,0
6,9,13,24,20,0,0,0,0,0,0,0,0,0,0,0,0,0,0
6,9,13,24,22,50,54,0,0,0,0,0,0,0,0,0,0,0,0
6,9,13,25,28,46,69,64,60,54,0,0,0,0,0,0,0,0,0
6,9,13,25,29,50,54,0,0,0,0,0,0,0,0,0,0,0,0
6,9,13,25,30,52,50,54,0,0,0,0,0,0,0,0,0,0,0
6,10,32,29,50,54,0,0,0,0,0,0,0,0,0,0,0,0,0
6,10,32,30,52,47,20,0,0,0,0,0,0,0,0,0,0,0,0
6,10,32,30,52,50,54,0,0,0,0,0,0,0,0,0,0,0,0
7,36,32,28,46,68,60,54,0,0,0,0,0,0,0,0,0,0,0
7,37,39,76,72,68,60,54,0,0,0,0,0,0,0,0,0,0,0
5,1,4,15,13,24,0,0,0,0,0,0,0,0,0,0,0,0,0
5,1,4,16,0,0,0,0,0,0,0,0,0,0,0,0,0,0,0
6,9,12,16,0,0,0,0,0,0,0,0,0,0,0,0,0,0,0
6,9,13,24,0,0,0,0,0,0,0,0,0,0,0,0,0,0,0
6,10,32,26,24,0,0,0,0,0,0,0,0,0,0,0,0,0,0
6,10,32,30,52,47,0,0,0,0,0,0,0,0,0,0,0,0,0
7,36,32,28,46,68,60,54,17,0,0,0,0,0,0,0,0,0,0
7,37,39,76,72,68,60,55,47,0,0,0,0,0,0,0,0,0,0
5,1,4,15,13,0,0,0,0,0,0,0,0,0,0,0,0,0,0
5,1,4,16,21,0,0,0,0,0,0,0,0,0,0,0,0,0,0
6,9,13,0,0,0,0,0,0,0,0,0,0,0,0,0,0,0,0
6,10,32,26,0,0,0,0,0,0,0,0,0,0,0,0,0,0,0
7,36,32,28,46,68,60,54,17,21,0,0,0,0,0,0,0,0,0
5,1,4,16,21,25,0,0,0,0,0,0,0,0,0,0,0,0,0
6,9,13,25,0,0,0,0,0,0,0,0,0,0,0,0,0,0,0
6,10,32,0,0,0,0,0,0,0,0,0,0,0,0,0,0,0,0
6,10,34,41,43,0,0,0,0,0,0,0,0,0,0,0,0,0,0
7,36,32,0,0,0,0,0,0,0,0,0,0,0,0,0,0,0,0
7,37,39,75,64,61,57,43,0,0,0,0,0,0,0,0,0,0,0
5,1,4,16,21,25,27,0,0,0,0,0,0,0,0,0,0,0,0
6,9,13,25,27,0,0,0,0,0,0,0,0,0,0,0,0,0,0
6,10,0,0,0,0,0,0,0,0,0,0,0,0,0,0,0,0,0
7,36,0,0,0,0,0,0,0,0,0,0,0,0,0,0,0,0,0
6,10,33,0,0,0,0,0,0,0,0,0,0,0,0,0,0,0,0
7,0,0,0,0,0,0,0,0,0,0,0,0,0,0,0,0,0,0
6,10,33,37,0,0,0,0,0,0,0,0,0,0,0,0,0,0,0
7,37,0,0,0,0,0,0,0,0,0,0,0,0,0,0,0,0,0
5,1,4,16,20,18,56,61,57,44,0,0,0,0,0,0,0,0,0
5,1,4,16,20,18,56,63,67,44,0,0,0,0,0,0,0,0,0
5,1,4,16,21,25,28,46,70,71,0,0,0,0,0,0,0,0,0
6,9,12,16,22,50,56,62,65,70,71,0,0,0,0,0,0,0,0
6,9,13,25,28,44,0,0,0,0,0,0,0,0,0,0,0,0,0
6,9,13,25,28,46,70,71,0,0,0,0,0,0,0,0,0,0,0
6,10,32,28,44,0,0,0,0,0,0,0,0,0,0,0,0,0,0
6,10,34,0,0,0,0,0,0,0,0,0,0,0,0,0,0,0,0
7,36,32,28,44,0,0,0,0,0,0,0,0,0,0,0,0,0,0
7,36,32,28,46,70,71,0,0,0,0,0,0,0,0,0,0,0,0
7,36,34,0,0,0,0,0,0,0,0,0,0,0,0,0,0,0,0
7,37,39,76,71,0,0,0,0,0,0,0,0,0,0,0,0,0,0
5,1,4,16,20,18,56,61,57,0,0,0,0,0,0,0,0,0,0
5,1,4,16,20,18,56,63,67,0,0,0,0,0,0,0,0,0,0
5,1,4,16,21,25,28,0,0,0,0,0,0,0,0,0,0,0,0
6,9,13,25,28,0,0,0,0,0,0,0,0,0,0,0,0,0,0
6,10,32,28,0,0,0,0,0,0,0,0,0,0,0,0,0,0,0
6,10,32,30,53,57,0,0,0,0,0,0,0,0,0,0,0,0,0
6,10,34,41,0,0,0,0,0,0,0,0,0,0,0,0,0,0,0
7,36,32,28,0,0,0,0,0,0,0,0,0,0,0,0,0,0,0
7,37,39,75,64,61,57,0,0,0,0,0,0,0,0,0,0,0,0
7,37,39,76,72,67,0,0,0,0,0,0,0,0,0,0,0,0,0
5,1,4,15,13,24,22,0,0,0,0,0,0,0,0,0,0,0,0
5,1,4,16,20,18,55,0,0,0,0,0,0,0,0,0,0,0,0
5,1,4,16,21,25,28,46,68,60,55,0,0,0,0,0,0,0,0
5,1,4,16,22,0,0,0,0,0,0,0,0,0,0,0,0,0,0
6,9,12,16,20,18,55,0,0,0,0,0,0,0,0,0,0,0,0
6,9,12,16,22,0,0,0,0,0,0,0,0,0,0,0,0,0,0
6,9,13,24,20,18,55,0,0,0,0,0,0,0,0,0,0,0,0
6,9,13,24,22,0,0,0,0,0,0,0,0,0,0,0,0,0,0
6,9,13,25,28,46,69,64,60,55,0,0,0,0,0,0,0,0,0
6,9,13,25,29,0,0,0,0,0,0,0,0,0,0,0,0,0,0
6,9,13,25,30,52,0,0,0,0,0,0,0,0,0,0,0,0,0
6,10,32,29,0,0,0,0,0,0,0,0,0,0,0,0,0,0,0
6,10,32,30,52,0,0,0,0,0,0,0,0,0,0,0,0,0,0
6,10,34,41,43,29,0,0,0,0,0,0,0,0,0,0,0,0,0
7,36,32,28,46,68,60,55,0,0,0,0,0,0,0,0,0,0,0
7,36,32,29,0,0,0,0,0,0,0,0,0,0,0,0,0,0,0
7,37,39,76,72,68,60,55,0,0,0,0,0,0,0,0,0,0,0
5,1,4,16,21,25,28,46,68,60,55,49,0,0,0,0,0,0,0
6,9,12,16,20,18,55,49,0,0,0,0,0,0,0,0,0,0,0
6,9,12,16,22,49,0,0,0,0,0,0,0,0,0,0,0,0,0
6,9,13,24,22,49,0,0,0,0,0,0,0,0,0,0,0,0,0
6,9,13,25,30,0,0,0,0,0,0,0,0,0,0,0,0,0,0
6,10,32,29,49,0,0,0,0,0,0,0,0,0,0,0,0,0,0
6,10,32,30,0,0,0,0,0,0,0,0,0,0,0,0,0,0,0
6,10,34,41,45,58,0,0,0,0,0,0,0,0,0,0,0,0,0
7,36,32,28,45,58,0,0,0,0,0,0,0,0,0,0,0,0,0
7,36,32,29,49,0,0,0,0,0,0,0,0,0,0,0,0,0,0
7,36,32,30,0,0,0,0,0,0,0,0,0,0,0,0,0,0,0
7,37,39,75,64,61,58,0,0,0,0,0,0,0,0,0,0,0,0
7,37,39,76,72,68,60,55,49,0,0,0,0,0,0,0,0,0,0
5,1,4,16,20,18,56,63,0,0,0,0,0,0,0,0,0,0,0
5,1,4,16,21,25,28,46,0,0,0,0,0,0,0,0,0,0,0
6,9,12,16,20,18,56,63,0,0,0,0,0,0,0,0,0,0,0
6,9,12,16,22,50,56,62,65,0,0,0,0,0,0,0,0,0,0
6,9,13,24,20,18,56,63,0,0,0,0,0,0,0,0,0,0,0
6,9,13,24,22,50,56,63,0,0,0,0,0,0,0,0,0,0,0
6,9,13,25,28,46,0,0,0,0,0,0,0,0,0,0,0,0,0
6,10,32,28,46,0,0,0,0,0,0,0,0,0,0,0,0,0,0
6,10,32,29,50,56,63,0,0,0,0,0,0,0,0,0,0,0,0
6,10,32,30,52,50,56,63,0,0,0,0,0,0,0,0,0,0,0
6,10,34,42,72,0,0,0,0,0,0,0,0,0,0,0,0,0,0
7,36,32,28,46,0,0,0,0,0,0,0,0,0,0,0,0,0,0
7,36,34,42,72,0,0,0,0,0,0,0,0,0,0,0,0,0,0
7,37,39,75,64,63,0,0,0,0,0,0,0,0,0,0,0,0,0
7,37,39,75,65,0,0,0,0,0,0,0,0,0,0,0,0,0,0
7,37,39,76,72,0,0,0,0,0,0,0,0,0,0,0,0,0,0
5,1,4,16,20,18,56,61,57,44,42,0,0,0,0,0,0,0,0
5,1,4,16,20,18,56,63,67,44,42,0,0,0,0,0,0,0,0
5,1,4,16,20,18,56,63,70,0,0,0,0,0,0,0,0,0,0
5,1,4,16,21,25,28,46,70,0,0,0,0,0,0,0,0,0,0
6,9,12,16,20,18,56,63,70,0,0,0,0,0,0,0,0,0,0
6,9,12,16,22,50,56,62,65,70,0,0,0,0,0,0,0,0,0
6,9,13,24,20,18,56,63,70,0,0,0,0,0,0,0,0,0,0
6,9,13,24,22,50,56,63,70,0,0,0,0,0,0,0,0,0,0
6,9,13,25,28,46,70,0,0,0,0,0,0,0,0,0,0,0,0
6,10,32,28,46,70,0,0,0,0,0,0,0,0,0,0,0,0,0
6,10,32,29,50,56,63,70,0,0,0,0,0,0,0,0,0,0,0
6,10,34,42,0,0,0,0,0,0,0,0,0,0,0,0,0,0,0
7,36,32,28,46,70,0,0,0,0,0,0,0,0,0,0,0,0,0
7,36,34,42,0,0,0,0,0,0,0,0,0,0,0,0,0,0,0
7,37,39,76,0,0,0,0,0,0,0,0,0,0,0,0,0,0,0
8,5,0,0,0,0,0,0,0,0,0,0,0,0,0,0,0,0,0
9,12,14,3,0,0,0,0,0,0,0,0,0,0,0,0,0,0,0
10,33,35,5,0,0,0,0,0,0,0,0,0,0,0,0,0,0,0
8,5,1,0,0,0,0,0,0,0,0,0,0,0,0,0,0,0,0
9,12,14,0,0,0,0,0,0,0,0,0,0,0,0,0,0,0,0
10,33,35,5,1,0,0,0,0,0,0,0,0,0,0,0,0,0,0
8,0,0,0,0,0,0,0,0,0,0,0,0,0,0,0,0,0,0
9,12,14,3,2,0,0,0,0,0,0,0,0,0,0,0,0,0,0
10,33,35,0,0,0,0,0,0,0,0,0,0,0,0,0,0,0,0
9,0,0,0,0,0,0,0,0,0,0,0,0,0,0,0,0,0,0
8,5,1,4,0,0,0,0,0,0,0,0,0,0,0,0,0,0,0
9,12,0,0,0,0,0,0,0,0,0,0,0,0,0,0,0,0,0
8,5,1,4,16,20,0,0,0,0,0,0,0,0,0,0,0,0,0
8,5,1,4,16,21,25,28,46,68,60,54,0,0,0,0,0,0,0
8,5,1,4,16,22,50,54,0,0,0,0,0,0,0,0,0,0,0
8,7,36,32,28,46,68,60,54,0,0,0,0,0,0,0,0,0,0
8,7,37,39,76,72,68,60,54,0,0,0,0,0,0,0,0,0,0
9,12,16,20,0,0,0,0,0,0,0,0,0,0,0,0,0,0,0
9,12,16,22,50,54,0,0,0,0,0,0,0,0,0,0,0,0,0
9,13,24,20,0,0,0,0,0,0,0,0,0,0,0,0,0,0,0
9,13,24,22,50,54,0,0,0,0,0,0,0,0,0,0,0,0,0
9,13,25,28,46,69,64,60,54,0,0,0,0,0,0,0,0,0,0
9,13,25,29,50,54,0,0,0,0,0,0,0,0,0,0,0,0,0
9,13,25,30,52,50,54,0,0,0,0,0,0,0,0,0,0,0,0
10,32,29,50,54,0,0,0,0,0,0,0,0,0,0,0,0,0,0
10,32,30,52,47,20,0,0,0,0,0,0,0,0,0,0,0,0,0
10,32,30,52,50,54,0,0,0,0,0,0,0,0,0,0,0,0,0
8,5,1,4,16,0,0,0,0,0,0,0,0,0,0,0,0,0,0
8,7,36,32,28,46,68,60,54,17,0,0,0,0,0,0,0,0,0
8,7,37,39,76,72,68,60,55,47,0,0,0,0,0,0,0,0,0
9,12,16,0,0,0,0,0,0,0,0,0,0,0,0,0,0,0,0
9,13,24,0,0,0,0,0,0,0,0,0,0,0,0,0,0,0,0
10,32,26,24,0,0,0,0,0,0,0,0,0,0,0,0,0,0,0
10,32,30,52,47,0,0,0,0,0,0,0,0,0,0,0,0,0,0
8,5,1,4,16,21,0,0,0,0,0,0,0,0,0,0,0,0,0
8,7,36,32,28,46,68,60,54,17,21,0,0,0,0,0,0,0,0
9,13,0,0,0,0,0,0,0,0,0,0,0,0,0,0,0,0,0
10,32,26,0,0,0,0,0,0,0,0,0,0,0,0,0,0,0,0
8,5,1,4,16,21,25,0,0,0,0,0,0,0,0,0,0,0,0
8,7,36,32,0,0,0,0,0,0,0,0,0,0,0,0,0,0,0
9,13,25,0,0,0,0,0,0,0,0,0,0,0,0,0,0,0,0
10,32,0,0,0,0,0,0,0,0,0,0,0,0,0,0,0,0,0
10,34,41,43,0,0,0,0,0,0,0,0,0,0,0,0,0,0,0
8,5,1,4,16,21,25,27,0,0,0,0,0,0,0,0,0,0,0
8,7,36,0,0,0,0,0,0,0,0,0,0,0,0,0,0,0,0
9,13,25,27,0,0,0,0,0,0,0,0,0,0,0,0,0,0,0
10,0,0,0,0,0,0,0,0,0,0,0,0,0,0,0,0,0,0
8,7,0,0,0,0,0,0,0,0,0,0,0,0,0,0,0,0,0
9,12,14,3,2,7,0,0,0,0,0,0,0,0,0,0,0,0,0
10,33,0,0,0,0,0,0,0,0,0,0,0,0,0,0,0,0,0
8,7,37,0,0,0,0,0,0,0,0,0,0,0,0,0,0,0,0
9,12,14,3,2,7,37,0,0,0,0,0,0,0,0,0,0,0,0
10,33,37,0,0,0,0,0,0,0,0,0,0,0,0,0,0,0,0
8,5,1,4,16,21,25,28,46,70,71,0,0,0,0,0,0,0,0
8,7,36,32,28,44,0,0,0,0,0,0,0,0,0,0,0,0,0
8,7,36,32,28,46,70,71,0,0,0,0,0,0,0,0,0,0,0
8,7,36,34,0,0,0,0,0,0,0,0,0,0,0,0,0,0,0
8,7,37,39,76,71,0,0,0,0,0,0,0,0,0,0,0,0,0
9,12,16,20,18,56,61,57,44,0,0,0,0,0,0,0,0,0,0
9,12,16,20,18,56,63,67,44,0,0,0,0,0,0,0,0,0,0
9,12,16,22,50,56,62,65,70,71,0,0,0,0,0,0,0,0,0
9,13,25,28,44,0,0,0,0,0,0,0,0,0,0,0,0,0,0
9,13,25,28,46,70,71,0,0,0,0,0,0,0,0,0,0,0,0
10,32,28,44,0,0,0,0,0,0,0,0,0,0,0,0,0,0,0
10,34,0,0,0,0,0,0,0,0,0,0,0,0,0,0,0,0,0
8,5,1,4,16,21,25,28,0,0,0,0,0,0,0,0,0,0,0
8,7,36,32,28,0,0,0,0,0,0,0,0,0,0,0,0,0,0
9,12,16,20,18,56,61,57,0,0,0,0,0,0,0,0,0,0,0
9,12,16,20,18,56,63,67,0,0,0,0,0,0,0,0,0,0,0
9,13,24,20,18,56,63,67,0,0,0,0,0,0,0,0,0,0,0
9,13,24,22,49,53,57,0,0,0,0,0,0,0,0,0,0,0,0
9,13,25,28,0,0,0,0,0,0,0,0,0,0,0,0,0,0,0
10,32,28,0,0,0,0,0,0,0,0,0,0,0,0,0,0,0,0
10,32,30,53,57,0,0,0,0,0,0,0,0,0,0,0,0,0,0
10,34,41,0,0,0,0,0,0,0,0,0,0,0,0,0,0,0,0
8,5,1,4,16,20,18,55,0,0,0,0,0,0,0,0,0,0,0
8,5,1,4,16,21,25,28,46,68,60,55,0,0,0,0,0,0,0
8,5,1,4,16,22,0,0,0,0,0,0,0,0,0,0,0,0,0
8,7,36,32,28,46,68,60,55,0,0,0,0,0,0,0,0,0,0
8,7,37,39,76,72,68,60,55,0,0,0,0,0,0,0,0,0,0
9,12,16,20,18,55,0,0,0,0,0,0,0,0,0,0,0,0,0
9,12,16,22,0,0,0,0,0,0,0,0,0,0,0,0,0,0,0
9,13,24,20,18,55,0,0,0,0,0,0,0,0,0,0,0,0,0
9,13,24,22,0,0,0,0,0,0,0,0,0,0,0,0,0,0,0
9,13,25,28,46,69,64,60,55,0,0,0,0,0,0,0,0,0,0
9,13,25,29,0,0,0,0,0,0,0,0,0,0,0,0,0,0,0
9,13,25,30,52,0,0,0,0,0,0,0,0,0,0,0,0,0,0
10,32,29,0,0,0,0,0,0,0,0,0,0,0,0,0,0,0,0
10,32,30,52,0,0,0,0,0,0,0,0,0,0,0,0,0,0,0
10,34,41,43,29,0,0,0,0,0,0,0,0,0,0,0,0,0,0
8,5,1,4,16,21,25,28,46,68,60,55,49,0,0,0,0,0,0
8,7,36,32,30,0,0,0,0,0,0,0,0,0,0,0,0,0,0
8,7,37,39,76,72,68,60,55,49,0,0,0,0,0,0,0,0,0
9,12,16,20,18,55,49,0,0,0,0,0,0,0,0,0,0,0,0
9,12,16,22,49,0,0,0,0,0,0,0,0,0,0,0,0,0,0
9,13,24,22,49,0,0,0,0,0,0,0,0,0,0,0,0,0,0
9,13,25,28,45,58,0,0,0,0,0,0,0,0,0,0,0,0,0
9,13,25,30,0,0,0,0,0,0,0,0,0,0,0,0,0,0,0
10,32,29,49,0,0,0,0,0,0,0,0,0,0,0,0,0,0,0
10,32,30,0,0,0,0,0,0,0,0,0,0,0,0,0,0,0,0
10,34,41,45,58,0,0,0,0,0,0,0,0,0,0,0,0,0,0
8,5,1,4,16,20,18,0,0,0,0,0,0,0,0,0,0,0,0
8,5,1,4,16,21,25,28,46,68,60,0,0,0,0,0,0,0,0
8,5,1,4,16,22,50,0,0,0,0,0,0,0,0,0,0,0,0
8,7,36,32,28,46,68,60,0,0,0,0,0,0,0,0,0,0,0
8,7,37,39,76,72,68,60,0,0,0,0,0,0,0,0,0,0,0
9,12,16,20,18,0,0,0,0,0,0,0,0,0,0,0,0,0,0
9,12,16,22,50,0,0,0,0,0,0,0,0,0,0,0,0,0,0
9,13,24,20,18,0,0,0,0,0,0,0,0,0,0,0,0,0,0
9,13,24,22,50,0,0,0,0,0,0,0,0,0,0,0,0,0,0
9,13,25,28,46,69,64,60,0,0,0,0,0,0,0,0,0,0,0
9,13,25,29,50,0,0,0,0,0,0,0,0,0,0,0,0,0,0
9,13,25,30,52,50,0,0,0,0,0,0,0,0,0,0,0,0,0
10,32,29,50,0,0,0,0,0,0,0,0,0,0,0,0,0,0,0
10,32,30,52,47,20,18,0,0,0,0,0,0,0,0,0,0,0,0
10,32,30,52,50,0,0,0,0,0,0,0,0,0,0,0,0,0,0
8,5,1,4,16,21,25,28,46,68,61,0,0,0,0,0,0,0,0
8,7,36,32,28,45,0,0,0,0,0,0,0,0,0,0,0,0,0
8,7,37,39,76,72,68,61,0,0,0,0,0,0,0,0,0,0,0
9,12,16,20,18,56,61,0,0,0,0,0,0,0,0,0,0,0,0
9,12,16,22,49,53,0,0,0,0,0,0,0,0,0,0,0,0,0
9,12,16,22,50,56,61,0,0,0,0,0,0,0,0,0,0,0,0
9,13,24,22,49,53,0,0,0,0,0,0,0,0,0,0,0,0,0
9,13,25,28,45,0,0,0,0,0,0,0,0,0,0,0,0,0,0
9,13,25,30,53,0,0,0,0,0,0,0,0,0,0,0,0,0,0
10,32,28,45,0,0,0,0,0,0,0,0,0,0,0,0,0,0,0
10,32,29,49,53,0,0,0,0,0,0,0,0,0,0,0,0,0,0
10,32,30,53,0,0,0,0,0,0,0,0,0,0,0,0,0,0,0
10,34,41,45,0,0,0,0,0,0,0,0,0,0,0,0,0,0,0
8,5,1,4,16,20,18,56,0,0,0,0,0,0,0,0,0,0,0
8,5,1,4,16,21,25,28,46,68,0,0,0,0,0,0,0,0,0
8,5,1,4,16,22,50,56,0,0,0,0,0,0,0,0,0,0,0
8,7,36,32,28,46,68,0,0,0,0,0,0,0,0,0,0,0,0
8,7,37,39,76,72,68,0,0,0,0,0,0,0,0,0,0,0,0
9,12,16,20,18,56,0,0,0,0,0,0,0,0,0,0,0,0,0
9,12,16,22,50,56,0,0,0,0,0,0,0,0,0,0,0,0,0
9,13,24,20,18,56,0,0,0,0,0,0,0,0,0,0,0,0,0
9,13,24,22,49,53,59,0,0,0,0,0,0,0,0,0,0,0,0
9,13,24,22,50,56,0,0,0,0,0,0,0,0,0,0,0,0,0
9,13,25,28,45,59,0,0,0,0,0,0,0,0,0,0,0,0,0
9,13,25,28,46,68,0,0,0,0,0,0,0,0,0,0,0,0,0
9,13,25,28,46,69,64,0,0,0,0,0,0,0,0,0,0,0,0
9,13,25,29,50,56,0,0,0,0,0,0,0,0,0,0,0,0,0
9,13,25,30,52,50,56,0,0,0,0,0,0,0,0,0,0,0,0
10,32,28,45,59,0,0,0,0,0,0,0,0,0,0,0,0,0,0
10,32,28,46,68,0,0,0,0,0,0,0,0,0,0,0,0,0,0
10,32,29,50,56,0,0,0,0,0,0,0,0,0,0,0,0,0,0
10,32,30,52,50,56,0,0,0,0,0,0,0,0,0,0,0,0,0
10,32,30,53,59,0,0,0,0,0,0,0,0,0,0,0,0,0,0
8,5,1,4,16,20,18,56,62,0,0,0,0,0,0,0,0,0,0
8,5,1,4,16,21,25,28,46,68,62,0,0,0,0,0,0,0,0
8,7,36,32,28,46,68,62,0,0,0,0,0,0,0,0,0,0,0
8,7,36,32,28,46,69,0,0,0,0,0,0,0,0,0,0,0,0
8,7,36,34,42,72,69,0,0,0,0,0,0,0,0,0,0,0,0
8,7,37,39,75,0,0,0,0,0,0,0,0,0,0,0,0,0,0
9,12,16,20,18,56,62,0,0,0,0,0,0,0,0,0,0,0,0
9,12,16,22,50,56,62,0,0,0,0,0,0,0,0,0,0,0,0
9,13,24,20,18,56,62,0,0,0,0,0,0,0,0,0,0,0,0
9,13,24,20,18,56,63,69,0,0,0,0,0,0,0,0,0,0,0
9,13,24,22,50,56,62,0,0,0,0,0,0,0,0,0,0,0,0
9,13,25,28,46,69,0,0,0,0,0,0,0,0,0,0,0,0,0
10,32,28,46,69,0,0,0,0,0,0,0,0,0,0,0,0,0,0
10,32,29,50,56,62,0,0,0,0,0,0,0,0,0,0,0,0,0
10,32,30,52,50,56,62,0,0,0,0,0,0,0,0,0,0,0,0
10,33,37,39,75,0,0,0,0,0,0,0,0,0,0,0,0,0,0
10,34,42,72,69,0,0,0,0,0,0,0,0,0,0,0,0,0,0
10,34,42,73,75,0,0,0,0,0,0,0,0,0,0,0,0,0,0
8,5,1,4,16,20,18,56,63,0,0,0,0,0,0,0,0,0,0
8,5,1,4,16,21,25,28,46,0,0,0,0,0,0,0,0,0,0
8,7,36,32,28,46,0,0,0,0,0,0,0,0,0,0,0,0,0
8,7,36,34,42,72,0,0,0,0,0,0,0,0,0,0,0,0,0
8,7,37,39,75,65,0,0,0,0,0,0,0,0,0,0,0,0,0
8,7,37,39,76,72,0,0,0,0,0,0,0,0,0,0,0,0,0
9,12,16,20,18,56,63,0,0,0,0,0,0,0,0,0,0,0,0
9,12,16,22,50,56,62,65,0,0,0,0,0,0,0,0,0,0,0
9,13,24,20,18,56,63,0,0,0,0,0,0,0,0,0,0,0,0
9,13,24,22,49,53,59,63,0,0,0,0,0,0,0,0,0,0,0
9,13,24,22,50,56,63,0,0,0,0,0,0,0,0,0,0,0,0
9,13,25,28,46,0,0,0,0,0,0,0,0,0,0,0,0,0,0
10,32,28,46,0,0,0,0,0,0,0,0,0,0,0,0,0,0,0
10,32,29,50,56,63,0,0,0,0,0,0,0,0,0,0,0,0,0
10,32,30,52,50,56,63,0,0,0,0,0,0,0,0,0,0,0,0
10,34,42,72,0,0,0,0,0,0,0,0,0,0,0,0,0,0,0
8,5,1,4,16,21,25,28,46,70,0,0,0,0,0,0,0,0,0
8,7,36,32,28,46,70,0,0,0,0,0,0,0,0,0,0,0,0
8,7,36,34,42,0,0,0,0,0,0,0,0,0,0,0,0,0,0
8,7,37,39,76,0,0,0,0,0,0,0,0,0,0,0,0,0,0
9,12,16,20,18,56,61,57,44,42,0,0,0,0,0,0,0,0,0
9,12,16,20,18,56,63,67,44,42,0,0,0,0,0,0,0,0,0
9,12,16,20,18,56,63,70,0,0,0,0,0,0,0,0,0,0,0
9,12,16,22,50,56,62,65,70,0,0,0,0,0,0,0,0,0,0
9,13,24,20,18,56,63,70,0,0,0,0,0,0,0,0,0,0,0
9,13,24,22,50,56,63,70,0,0,0,0,0,0,0,0,0,0,0
9,13,25,28,46,70,0,0,0,0,0,0,0,0,0,0,0,0,0
10,32,28,46,70,0,0,0,0,0,0,0,0,0,0,0,0,0,0
10,32,29,50,56,63,70,0,0,0,0,0,0,0,0,0,0,0,0
10,34,42,0,0,0,0,0,0,0,0,0,0,0,0,0,0,0,0
8,5,1,4,16,20,18,56,62,66,0,0,0,0,0,0,0,0,0
8,7,36,32,28,46,68,62,66,0,0,0,0,0,0,0,0,0,0
8,7,37,39,0,0,0,0,0,0,0,0,0,0,0,0,0,0,0
9,12,16,20,18,56,62,66,0,0,0,0,0,0,0,0,0,0,0
9,13,24,20,18,56,62,66,0,0,0,0,0,0,0,0,0,0,0
9,13,24,20,18,56,63,69,66,0,0,0,0,0,0,0,0,0,0
10,32,29,50,56,62,66,0,0,0,0,0,0,0,0,0,0,0,0
10,33,37,39,0,0,0,0,0,0,0,0,0,0,0,0,0,0,0
10,34,42,72,69,66,0,0,0,0,0,0,0,0,0,0,0,0,0
10,34,42,73,0,0,0,0,0,0,0,0,0,0,0,0,0,0,0
11,8,5,0,0,0,0,0,0,0,0,0,0,0,0,0,0,0,0
12,14,3,0,0,0,0,0,0,0,0,0,0,0,0,0,0,0,0
13,25,27,31,8,5,0,0,0,0,0,0,0,0,0,0,0,0,0
13,25,27,33,35,5,0,0,0,0,0,0,0,0,0,0,0,0,0
11,8,5,1,0,0,0,0,0,0,0,0,0,0,0,0,0,0,0
12,14,0,0,0,0,0,0,0,0,0,0,0,0,0,0,0,0,0
13,25,27,31,8,5,1,0,0,0,0,0,0,0,0,0,0,0,0
13,25,27,33,35,5,1,0,0,0,0,0,0,0,0,0,0,0,0
11,8,0,0,0,0,0,0,0,0,0,0,0,0,0,0,0,0,0
12,14,3,2,0,0,0,0,0,0,0,0,0,0,0,0,0,0,0
13,25,27,31,8,0,0,0,0,0,0,0,0,0,0,0,0,0,0
13,25,27,33,35,0,0,0,0,0,0,0,0,0,0,0,0,0,0
11,0,0,0,0,0,0,0,0,0,0,0,0,0,0,0,0,0,0
12,14,3,2,6,0,0,0,0,0,0,0,0,0,0,0,0,0,0
13,25,27,31,0,0,0,0,0,0,0,0,0,0,0,0,0,0,0
13,25,27,33,35,6,0,0,0,0,0,0,0,0,0,0,0,0,0
11,8,5,1,4,0,0,0,0,0,0,0,0,0,0,0,0,0,0
12,0,0,0,0,0,0,0,0,0,0,0,0,0,0,0,0,0,0
13,25,27,33,35,5,1,4,0,0,0,0,0,0,0,0,0,0,0
11,8,5,1,4,16,20,0,0,0,0,0,0,0,0,0,0,0,0
11,8,5,1,4,16,21,25,28,46,68,60,54,0,0,0,0,0,0
11,8,5,1,4,16,22,50,54,0,0,0,0,0,0,0,0,0,0
11,8,7,36,32,28,46,68,60,54,0,0,0,0,0,0,0,0,0
11,8,7,37,39,76,72,68,60,54,0,0,0,0,0,0,0,0,0
11,10,32,29,50,54,0,0,0,0,0,0,0,0,0,0,0,0,0
11,10,32,30,52,47,20,0,0,0,0,0,0,0,0,0,0,0,0
12,14,3,2,6,10,32,30,52,50,54,0,0,0,0,0,0,0,0
12,16,20,0,0,0,0,0,0,0,0,0,0,0,0,0,0,0,0
12,16,22,50,54,0,0,0,0,0,0,0,0,0,0,0,0,0,0
13,24,20,0,0,0,0,0,0,0,0,0,0,0,0,0,0,0,0
13,24,22,50,54,0,0,0,0,0,0,0,0,0,0,0,0,0,0
13,25,28,46,68,60,54,0,0,0,0,0,0,0,0,0,0,0,0
13,25,28,46,69,64,60,54,0,0,0,0,0,0,0,0,0,0,0
13,25,29,50,54,0,0,0,0,0,0,0,0,0,0,0,0,0,0
13,25,30,52,50,54,0,0,0,0,0,0,0,0,0,0,0,0,0
11,8,5,1,4,16,0,0,0,0,0,0,0,0,0,0,0,0,0
11,8,7,36,32,28,46,68,60,54,17,0,0,0,0,0,0,0,0
11,8,7,37,39,76,72,68,60,55,47,0,0,0,0,0,0,0,0
11,10,32,30,52,47,0,0,0,0,0,0,0,0,0,0,0,0,0
12,14,3,2,6,10,32,26,24,0,0,0,0,0,0,0,0,0,0
12,16,0,0,0,0,0,0,0,0,0,0,0,0,0,0,0,0,0
13,24,0,0,0,0,0,0,0,0,0,0,0,0,0,0,0,0,0
13,25,28,46,68,60,54,17,0,0,0,0,0,0,0,0,0,0,0
11,8,5,1,4,16,21,0,0,0,0,0,0,0,0,0,0,0,0
11,8,7,36,32,28,46,68,60,54,17,21,0,0,0,0,0,0,0
11,10,32,26,0,0,0,0,0,0,0,0,0,0,0,0,0,0,0
12,14,3,2,6,10,32,26,0,0,0,0,0,0,0,0,0,0,0
13,0,0,0,0,0,0,0,0,0,0,0,0,0,0,0,0,0,0
11,8,5,1,4,16,21,25,0,0,0,0,0,0,0,0,0,0,0
11,8,7,36,32,0,0,0,0,0,0,0,0,0,0,0,0,0,0
11,10,32,0,0,0,0,0,0,0,0,0,0,0,0,0,0,0,0
12,14,3,2,6,10,32,0,0,0,0,0,0,0,0,0,0,0,0
12,14,3,2,6,10,34,41,43,0,0,0,0,0,0,0,0,0,0
13,25,0,0,0,0,0,0,0,0,0,0,0,0,0,0,0,0,0
11,8,5,1,4,16,21,25,27,0,0,0,0,0,0,0,0,0,0
11,8,7,36,0,0,0,0,0,0,0,0,0,0,0,0,0,0,0
11,10,0,0,0,0,0,0,0,0,0,0,0,0,0,0,0,0,0
12,14,3,2,6,10,0,0,0,0,0,0,0,0,0,0,0,0,0
13,25,27,0,0,0,0,0,0,0,0,0,0,0,0,0,0,0,0
11,8,7,0,0,0,0,0,0,0,0,0,0,0,0,0,0,0,0
11,10,33,0,0,0,0,0,0,0,0,0,0,0,0,0,0,0,0
12,14,3,2,6,10,33,0,0,0,0,0,0,0,0,0,0,0,0
12,14,3,2,7,0,0,0,0,0,0,0,0,0,0,0,0,0,0
13,25,27,31,8,7,0,0,0,0,0,0,0,0,0,0,0,0,0
13,25,27,33,0,0,0,0,0,0,0,0,0,0,0,0,0,0,0
13,25,27,34,42,73,74,38,0,0,0,0,0,0,0,0,0,0,0
11,8,7,37,0,0,0,0,0,0,0,0,0,0,0,0,0,0,0
11,10,33,37,0,0,0,0,0,0,0,0,0,0,0,0,0,0,0
12,14,3,2,6,10,33,37,0,0,0,0,0,0,0,0,0,0,0
12,14,3,2,7,37,0,0,0,0,0,0,0,0,0,0,0,0,0
13,25,27,31,8,7,37,0,0,0,0,0,0,0,0,0,0,0,0
13,25,27,33,37,0,0,0,0,0,0,0,0,0,0,0,0,0,0
13,25,27,34,42,73,74,0,0,0,0,0,0,0,0,0,0,0,0
11,8,5,1,4,16,21,25,28,46,70,71,0,0,0,0,0,0,0
11,8,7,36,32,28,44,0,0,0,0,0,0,0,0,0,0,0,0
11,8,7,36,34,0,0,0,0,0,0,0,0,0,0,0,0,0,0
11,8,7,37,39,76,71,0,0,0,0,0,0,0,0,0,0,0,0
11,10,32,28,44,0,0,0,0,0,0,0,0,0,0,0,0,0,0
11,10,34,0,0,0,0,0,0,0,0,0,0,0,0,0,0,0,0
12,14,3,2,6,10,34,0,0,0,0,0,0,0,0,0,0,0,0
12,16,20,18,56,61,57,44,0,0,0,0,0,0,0,0,0,0,0
12,16,20,18,56,63,67,44,0,0,0,0,0,0,0,0,0,0,0
12,16,22,50,56,62,65,70,71,0,0,0,0,0,0,0,0,0,0
13,25,27,34,0,0,0,0,0,0,0,0,0,0,0,0,0,0,0
13,25,28,44,0,0,0,0,0,0,0,0,0,0,0,0,0,0,0
13,25,28,46,70,71,0,0,0,0,0,0,0,0,0,0,0,0,0
11,8,5,1,4,16,21,25,28,0,0,0,0,0,0,0,0,0,0
11,8,7,36,32,28,0,0,0,0,0,0,0,0,0,0,0,0,0
11,10,32,28,0,0,0,0,0,0,0,0,0,0,0,0,0,0,0
11,10,32,30,53,57,0,0,0,0,0,0,0,0,0,0,0,0,0
12,14,3,2,6,10,34,41,0,0,0,0,0,0,0,0,0,0,0
12,16,20,18,56,61,57,0,0,0,0,0,0,0,0,0,0,0,0
12,16,20,18,56,63,67,0,0,0,0,0,0,0,0,0,0,0,0
13,24,20,18,56,63,67,0,0,0,0,0,0,0,0,0,0,0,0
13,24,22,49,53,57,0,0,0,0,0,0,0,0,0,0,0,0,0
13,25,28,0,0,0,0,0,0,0,0,0,0,0,0,0,0,0,0
11,8,5,1,4,16,21,25,28,46,68,60,55,0,0,0,0,0,0
11,8,5,1,4,16,22,0,0,0,0,0,0,0,0,0,0,0,0
11,8,7,36,32,28,46,68,60,55,0,0,0,0,0,0,0,0,0
11,8,7,37,39,76,72,68,60,55,0,0,0,0,0,0,0,0,0
11,10,32,29,0,0,0,0,0,0,0,0,0,0,0,0,0,0,0
11,10,32,30,52,0,0,0,0,0,0,0,0,0,0,0,0,0,0
12,14,3,2,6,10,32,30,52,0,0,0,0,0,0,0,0,0,0
12,14,3,2,6,10,34,41,43,29,0,0,0,0,0,0,0,0,0
12,16,20,18,55,0,0,0,0,0,0,0,0,0,0,0,0,0,0
12,16,22,0,0,0,0,0,0,0,0,0,0,0,0,0,0,0,0
13,24,20,18,55,0,0,0,0,0,0,0,0,0,0,0,0,0,0
13,24,22,0,0,0,0,0,0,0,0,0,0,0,0,0,0,0,0
13,25,28,46,68,60,55,0,0,0,0,0,0,0,0,0,0,0,0
13,25,28,46,69,64,60,55,0,0,0,0,0,0,0,0,0,0,0
13,25,29,0,0,0,0,0,0,0,0,0,0,0,0,0,0,0,0
13,25,30,52,0,0,0,0,0,0,0,0,0,0,0,0,0,0,0
11,8,5,1,4,16,21,25,28,46,68,60,55,49,0,0,0,0,0
11,8,7,36,32,30,0,0,0,0,0,0,0,0,0,0,0,0,0
11,8,7,37,39,76,72,68,60,55,49,0,0,0,0,0,0,0,0
11,10,32,29,49,0,0,0,0,0,0,0,0,0,0,0,0,0,0
11,10,32,30,0,0,0,0,0,0,0,0,0,0,0,0,0,0,0
12,14,3,2,6,10,32,30,0,0,0,0,0,0,0,0,0,0,0
12,14,3,2,6,10,34,41,45,58,0,0,0,0,0,0,0,0,0
12,16,20,18,55,49,0,0,0,0,0,0,0,0,0,0,0,0,0
12,16,22,49,0,0,0,0,0,0,0,0,0,0,0,0,0,0,0
13,24,22,49,0,0,0,0,0,0,0,0,0,0,0,0,0,0,0
13,25,28,45,58,0,0,0,0,0,0,0,0,0,0,0,0,0,0
13,25,30,0,0,0,0,0,0,0,0,0,0,0,0,0,0,0,0
11,8,5,1,4,16,21,25,28,46,68,61,0,0,0,0,0,0,0
11,8,7,36,32,28,45,0,0,0,0,0,0,0,0,0,0,0,0
11,8,7,37,39,76,72,68,61,0,0,0,0,0,0,0,0,0,0
11,10,32,28,45,0,0,0,0,0,0,0,0,0,0,0,0,0,0
11,10,32,29,49,53,0,0,0,0,0,0,0,0,0,0,0,0,0
11,10,32,30,53,0,0,0,0,0,0,0,0,0,0,0,0,0,0
12,14,3,2,6,10,34,41,45,0,0,0,0,0,0,0,0,0,0
12,16,20,18,56,61,0,0,0,0,0,0,0,0,0,0,0,0,0
12,16,22,49,53,0,0,0,0,0,0,0,0,0,0,0,0,0,0
12,16,22,50,56,61,0,0,0,0,0,0,0,0,0,0,0,0,0
13,24,22,49,53,0,0,0,0,0,0,0,0,0,0,0,0,0,0
13,25,28,45,0,0,0,0,0,0,0,0,0,0,0,0,0,0,0
13,25,30,53,0,0,0,0,0,0,0,0,0,0,0,0,0,0,0
11,8,5,1,4,16,20,18,56,0,0,0,0,0,0,0,0,0,0
11,8,5,1,4,16,21,25,28,46,68,0,0,0,0,0,0,0,0
11,8,5,1,4,16,22,50,56,0,0,0,0,0,0,0,0,0,0
11,8,7,36,32,28,46,68,0,0,0,0,0,0,0,0,0,0,0
11,8,7,37,39,76,72,68,0,0,0,0,0,0,0,0,0,0,0
11,10,32,29,50,56,0,0,0,0,0,0,0,0,0,0,0,0,0
11,10,32,30,53,59,0,0,0,0,0,0,0,0,0,0,0,0,0
12,14,3,2,6,10,32,30,52,50,56,0,0,0,0,0,0,0,0
12,16,20,18,56,0,0,0,0,0,0,0,0,0,0,0,0,0,0
12,16,22,50,56,0,0,0,0,0,0,0,0,0,0,0,0,0,0
13,24,20,18,56,0,0,0,0,0,0,0,0,0,0,0,0,0,0
13,24,22,49,53,59,0,0,0,0,0,0,0,0,0,0,0,0,0
13,24,22,50,56,0,0,0,0,0,0,0,0,0,0,0,0,0,0
13,25,28,45,59,0,0,0,0,0,0,0,0,0,0,0,0,0,0
13,25,28,46,68,0,0,0,0,0,0,0,0,0,0,0,0,0,0
13,25,28,46,69,64,0,0,0,0,0,0,0,0,0,0,0,0,0
13,25,29,50,56,0,0,0,0,0,0,0,0,0,0,0,0,0,0
13,25,30,52,50,56,0,0,0,0,0,0,0,0,0,0,0,0,0
11,8,5,1,4,16,20,18,56,62,0,0,0,0,0,0,0,0,0
11,8,5,1,4,16,21,25,28,46,68,62,0,0,0,0,0,0,0
11,8,7,36,32,28,46,68,62,0,0,0,0,0,0,0,0,0,0
11,8,7,37,39,75,0,0,0,0,0,0,0,0,0,0,0,0,0
11,10,32,29,50,56,62,0,0,0,0,0,0,0,0,0,0,0,0
11,10,34,42,73,75,0,0,0,0,0,0,0,0,0,0,0,0,0
12,14,3,2,6,10,32,30,52,50,56,62,0,0,0,0,0,0,0
12,16,20,18,56,62,0,0,0,0,0,0,0,0,0,0,0,0,0
12,16,20,18,56,63,69,0,0,0,0,0,0,0,0,0,0,0,0
12,16,22,50,56,62,0,0,0,0,0,0,0,0,0,0,0,0,0
13,24,20,18,56,62,0,0,0,0,0,0,0,0,0,0,0,0,0
13,24,20,18,56,63,69,0,0,0,0,0,0,0,0,0,0,0,0
13,24,22,49,53,59,63,69,0,0,0,0,0,0,0,0,0,0,0
13,24,22,50,56,62,0,0,0,0,0,0,0,0,0,0,0,0,0
13,25,28,46,69,0,0,0,0,0,0,0,0,0,0,0,0,0,0
11,8,5,1,4,16,20,18,56,63,0,0,0,0,0,0,0,0,0
11,8,5,1,4,16,21,25,28,46,0,0,0,0,0,0,0,0,0
11,8,7,36,32,28,46,0,0,0,0,0,0,0,0,0,0,0,0
11,8,7,37,39,75,65,0,0,0,0,0,0,0,0,0,0,0,0
11,8,7,37,39,76,72,0,0,0,0,0,0,0,0,0,0,0,0
11,10,32,29,50,56,63,0,0,0,0,0,0,0,0,0,0,0,0
11,10,34,42,72,0,0,0,0,0,0,0,0,0,0,0,0,0,0
12,14,3,2,6,10,32,30,52,50,56,63,0,0,0,0,0,0,0
12,16,20,18,56,63,0,0,0,0,0,0,0,0,0,0,0,0,0
12,16,22,50,56,62,65,0,0,0,0,0,0,0,0,0,0,0,0
13,24,20,18,56,63,0,0,0,0,0,0,0,0,0,0,0,0,0
13,24,22,49,53,59,63,0,0,0,0,0,0,0,0,0,0,0,0
13,24,22,50,56,63,0,0,0,0,0,0,0,0,0,0,0,0,0
13,25,28,46,0,0,0,0,0,0,0,0,0,0,0,0,0,0,0
11,8,5,1,4,16,21,25,28,46,70,0,0,0,0,0,0,0,0
11,8,7,36,32,28,46,70,0,0,0,0,0,0,0,0,0,0,0
11,8,7,37,39,76,0,0,0,0,0,0,0,0,0,0,0,0,0
11,10,32,29,50,56,63,70,0,0,0,0,0,0,0,0,0,0,0
11,10,34,42,0,0,0,0,0,0,0,0,0,0,0,0,0,0,0
12,14,3,2,6,10,34,42,0,0,0,0,0,0,0,0,0,0,0
12,16,20,18,56,61,57,44,42,0,0,0,0,0,0,0,0,0,0
12,16,20,18,56,63,67,44,42,0,0,0,0,0,0,0,0,0,0
12,16,20,18,56,63,70,0,0,0,0,0,0,0,0,0,0,0,0
12,16,22,50,56,62,65,70,0,0,0,0,0,0,0,0,0,0,0
13,24,20,18,56,63,69,66,76,0,0,0,0,0,0,0,0,0,0
13,24,20,18,56,63,70,0,0,0,0,0,0,0,0,0,0,0,0
13,24,22,49,53,59,63,70,0,0,0,0,0,0,0,0,0,0,0
13,24,22,50,56,63,70,0,0,0,0,0,0,0,0,0,0,0,0
13,25,27,34,42,0,0,0,0,0,0,0,0,0,0,0,0,0,0
13,25,28,46,70,0,0,0,0,0,0,0,0,0,0,0,0,0,0
14,3,0,0,0,0,0,0,0,0,0,0,0,0,0,0,0,0,0
15,11,8,5,0,0,0,0,0,0,0,0,0,0,0,0,0,0,0
15,13,25,27,31,8,5,0,0,0,0,0,0,0,0,0,0,0,0
15,13,25,27,33,35,5,0,0,0,0,0,0,0,0,0,0,0,0
16,21,25,27,31,8,5,0,0,0,0,0,0,0,0,0,0,0,0
14,0,0,0,0,0,0,0,0,0,0,0,0,0,0,0,0,0,0
15,11,8,5,1,0,0,0,0,0,0,0,0,0,0,0,0,0,0
15,13,25,27,31,8,5,1,0,0,0,0,0,0,0,0,0,0,0
15,13,25,27,33,35,5,1,0,0,0,0,0,0,0,0,0,0,0
16,21,25,27,31,8,5,1,0,0,0,0,0,0,0,0,0,0,0
14,3,2,0,0,0,0,0,0,0,0,0,0,0,0,0,0,0,0
15,11,8,0,0,0,0,0,0,0,0,0,0,0,0,0,0,0,0
15,13,25,27,31,8,0,0,0,0,0,0,0,0,0,0,0,0,0
15,13,25,27,33,35,0,0,0,0,0,0,0,0,0,0,0,0,0
16,21,25,27,31,8,0,0,0,0,0,0,0,0,0,0,0,0,0
14,3,2,6,0,0,0,0,0,0,0,0,0,0,0,0,0,0,0
15,11,0,0,0,0,0,0,0,0,0,0,0,0,0,0,0,0,0
15,13,25,27,31,0,0,0,0,0,0,0,0,0,0,0,0,0,0
15,13,25,27,33,35,6,0,0,0,0,0,0,0,0,0,0,0,0
16,21,25,27,31,0,0,0,0,0,0,0,0,0,0,0,0,0,0
14,3,2,6,9,0,0,0,0,0,0,0,0,0,0,0,0,0,0
15,0,0,0,0,0,0,0,0,0,0,0,0,0,0,0,0,0,0
16,21,25,27,31,9,0,0,0,0,0,0,0,0,0,0,0,0,0
14,3,2,6,10,32,30,52,47,20,0,0,0,0,0,0,0,0,0
14,3,2,6,10,32,30,52,50,54,0,0,0,0,0,0,0,0,0
14,3,2,7,36,32,28,46,68,60,54,0,0,0,0,0,0,0,0
15,11,10,32,29,50,54,0,0,0,0,0,0,0,0,0,0,0,0
15,13,24,20,0,0,0,0,0,0,0,0,0,0,0,0,0,0,0
15,13,24,22,50,54,0,0,0,0,0,0,0,0,0,0,0,0,0
15,13,25,28,46,69,64,60,54,0,0,0,0,0,0,0,0,0,0
15,13,25,29,50,54,0,0,0,0,0,0,0,0,0,0,0,0,0
15,13,25,30,52,50,54,0,0,0,0,0,0,0,0,0,0,0,0
16,20,0,0,0,0,0,0,0,0,0,0,0,0,0,0,0,0,0
16,21,25,28,46,68,60,54,0,0,0,0,0,0,0,0,0,0,0
16,22,50,54,0,0,0,0,0,0,0,0,0,0,0,0,0,0,0
14,3,2,6,10,32,26,24,0,0,0,0,0,0,0,0,0,0,0
14,3,2,6,10,32,30,52,47,0,0,0,0,0,0,0,0,0,0
14,3,2,7,36,32,28,46,68,60,54,17,0,0,0,0,0,0,0
15,13,24,0,0,0,0,0,0,0,0,0,0,0,0,0,0,0,0
16,0,0,0,0,0,0,0,0,0,0,0,0,0,0,0,0,0,0
14,3,2,6,9,13,0,0,0,0,0,0,0,0,0,0,0,0,0
14,3,2,6,10,32,26,0,0,0,0,0,0,0,0,0,0,0,0
14,3,2,7,36,32,28,46,68,60,54,17,21,0,0,0,0,0,0
15,11,10,32,26,0,0,0,0,0,0,0,0,0,0,0,0,0,0
15,13,0,0,0,0,0,0,0,0,0,0,0,0,0,0,0,0,0
16,21,0,0,0,0,0,0,0,0,0,0,0,0,0,0,0,0,0
14,3,2,6,9,13,25,0,0,0,0,0,0,0,0,0,0,0,0
14,3,2,6,10,32,0,0,0,0,0,0,0,0,0,0,0,0,0
14,3,2,6,10,34,41,43,0,0,0,0,0,0,0,0,0,0,0
14,3,2,7,36,32,0,0,0,0,0,0,0,0,0,0,0,0,0
15,11,10,32,0,0,0,0,0,0,0,0,0,0,0,0,0,0,0
15,13,25,0,0,0,0,0,0,0,0,0,0,0,0,0,0,0,0
16,21,25,0,0,0,0,0,0,0,0,0,0,0,0,0,0,0,0
16,22,48,0,0,0,0,0,0,0,0,0,0,0,0,0,0,0,0
14,3,2,6,10,0,0,0,0,0,0,0,0,0,0,0,0,0,0
14,3,2,7,36,0,0,0,0,0,0,0,0,0,0,0,0,0,0
15,11,8,7,36,0,0,0,0,0,0,0,0,0,0,0,0,0,0
15,11,10,0,0,0,0,0,0,0,0,0,0,0,0,0,0,0,0
15,13,25,27,0,0,0,0,0,0,0,0,0,0,0,0,0,0,0
16,21,25,27,0,0,0,0,0,0,0,0,0,0,0,0,0,0,0
16,22,48,27,0,0,0,0,0,0,0,0,0,0,0,0,0,0,0
14,3,2,6,10,33,0,0,0,0,0,0,0,0,0,0,0,0,0
14,3,2,7,0,0,0,0,0,0,0,0,0,0,0,0,0,0,0
15,11,8,7,0,0,0,0,0,0,0,0,0,0,0,0,0,0,0
15,13,25,27,31,8,7,0,0,0,0,0,0,0,0,0,0,0,0
15,13,25,27,33,0,0,0,0,0,0,0,0,0,0,0,0,0,0
15,13,25,27,34,42,73,74,38,0,0,0,0,0,0,0,0,0,0
16,21,25,27,31,8,7,0,0,0,0,0,0,0,0,0,0,0,0
16,22,48,27,33,0,0,0,0,0,0,0,0,0,0,0,0,0,0
14,3,2,6,10,33,37,0,0,0,0,0,0,0,0,0,0,0,0
14,3,2,7,37,0,0,0,0,0,0,0,0,0,0,0,0,0,0
15,11,8,7,37,0,0,0,0,0,0,0,0,0,0,0,0,0,0
15,13,25,27,31,8,7,37,0,0,0,0,0,0,0,0,0,0,0
15,13,25,27,33,37,0,0,0,0,0,0,0,0,0,0,0,0,0
15,13,25,27,34,42,73,74,0,0,0,0,0,0,0,0,0,0,0
16,20,18,56,63,70,73,74,0,0,0,0,0,0,0,0,0,0,0
16,21,25,27,31,8,7,37,0,0,0,0,0,0,0,0,0,0,0
16,22,49,53,59,63,70,73,74,0,0,0,0,0,0,0,0,0,0
14,3,2,6,10,34,0,0,0,0,0,0,0,0,0,0,0,0,0
14,3,2,7,36,32,28,44,0,0,0,0,0,0,0,0,0,0,0
14,3,2,7,36,34,0,0,0,0,0,0,0,0,0,0,0,0,0
14,3,2,7,37,39,76,71,0,0,0,0,0,0,0,0,0,0,0
15,11,8,7,36,34,0,0,0,0,0,0,0,0,0,0,0,0,0
15,11,10,34,0,0,0,0,0,0,0,0,0,0,0,0,0,0,0
15,13,25,27,34,0,0,0,0,0,0,0,0,0,0,0,0,0,0
15,13,25,28,44,0,0,0,0,0,0,0,0,0,0,0,0,0,0
15,13,25,28,46,70,71,0,0,0,0,0,0,0,0,0,0,0,0
16,20,18,56,61,57,44,0,0,0,0,0,0,0,0,0,0,0,0
16,20,18,56,63,67,44,0,0,0,0,0,0,0,0,0,0,0,0
16,20,18,56,63,70,71,0,0,0,0,0,0,0,0,0,0,0,0
16,21,25,27,34,0,0,0,0,0,0,0,0,0,0,0,0,0,0
16,21,25,28,44,0,0,0,0,0,0,0,0,0,0,0,0,0,0
16,21,25,28,46,70,71,0,0,0,0,0,0,0,0,0,0,0,0
16,22,48,27,34,0,0,0,0,0,0,0,0,0,0,0,0,0,0
16,22,50,56,62,65,70,71,0,0,0,0,0,0,0,0,0,0,0
14,3,2,6,9,13,25,28,0,0,0,0,0,0,0,0,0,0,0
14,3,2,6,10,32,28,0,0,0,0,0,0,0,0,0,0,0,0
14,3,2,6,10,32,30,53,57,0,0,0,0,0,0,0,0,0,0
14,3,2,6,10,34,41,0,0,0,0,0,0,0,0,0,0,0,0
14,3,2,7,36,32,28,0,0,0,0,0,0,0,0,0,0,0,0
15,11,10,32,28,0,0,0,0,0,0,0,0,0,0,0,0,0,0
15,13,25,28,0,0,0,0,0,0,0,0,0,0,0,0,0,0,0
16,20,18,56,61,57,0,0,0,0,0,0,0,0,0,0,0,0,0
16,20,18,56,63,67,0,0,0,0,0,0,0,0,0,0,0,0,0
16,21,25,28,0,0,0,0,0,0,0,0,0,0,0,0,0,0,0
16,22,49,53,57,0,0,0,0,0,0,0,0,0,0,0,0,0,0
16,22,50,56,61,57,0,0,0,0,0,0,0,0,0,0,0,0,0
14,3,2,6,9,13,25,29,0,0,0,0,0,0,0,0,0,0,0
14,3,2,6,9,13,25,30,52,0,0,0,0,0,0,0,0,0,0
14,3,2,6,10,32,29,0,0,0,0,0,0,0,0,0,0,0,0
14,3,2,6,10,32,30,52,0,0,0,0,0,0,0,0,0,0,0
14,3,2,6,10,34,41,43,29,0,0,0,0,0,0,0,0,0,0
14,3,2,7,36,32,28,46,68,60,55,0,0,0,0,0,0,0,0
15,11,10,32,29,0,0,0,0,0,0,0,0,0,0,0,0,0,0
15,13,24,20,18,55,0,0,0,0,0,0,0,0,0,0,0,0,0
15,13,24,22,0,0,0,0,0,0,0,0,0,0,0,0,0,0,0
15,13,25,28,46,69,64,60,55,0,0,0,0,0,0,0,0,0,0
15,13,25,29,0,0,0,0,0,0,0,0,0,0,0,0,0,0,0
15,13,25,30,52,0,0,0,0,0,0,0,0,0,0,0,0,0,0
16,20,18,55,0,0,0,0,0,0,0,0,0,0,0,0,0,0,0
16,21,25,28,46,68,60,55,0,0,0,0,0,0,0,0,0,0,0
16,22,0,0,0,0,0,0,0,0,0,0,0,0,0,0,0,0,0
14,3,2,6,9,13,25,30,0,0,0,0,0,0,0,0,0,0,0
14,3,2,6,10,32,30,0,0,0,0,0,0,0,0,0,0,0,0
14,3,2,6,10,34,41,45,58,0,0,0,0,0,0,0,0,0,0
14,3,2,7,36,32,30,0,0,0,0,0,0,0,0,0,0,0,0
15,11,10,32,29,49,0,0,0,0,0,0,0,0,0,0,0,0,0
15,11,10,32,30,0,0,0,0,0,0,0,0,0,0,0,0,0,0
15,13,24,22,49,0,0,0,0,0,0,0,0,0,0,0,0,0,0
15,13,25,28,45,58,0,0,0,0,0,0,0,0,0,0,0,0,0
15,13,25,30,0,0,0,0,0,0,0,0,0,0,0,0,0,0,0
16,20,18,55,49,0,0,0,0,0,0,0,0,0,0,0,0,0,0
16,20,18,56,61,58,0,0,0,0,0,0,0,0,0,0,0,0,0
16,21,25,28,46,68,60,55,49,0,0,0,0,0,0,0,0,0,0
16,21,25,30,0,0,0,0,0,0,0,0,0,0,0,0,0,0,0
16,22,49,0,0,0,0,0,0,0,0,0,0,0,0,0,0,0,0
14,3,2,6,10,32,30,52,47,20,18,0,0,0,0,0,0,0,0
14,3,2,6,10,32,30,52,50,0,0,0,0,0,0,0,0,0,0
14,3,2,7,36,32,28,46,68,60,0,0,0,0,0,0,0,0,0
15,11,10,32,29,50,0,0,0,0,0,0,0,0,0,0,0,0,0
15,13,24,20,18,0,0,0,0,0,0,0,0,0,0,0,0,0,0
15,13,24,22,50,0,0,0,0,0,0,0,0,0,0,0,0,0,0
15,13,25,28,46,69,64,60,0,0,0,0,0,0,0,0,0,0,0
15,13,25,29,50,0,0,0,0,0,0,0,0,0,0,0,0,0,0
15,13,25,30,52,50,0,0,0,0,0,0,0,0,0,0,0,0,0
16,20,18,0,0,0,0,0,0,0,0,0,0,0,0,0,0,0,0
16,21,25,28,46,68,60,0,0,0,0,0,0,0,0,0,0,0,0
16,22,50,0,0,0,0,0,0,0,0,0,0,0,0,0,0,0,0
14,3,2,6,9,13,25,28,45,0,0,0,0,0,0,0,0,0,0
14,3,2,6,9,13,25,30,53,0,0,0,0,0,0,0,0,0,0
14,3,2,6,10,32,28,45,0,0,0,0,0,0,0,0,0,0,0
14,3,2,6,10,32,30,53,0,0,0,0,0,0,0,0,0,0,0
14,3,2,6,10,34,41,45,0,0,0,0,0,0,0,0,0,0,0
14,3,2,7,36,32,28,45,0,0,0,0,0,0,0,0,0,0,0
15,11,10,32,28,45,0,0,0,0,0,0,0,0,0,0,0,0,0
15,11,10,32,29,49,53,0,0,0,0,0,0,0,0,0,0,0,0
15,13,24,22,49,53,0,0,0,0,0,0,0,0,0,0,0,0,0
15,13,25,28,45,0,0,0,0,0,0,0,0,0,0,0,0,0,0
16,20,18,56,61,0,0,0,0,0,0,0,0,0,0,0,0,0,0
16,21,25,28,46,68,61,0,0,0,0,0,0,0,0,0,0,0,0
16,22,49,53,0,0,0,0,0,0,0,0,0,0,0,0,0,0,0
16,22,50,56,61,0,0,0,0,0,0,0,0,0,0,0,0,0,0
14,3,2,6,10,32,30,52,50,56,0,0,0,0,0,0,0,0,0
14,3,2,6,10,32,30,53,59,0,0,0,0,0,0,0,0,0,0
14,3,2,7,36,32,28,46,68,0,0,0,0,0,0,0,0,0,0
15,11,10,32,29,50,56,0,0,0,0,0,0,0,0,0,0,0,0
15,13,24,20,18,56,0,0,0,0,0,0,0,0,0,0,0,0,0
15,13,24,22,50,56,0,0,0,0,0,0,0,0,0,0,0,0,0
15,13,25,28,45,59,0,0,0,0,0,0,0,0,0,0,0,0,0
15,13,25,28,46,68,0,0,0,0,0,0,0,0,0,0,0,0,0
15,13,25,28,46,69,64,0,0,0,0,0,0,0,0,0,0,0,0
15,13,25,29,50,56,0,0,0,0,0,0,0,0,0,0,0,0,0
15,13,25,30,52,50,56,0,0,0,0,0,0,0,0,0,0,0,0
16,20,18,56,0,0,0,0,0,0,0,0,0,0,0,0,0,0,0
16,21,25,28,46,68,0,0,0,0,0,0,0,0,0,0,0,0,0
16,22,49,53,59,0,0,0,0,0,0,0,0,0,0,0,0,0,0
16,22,50,56,0,0,0,0,0,0,0,0,0,0,0,0,0,0,0
14,3,2,6,10,32,30,52,50,56,62,0,0,0,0,0,0,0,0
14,3,2,6,10,34,42,72,69,0,0,0,0,0,0,0,0,0,0
14,3,2,6,10,34,42,73,75,0,0,0,0,0,0,0,0,0,0
14,3,2,7,36,32,28,46,68,62,0,0,0,0,0,0,0,0,0
14,3,2,7,37,39,75,0,0,0,0,0,0,0,0,0,0,0,0
15,11,8,7,37,39,75,0,0,0,0,0,0,0,0,0,0,0,0
15,11,10,32,29,50,56,62,0,0,0,0,0,0,0,0,0,0,0
15,13,24,20,18,56,62,0,0,0,0,0,0,0,0,0,0,0,0
15,13,24,22,50,56,62,0,0,0,0,0,0,0,0,0,0,0,0
15,13,25,28,46,69,0,0,0,0,0,0,0,0,0,0,0,0,0
16,20,18,56,62,0,0,0,0,0,0,0,0,0,0,0,0,0,0
16,20,18,56,63,69,0,0,0,0,0,0,0,0,0,0,0,0,0
16,21,25,28,46,68,62,0,0,0,0,0,0,0,0,0,0,0,0
16,22,49,53,59,63,69,0,0,0,0,0,0,0,0,0,0,0,0
16,22,50,56,62,0,0,0,0,0,0,0,0,0,0,0,0,0,0
14,3,2,6,10,32,30,52,50,56,63,0,0,0,0,0,0,0,0
14,3,2,6,10,34,42,72,0,0,0,0,0,0,0,0,0,0,0
14,3,2,7,36,32,28,46,0,0,0,0,0,0,0,0,0,0,0
14,3,2,7,37,39,76,72,0,0,0,0,0,0,0,0,0,0,0
15,11,8,7,37,39,76,72,0,0,0,0,0,0,0,0,0,0,0
15,11,10,32,29,50,56,63,0,0,0,0,0,0,0,0,0,0,0
15,13,24,20,18,56,63,0,0,0,0,0,0,0,0,0,0,0,0
15,13,24,22,50,56,63,0,0,0,0,0,0,0,0,0,0,0,0
15,13,25,28,46,0,0,0,0,0,0,0,0,0,0,0,0,0,0
16,20,18,56,62,65,0,0,0,0,0,0,0,0,0,0,0,0,0
16,20,18,56,63,0,0,0,0,0,0,0,0,0,0,0,0,0,0
16,21,25,28,46,0,0,0,0,0,0,0,0,0,0,0,0,0,0
16,22,49,53,59,63,0,0,0,0,0,0,0,0,0,0,0,0,0
16,22,50,56,62,65,0,0,0,0,0,0,0,0,0,0,0,0,0
16,22,50,56,63,0,0,0,0,0,0,0,0,0,0,0,0,0,0
14,3,2,6,10,34,42,0,0,0,0,0,0,0,0,0,0,0,0
14,3,2,7,36,32,28,46,70,0,0,0,0,0,0,0,0,0,0
14,3,2,7,37,39,76,0,0,0,0,0,0,0,0,0,0,0,0
15,11,8,7,37,39,76,0,0,0,0,0,0,0,0,0,0,0,0
15,11,10,32,29,50,56,63,70,0,0,0,0,0,0,0,0,0,0
15,11,10,34,42,0,0,0,0,0,0,0,0,0,0,0,0,0,0
15,13,24,20,18,56,63,70,0,0,0,0,0,0,0,0,0,0,0
15,13,24,22,50,56,63,70,0,0,0,0,0,0,0,0,0,0,0
15,13,25,27,34,42,0,0,0,0,0,0,0,0,0,0,0,0,0
15,13,25,28,46,70,0,0,0,0,0,0,0,0,0,0,0,0,0
16,20,18,56,61,57,44,42,0,0,0,0,0,0,0,0,0,0,0
16,20,18,56,62,66,76,0,0,0,0,0,0,0,0,0,0,0,0
16,20,18,56,63,67,44,42,0,0,0,0,0,0,0,0,0,0,0
16,20,18,56,63,69,66,76,0,0,0,0,0,0,0,0,0,0,0
16,20,18,56,63,70,0,0,0,0,0,0,0,0,0,0,0,0,0
16,21,25,28,44,42,0,0,0,0,0,0,0,0,0,0,0,0,0
16,21,25,28,46,70,0,0,0,0,0,0,0,0,0,0,0,0,0
16,22,49,53,59,63,70,0,0,0,0,0,0,0,0,0,0,0,0
16,22,50,56,62,65,70,0,0,0,0,0,0,0,0,0,0,0,0
14,3,2,6,10,34,42,72,69,66,0,0,0,0,0,0,0,0,0
14,3,2,6,10,34,42,73,0,0,0,0,0,0,0,0,0,0,0
14,3,2,7,36,32,28,46,68,62,66,0,0,0,0,0,0,0,0
14,3,2,7,37,39,0,0,0,0,0,0,0,0,0,0,0,0,0
15,11,8,7,37,39,0,0,0,0,0,0,0,0,0,0,0,0,0
15,11,10,32,29,50,56,62,66,0,0,0,0,0,0,0,0,0,0
15,13,25,27,33,37,39,0,0,0,0,0,0,0,0,0,0,0,0
15,13,25,27,34,42,73,0,0,0,0,0,0,0,0,0,0,0,0
15,13,25,28,46,69,66,0,0,0,0,0,0,0,0,0,0,0,0
15,13,25,28,46,70,73,0,0,0,0,0,0,0,0,0,0,0,0
16,20,18,56,62,66,0,0,0,0,0,0,0,0,0,0,0,0,0
16,20,18,56,63,69,66,0,0,0,0,0,0,0,0,0,0,0,0
16,20,18,56,63,70,73,0,0,0,0,0,0,0,0,0,0,0,0
16,21,25,27,31,8,7,37,39,0,0,0,0,0,0,0,0,0,0
16,22,49,53,59,63,70,73,0,0,0,0,0,0,0,0,0,0,0
17,19,14,3,0,0,0,0,0,0,0,0,0,0,0,0,0,0,0
17,19,15,11,8,5,0,0,0,0,0,0,0,0,0,0,0,0,0
17,21,23,11,8,5,0,0,0,0,0,0,0,0,0,0,0,0,0
17,21,25,27,31,8,5,0,0,0,0,0,0,0,0,0,0,0,0
18,55,47,19,14,3,0,0,0,0,0,0,0,0,0,0,0,0,0
18,55,47,21,23,11,8,5,0,0,0,0,0,0,0,0,0,0,0
18,55,48,26,23,11,8,5,0,0,0,0,0,0,0,0,0,0,0
18,55,48,26,23,12,14,3,0,0,0,0,0,0,0,0,0,0,0
18,55,48,27,31,8,5,0,0,0,0,0,0,0,0,0,0,0,0
18,55,48,27,33,35,5,0,0,0,0,0,0,0,0,0,0,0,0
18,55,49,51,27,31,9,12,14,3,0,0,0,0,0,0,0,0,0
18,55,49,51,27,33,35,5,0,0,0,0,0,0,0,0,0,0,0
18,56,61,57,43,26,23,11,8,5,0,0,0,0,0,0,0,0,0
18,56,61,57,43,27,31,8,5,0,0,0,0,0,0,0,0,0,0
18,56,62,65,67,43,27,31,8,5,0,0,0,0,0,0,0,0,0
18,56,62,66,74,38,35,6,9,12,14,3,0,0,0,0,0,0,0
18,56,63,67,43,27,33,35,5,0,0,0,0,0,0,0,0,0,0
18,56,63,70,71,40,31,8,5,0,0,0,0,0,0,0,0,0,0
18,56,63,70,71,41,43,27,33,35,5,0,0,0,0,0,0,0,0
17,19,14,0,0,0,0,0,0,0,0,0,0,0,0,0,0,0,0
17,19,15,11,8,5,1,0,0,0,0,0,0,0,0,0,0,0,0
17,21,23,11,8,5,1,0,0,0,0,0,0,0,0,0,0,0,0
17,21,23,12,14,0,0,0,0,0,0,0,0,0,0,0,0,0,0
17,21,25,27,31,8,5,1,0,0,0,0,0,0,0,0,0,0,0
18,55,47,19,14,0,0,0,0,0,0,0,0,0,0,0,0,0,0
18,55,47,21,23,11,8,5,1,0,0,0,0,0,0,0,0,0,0
18,55,48,26,23,11,8,5,1,0,0,0,0,0,0,0,0,0,0
18,55,48,26,23,12,14,0,0,0,0,0,0,0,0,0,0,0,0
18,55,48,27,31,8,5,1,0,0,0,0,0,0,0,0,0,0,0
18,55,48,27,33,35,5,1,0,0,0,0,0,0,0,0,0,0,0
18,55,49,51,27,31,9,12,14,0,0,0,0,0,0,0,0,0,0
18,55,49,51,27,33,35,5,1,0,0,0,0,0,0,0,0,0,0
18,56,61,57,43,26,23,11,8,5,1,0,0,0,0,0,0,0,0
18,56,61,57,43,27,31,8,5,1,0,0,0,0,0,0,0,0,0
18,56,62,65,67,43,27,31,8,5,1,0,0,0,0,0,0,0,0
18,56,62,66,74,38,35,6,9,12,14,0,0,0,0,0,0,0,0
18,56,63,67,43,27,33,35,5,1,0,0,0,0,0,0,0,0,0
18,56,63,70,71,40,31,8,5,1,0,0,0,0,0,0,0,0,0
18,56,63,70,71,41,43,27,33,35,5,1,0,0,0,0,0,0,0
17,19,14,3,2,0,0,0,0,0,0,0,0,0,0,0,0,0,0
17,19,15,11,8,0,0,0,0,0,0,0,0,0,0,0,0,0,0
17,21,23,11,8,0,0,0,0,0,0,0,0,0,0,0,0,0,0
17,21,25,27,31,8,0,0,0,0,0,0,0,0,0,0,0,0,0
18,55,47,19,14,3,2,0,0,0,0,0,0,0,0,0,0,0,0
18,55,47,19,15,11,8,0,0,0,0,0,0,0,0,0,0,0,0
18,55,47,21,23,11,8,0,0,0,0,0,0,0,0,0,0,0,0
18,55,48,26,23,11,8,0,0,0,0,0,0,0,0,0,0,0,0
18,55,48,26,23,12,14,3,2,0,0,0,0,0,0,0,0,0,0
18,55,48,27,31,8,0,0,0,0,0,0,0,0,0,0,0,0,0
18,55,48,27,33,35,0,0,0,0,0,0,0,0,0,0,0,0,0
18,55,49,51,27,31,8,0,0,0,0,0,0,0,0,0,0,0,0
18,55,49,51,27,33,35,0,0,0,0,0,0,0,0,0,0,0,0
18,56,61,57,43,26,23,11,8,0,0,0,0,0,0,0,0,0,0
18,56,61,57,43,27,31,8,0,0,0,0,0,0,0,0,0,0,0
18,56,62,65,67,43,27,31,8,0,0,0,0,0,0,0,0,0,0
18,56,62,66,74,38,35,0,0,0,0,0,0,0,0,0,0,0,0
18,56,63,67,43,27,33,35,0,0,0,0,0,0,0,0,0,0,0
18,56,63,69,66,74,38,35,0,0,0,0,0,0,0,0,0,0,0
18,56,63,70,71,40,31,8,0,0,0,0,0,0,0,0,0,0,0
18,56,63,70,71,41,43,27,33,35,0,0,0,0,0,0,0,0,0
17,19,14,3,2,6,0,0,0,0,0,0,0,0,0,0,0,0,0
17,19,15,11,0,0,0,0,0,0,0,0,0,0,0,0,0,0,0
17,21,23,11,0,0,0,0,0,0,0,0,0,0,0,0,0,0,0
17,21,25,27,31,0,0,0,0,0,0,0,0,0,0,0,0,0,0
18,55,47,19,14,3,2,6,0,0,0,0,0,0,0,0,0,0,0
18,55,47,19,15,11,0,0,0,0,0,0,0,0,0,0,0,0,0
18,55,47,21,23,11,0,0,0,0,0,0,0,0,0,0,0,0,0
18,55,48,26,23,11,0,0,0,0,0,0,0,0,0,0,0,0,0
18,55,48,26,23,12,14,3,2,6,0,0,0,0,0,0,0,0,0
18,55,48,27,31,0,0,0,0,0,0,0,0,0,0,0,0,0,0
18,55,48,27,33,35,6,0,0,0,0,0,0,0,0,0,0,0,0
18,55,49,51,27,31,0,0,0,0,0,0,0,0,0,0,0,0,0
18,55,49,51,27,33,35,6,0,0,0,0,0,0,0,0,0,0,0
18,56,61,57,43,26,23,11,0,0,0,0,0,0,0,0,0,0,0
18,56,61,57,43,27,31,0,0,0,0,0,0,0,0,0,0,0,0
18,56,62,65,67,43,27,31,0,0,0,0,0,0,0,0,0,0,0
18,56,62,66,74,38,35,6,0,0,0,0,0,0,0,0,0,0,0
18,56,63,67,43,27,31,0,0,0,0,0,0,0,0,0,0,0,0
18,56,63,70,71,40,31,0,0,0,0,0,0,0,0,0,0,0,0
18,56,63,70,71,41,43,27,31,0,0,0,0,0,0,0,0,0,0
17,19,14,3,2,6,9,0,0,0,0,0,0,0,0,0,0,0,0
17,19,15,0,0,0,0,0,0,0,0,0,0,0,0,0,0,0,0
17,21,23,0,0,0,0,0,0,0,0,0,0,0,0,0,0,0,0
17,21,25,27,31,9,0,0,0,0,0,0,0,0,0,0,0,0,0
18,55,47,19,14,3,2,6,9,0,0,0,0,0,0,0,0,0,0
18,55,47,19,15,0,0,0,0,0,0,0,0,0,0,0,0,0,0
18,55,47,21,23,0,0,0,0,0,0,0,0,0,0,0,0,0,0
18,55,48,26,23,0,0,0,0,0,0,0,0,0,0,0,0,0,0
18,55,48,27,31,9,0,0,0,0,0,0,0,0,0,0,0,0,0
18,55,48,27,33,35,6,9,0,0,0,0,0,0,0,0,0,0,0
18,55,49,51,27,31,9,0,0,0,0,0,0,0,0,0,0,0,0
18,55,49,51,27,33,35,6,9,0,0,0,0,0,0,0,0,0,0
18,56,61,57,43,26,23,0,0,0,0,0,0,0,0,0,0,0,0
18,56,62,65,67,43,27,31,9,0,0,0,0,0,0,0,0,0,0
18,56,62,66,74,38,35,6,9,0,0,0,0,0,0,0,0,0,0
18,56,63,67,43,27,31,9,0,0,0,0,0,0,0,0,0,0,0
18,56,63,70,71,40,31,9,0,0,0,0,0,0,0,0,0,0,0
18,56,63,70,71,41,43,27,31,9,0,0,0,0,0,0,0,0,0
17,19,0,0,0,0,0,0,0,0,0,0,0,0,0,0,0,0,0
17,21,23,11,8,5,1,4,0,0,0,0,0,0,0,0,0,0,0
17,21,23,12,0,0,0,0,0,0,0,0,0,0,0,0,0,0,0
17,21,25,27,31,8,5,1,4,0,0,0,0,0,0,0,0,0,0
18,55,47,19,0,0,0,0,0,0,0,0,0,0,0,0,0,0,0
18,55,47,21,23,12,0,0,0,0,0,0,0,0,0,0,0,0,0
18,55,48,26,23,12,0,0,0,0,0,0,0,0,0,0,0,0,0
18,55,48,27,31,9,12,0,0,0,0,0,0,0,0,0,0,0,0
18,55,48,27,33,35,5,1,4,0,0,0,0,0,0,0,0,0,0
18,55,49,51,27,31,9,12,0,0,0,0,0,0,0,0,0,0,0
18,55,49,51,27,33,35,5,1,4,0,0,0,0,0,0,0,0,0
18,56,61,57,43,26,23,11,8,5,1,4,0,0,0,0,0,0,0
18,56,61,57,43,26,23,12,0,0,0,0,0,0,0,0,0,0,0
18,56,62,65,67,43,27,31,8,5,1,4,0,0,0,0,0,0,0
18,56,62,66,74,38,35,6,9,12,0,0,0,0,0,0,0,0,0
18,56,63,67,43,27,31,9,12,0,0,0,0,0,0,0,0,0,0
18,56,63,70,71,40,31,8,5,1,4,0,0,0,0,0,0,0,0
18,56,63,70,71,41,43,27,31,9,12,0,0,0,0,0,0,0,0
17,0,0,0,0,0,0,0,0,0,0,0,0,0,0,0,0,0,0
18,55,47,0,0,0,0,0,0,0,0,0,0,0,0,0,0,0,0
18,55,48,26,24,0,0,0,0,0,0,0,0,0,0,0,0,0,0
18,55,49,51,27,31,9,12,16,0,0,0,0,0,0,0,0,0,0
18,56,61,57,43,26,23,12,16,0,0,0,0,0,0,0,0,0,0
18,56,62,66,74,38,35,6,9,13,24,0,0,0,0,0,0,0,0
18,56,63,67,43,26,24,0,0,0,0,0,0,0,0,0,0,0,0
18,56,63,70,71,41,43,26,24,0,0,0,0,0,0,0,0,0,0
17,19,14,3,2,6,9,13,0,0,0,0,0,0,0,0,0,0,0
17,19,15,11,10,32,26,0,0,0,0,0,0,0,0,0,0,0,0
17,19,15,13,0,0,0,0,0,0,0,0,0,0,0,0,0,0,0
17,21,0,0,0,0,0,0,0,0,0,0,0,0,0,0,0,0,0
18,55,47,21,0,0,0,0,0,0,0,0,0,0,0,0,0,0,0
18,55,48,26,0,0,0,0,0,0,0,0,0,0,0,0,0,0,0
18,55,49,51,26,0,0,0,0,0,0,0,0,0,0,0,0,0,0
18,55,49,51,27,31,9,13,0,0,0,0,0,0,0,0,0,0,0
18,56,61,57,43,26,0,0,0,0,0,0,0,0,0,0,0,0,0
18,56,62,65,67,43,26,0,0,0,0,0,0,0,0,0,0,0,0
18,56,62,66,74,38,35,6,9,13,0,0,0,0,0,0,0,0,0
18,56,63,67,43,26,0,0,0,0,0,0,0,0,0,0,0,0,0
18,56,63,70,71,41,43,26,0,0,0,0,0,0,0,0,0,0,0
17,19,15,11,10,32,0,0,0,0,0,0,0,0,0,0,0,0,0
17,19,15,13,25,0,0,0,0,0,0,0,0,0,0,0,0,0,0
17,21,25,0,0,0,0,0,0,0,0,0,0,0,0,0,0,0,0
18,55,47,21,25,0,0,0,0,0,0,0,0,0,0,0,0,0,0
18,55,48,0,0,0,0,0,0,0,0,0,0,0,0,0,0,0,0
18,55,49,51,0,0,0,0,0,0,0,0,0,0,0,0,0,0,0
18,56,61,57,43,0,0,0,0,0,0,0,0,0,0,0,0,0,0
18,56,61,58,51,0,0,0,0,0,0,0,0,0,0,0,0,0,0
18,56,62,65,67,43,0,0,0,0,0,0,0,0,0,0,0,0,0
18,56,62,66,74,38,35,6,9,13,25,0,0,0,0,0,0,0,0
18,56,63,67,43,0,0,0,0,0,0,0,0,0,0,0,0,0,0
18,56,63,69,66,74,38,36,32,0,0,0,0,0,0,0,0,0,0
18,56,63,70,71,41,43,0,0,0,0,0,0,0,0,0,0,0,0
17,19,14,3,2,6,10,0,0,0,0,0,0,0,0,0,0,0,0
17,19,14,3,2,7,36,0,0,0,0,0,0,0,0,0,0,0,0
17,19,15,11,8,7,36,0,0,0,0,0,0,0,0,0,0,0,0
17,19,15,11,10,0,0,0,0,0,0,0,0,0,0,0,0,0,0
17,21,23,11,8,7,36,0,0,0,0,0,0,0,0,0,0,0,0
17,21,23,11,10,0,0,0,0,0,0,0,0,0,0,0,0,0,0
17,21,25,27,0,0,0,0,0,0,0,0,0,0,0,0,0,0,0
18,55,47,21,25,27,0,0,0,0,0,0,0,0,0,0,0,0,0
18,55,48,26,23,11,10,0,0,0,0,0,0,0,0,0,0,0,0
18,55,48,26,23,12,14,3,2,6,10,0,0,0,0,0,0,0,0
18,55,48,27,0,0,0,0,0,0,0,0,0,0,0,0,0,0,0
18,55,49,51,27,0,0,0,0,0,0,0,0,0,0,0,0,0,0
18,56,61,57,43,27,0,0,0,0,0,0,0,0,0,0,0,0,0
18,56,62,65,67,43,27,0,0,0,0,0,0,0,0,0,0,0,0
18,56,62,66,74,38,35,6,9,13,25,27,0,0,0,0,0,0,0
18,56,63,67,43,27,0,0,0,0,0,0,0,0,0,0,0,0,0
18,56,63,69,66,74,38,36,0,0,0,0,0,0,0,0,0,0,0
18,56,63,70,71,40,0,0,0,0,0,0,0,0,0,0,0,0,0
18,56,63,70,71,41,43,27,0,0,0,0,0,0,0,0,0,0,0
17,19,14,3,2,7,0,0,0,0,0,0,0,0,0,0,0,0,0
17,19,15,11,8,7,0,0,0,0,0,0,0,0,0,0,0,0,0
17,21,23,11,8,7,0,0,0,0,0,0,0,0,0,0,0,0,0
17,21,25,27,31,8,7,0,0,0,0,0,0,0,0,0,0,0,0
18,55,47,19,14,3,2,7,0,0,0,0,0,0,0,0,0,0,0
18,55,47,19,15,11,8,7,0,0,0,0,0,0,0,0,0,0,0
18,55,47,21,23,11,8,7,0,0,0,0,0,0,0,0,0,0,0
18,55,48,26,23,11,8,7,0,0,0,0,0,0,0,0,0,0,0
18,55,48,26,23,11,10,33,0,0,0,0,0,0,0,0,0,0,0
18,55,48,26,23,12,14,3,2,7,0,0,0,0,0,0,0,0,0
18,55,48,27,31,8,7,0,0,0,0,0,0,0,0,0,0,0,0
18,55,48,27,33,0,0,0,0,0,0,0,0,0,0,0,0,0,0
18,55,49,51,27,31,8,7,0,0,0,0,0,0,0,0,0,0,0
18,55,49,51,27,33,0,0,0,0,0,0,0,0,0,0,0,0,0
18,56,61,57,43,27,33,0,0,0,0,0,0,0,0,0,0,0,0
18,56,62,65,67,43,27,31,8,7,0,0,0,0,0,0,0,0,0
18,56,62,65,70,73,74,38,0,0,0,0,0,0,0,0,0,0,0
18,56,62,66,74,38,0,0,0,0,0,0,0,0,0,0,0,0,0
18,56,63,67,43,27,33,0,0,0,0,0,0,0,0,0,0,0,0
18,56,63,69,66,74,38,0,0,0,0,0,0,0,0,0,0,0,0
18,56,63,70,71,41,43,27,33,0,0,0,0,0,0,0,0,0,0
18,56,63,70,73,74,38,0,0,0,0,0,0,0,0,0,0,0,0
17,19,14,3,2,7,37,0,0,0,0,0,0,0,0,0,0,0,0
17,19,15,11,8,7,37,0,0,0,0,0,0,0,0,0,0,0,0
17,21,23,11,8,7,37,0,0,0,0,0,0,0,0,0,0,0,0
17,21,25,27,31,8,7,37,0,0,0,0,0,0,0,0,0,0,0
18,55,47,19,14,3,2,7,37,0,0,0,0,0,0,0,0,0,0
18,55,47,19,15,11,8,7,37,0,0,0,0,0,0,0,0,0,0
18,55,48,26,23,11,8,7,37,0,0,0,0,0,0,0,0,0,0
18,55,48,26,23,11,10,33,37,0,0,0,0,0,0,0,0,0,0
18,55,48,26,23,12,14,3,2,7,37,0,0,0,0,0,0,0,0
18,55,48,27,31,8,7,37,0,0,0,0,0,0,0,0,0,0,0
18,55,48,27,33,37,0,0,0,0,0,0,0,0,0,0,0,0,0
18,55,49,51,27,31,8,7,37,0,0,0,0,0,0,0,0,0,0
18,55,49,51,27,33,37,0,0,0,0,0,0,0,0,0,0,0,0
18,56,62,65,67,43,27,31,8,7,37,0,0,0,0,0,0,0,0
18,56,62,65,70,73,74,0,0,0,0,0,0,0,0,0,0,0,0
18,56,62,66,74,0,0,0,0,0,0,0,0,0,0,0,0,0,0
18,56,63,69,66,74,0,0,0,0,0,0,0,0,0,0,0,0,0
18,56,63,70,73,74,0,0,0,0,0,0,0,0,0,0,0,0,0
17,19,15,11,10,34,0,0,0,0,0,0,0,0,0,0,0,0,0
17,21,23,11,10,34,0,0,0,0,0,0,0,0,0,0,0,0,0
17,21,25,28,44,0,0,0,0,0,0,0,0,0,0,0,0,0,0
17,21,25,28,46,70,71,0,0,0,0,0,0,0,0,0,0,0,0
18,55,47,19,14,3,2,7,37,39,76,71,0,0,0,0,0,0,0
18,55,48,26,23,11,10,34,0,0,0,0,0,0,0,0,0,0,0
18,55,48,26,23,12,14,3,2,6,10,34,0,0,0,0,0,0,0
18,55,48,27,34,0,0,0,0,0,0,0,0,0,0,0,0,0,0
18,55,48,28,46,70,71,0,0,0,0,0,0,0,0,0,0,0,0
18,55,49,51,28,44,0,0,0,0,0,0,0,0,0,0,0,0,0
18,55,49,53,57,44,0,0,0,0,0,0,0,0,0,0,0,0,0
18,56,61,57,44,0,0,0,0,0,0,0,0,0,0,0,0,0,0
18,56,61,57,46,70,71,0,0,0,0,0,0,0,0,0,0,0,0
18,56,62,65,70,71,0,0,0,0,0,0,0,0,0,0,0,0,0
18,56,62,66,74,38,35,6,9,13,25,28,44,0,0,0,0,0,0
18,56,63,67,44,0,0,0,0,0,0,0,0,0,0,0,0,0,0
18,56,63,70,71,0,0,0,0,0,0,0,0,0,0,0,0,0,0
17,19,15,11,10,32,28,0,0,0,0,0,0,0,0,0,0,0,0
17,21,25,28,0,0,0,0,0,0,0,0,0,0,0,0,0,0,0
18,55,48,28,0,0,0,0,0,0,0,0,0,0,0,0,0,0,0
18,55,48,30,53,57,0,0,0,0,0,0,0,0,0,0,0,0,0
18,55,49,51,28,0,0,0,0,0,0,0,0,0,0,0,0,0,0
18,55,49,53,57,0,0,0,0,0,0,0,0,0,0,0,0,0,0
18,56,61,57,0,0,0,0,0,0,0,0,0,0,0,0,0,0,0
18,56,62,65,67,0,0,0,0,0,0,0,0,0,0,0,0,0,0
18,56,62,66,74,38,35,6,9,13,25,28,0,0,0,0,0,0,0
18,56,63,67,0,0,0,0,0,0,0,0,0,0,0,0,0,0,0
18,56,63,70,71,41,0,0,0,0,0,0,0,0,0,0,0,0,0
17,21,25,28,46,68,60,55,0,0,0,0,0,0,0,0,0,0,0
17,22,0,0,0,0,0,0,0,0,0,0,0,0,0,0,0,0,0
18,55,0,0,0,0,0,0,0,0,0,0,0,0,0,0,0,0,0
18,56,63,70,71,41,43,29,0,0,0,0,0,0,0,0,0,0,0
17,21,25,28,46,68,60,55,49,0,0,0,0,0,0,0,0,0,0
17,21,25,30,0,0,0,0,0,0,0,0,0,0,0,0,0,0,0
17,22,49,0,0,0,0,0,0,0,0,0,0,0,0,0,0,0,0
18,55,48,30,0,0,0,0,0,0,0,0,0,0,0,0,0,0,0
18,55,49,0,0,0,0,0,0,0,0,0,0,0,0,0,0,0,0
18,56,61,58,0,0,0,0,0,0,0,0,0,0,0,0,0,0,0
18,56,62,65,67,43,30,0,0,0,0,0,0,0,0,0,0,0,0
18,56,63,67,45,58,0,0,0,0,0,0,0,0,0,0,0,0,0
18,56,63,70,71,41,45,58,0,0,0,0,0,0,0,0,0,0,0
17,21,25,28,46,68,60,0,0,0,0,0,0,0,0,0,0,0,0
18,0,0,0,0,0,0,0,0,0,0,0,0,0,0,0,0,0,0
17,21,25,28,45,0,0,0,0,0,0,0,0,0,0,0,0,0,0
17,21,25,28,46,68,61,0,0,0,0,0,0,0,0,0,0,0,0
17,22,49,53,0,0,0,0,0,0,0,0,0,0,0,0,0,0,0
18,55,48,28,45,0,0,0,0,0,0,0,0,0,0,0,0,0,0
18,55,48,30,53,0,0,0,0,0,0,0,0,0,0,0,0,0,0
18,55,49,53,0,0,0,0,0,0,0,0,0,0,0,0,0,0,0
18,56,61,0,0,0,0,0,0,0,0,0,0,0,0,0,0,0,0
18,56,62,65,67,45,0,0,0,0,0,0,0,0,0,0,0,0,0
18,56,63,67,45,0,0,0,0,0,0,0,0,0,0,0,0,0,0
18,56,63,70,71,41,45,0,0,0,0,0,0,0,0,0,0,0,0
17,21,25,28,46,68,0,0,0,0,0,0,0,0,0,0,0,0,0
18,56,0,0,0,0,0,0,0,0,0,0,0,0,0,0,0,0,0
17,19,15,11,8,7,37,39,75,0,0,0,0,0,0,0,0,0,0
17,21,25,28,46,68,62,0,0,0,0,0,0,0,0,0,0,0,0
18,55,47,19,14,3,2,7,37,39,75,0,0,0,0,0,0,0,0
18,55,48,26,23,11,10,34,42,73,75,0,0,0,0,0,0,0,0
18,56,62,0,0,0,0,0,0,0,0,0,0,0,0,0,0,0,0
18,56,63,69,0,0,0,0,0,0,0,0,0,0,0,0,0,0,0
18,56,63,70,73,75,0,0,0,0,0,0,0,0,0,0,0,0,0
17,21,25,28,46,0,0,0,0,0,0,0,0,0,0,0,0,0,0
18,55,47,19,14,3,2,7,37,39,76,72,0,0,0,0,0,0,0
18,55,48,26,23,11,10,34,42,72,0,0,0,0,0,0,0,0,0
18,55,48,28,46,0,0,0,0,0,0,0,0,0,0,0,0,0,0
18,56,61,57,46,0,0,0,0,0,0,0,0,0,0,0,0,0,0
18,56,62,65,0,0,0,0,0,0,0,0,0,0,0,0,0,0,0
18,56,63,0,0,0,0,0,0,0,0,0,0,0,0,0,0,0,0
17,21,25,28,46,70,0,0,0,0,0,0,0,0,0,0,0,0,0
18,55,47,19,14,3,2,7,37,39,76,0,0,0,0,0,0,0,0
18,55,48,26,23,11,10,34,42,0,0,0,0,0,0,0,0,0,0
18,55,48,26,23,12,14,3,2,6,10,34,42,0,0,0,0,0,0
18,55,48,28,46,70,0,0,0,0,0,0,0,0,0,0,0,0,0
18,56,61,57,44,42,0,0,0,0,0,0,0,0,0,0,0,0,0
18,56,61,57,46,70,0,0,0,0,0,0,0,0,0,0,0,0,0
18,56,62,65,70,0,0,0,0,0,0,0,0,0,0,0,0,0,0
18,56,62,66,76,0,0,0,0,0,0,0,0,0,0,0,0,0,0
18,56,63,67,44,42,0,0,0,0,0,0,0,0,0,0,0,0,0
18,56,63,69,66,76,0,0,0,0,0,0,0,0,0,0,0,0,0
18,56,63,70,0,0,0,0,0,0,0,0,0,0,0,0,0,0,0
17,19,14,3,2,7,37,39,0,0,0,0,0,0,0,0,0,0,0
17,19,15,11,8,7,37,39,0,0,0,0,0,0,0,0,0,0,0
17,21,25,27,31,8,7,37,39,0,0,0,0,0,0,0,0,0,0
18,55,47,19,14,3,2,7,37,39,0,0,0,0,0,0,0,0,0
18,55,48,26,23,11,8,7,37,39,0,0,0,0,0,0,0,0,0
18,55,48,26,23,11,10,34,42,73,0,0,0,0,0,0,0,0,0
18,55,48,26,23,12,14,3,2,7,37,39,0,0,0,0,0,0,0
18,55,48,27,31,8,7,37,39,0,0,0,0,0,0,0,0,0,0
18,55,48,27,33,37,39,0,0,0,0,0,0,0,0,0,0,0,0
18,56,62,65,67,43,27,31,8,7,37,39,0,0,0,0,0,0,0
18,56,62,65,70,73,0,0,0,0,0,0,0,0,0,0,0,0,0
18,56,62,66,0,0,0,0,0,0,0,0,0,0,0,0,0,0,0
18,56,63,69,66,0,0,0,0,0,0,0,0,0,0,0,0,0,0
18,56,63,70,73,0,0,0,0,0,0,0,0,0,0,0,0,0,0
19,14,3,0,0,0,0,0,0,0,0,0,0,0,0,0,0,0,0
19,15,11,8,5,0,0,0,0,0,0,0,0,0,0,0,0,0,0
20,18,55,49,51,27,33,35,5,0,0,0,0,0,0,0,0,0,0
20,18,56,63,70,71,40,31,8,5,0,0,0,0,0,0,0,0,0
21,23,11,8,5,0,0,0,0,0,0,0,0,0,0,0,0,0,0
21,23,12,14,3,0,0,0,0,0,0,0,0,0,0,0,0,0,0
21,25,27,31,8,5,0,0,0,0,0,0,0,0,0,0,0,0,0
22,48,26,23,12,14,3,0,0,0,0,0,0,0,0,0,0,0,0
22,48,27,31,8,5,0,0,0,0,0,0,0,0,0,0,0,0,0
22,49,51,27,33,35,5,0,0,0,0,0,0,0,0,0,0,0,0
19,14,0,0,0,0,0,0,0,0,0,0,0,0,0,0,0,0,0
19,15,11,8,5,1,0,0,0,0,0,0,0,0,0,0,0,0,0
20,18,55,49,51,27,33,35,5,1,0,0,0,0,0,0,0,0,0
20,18,56,63,70,71,40,31,8,5,1,0,0,0,0,0,0,0,0
21,23,11,8,5,1,0,0,0,0,0,0,0,0,0,0,0,0,0
21,23,12,14,0,0,0,0,0,0,0,0,0,0,0,0,0,0,0
21,25,27,31,8,5,1,0,0,0,0,0,0,0,0,0,0,0,0
22,48,26,23,12,14,0,0,0,0,0,0,0,0,0,0,0,0,0
22,48,27,31,8,5,1,0,0,0,0,0,0,0,0,0,0,0,0
22,49,51,27,33,35,5,1,0,0,0,0,0,0,0,0,0,0,0
19,14,3,2,0,0,0,0,0,0,0,0,0,0,0,0,0,0,0
19,15,11,8,0,0,0,0,0,0,0,0,0,0,0,0,0,0,0
20,18,55,49,51,27,33,35,0,0,0,0,0,0,0,0,0,0,0
20,18,56,63,70,71,40,31,8,0,0,0,0,0,0,0,0,0,0
21,23,11,8,0,0,0,0,0,0,0,0,0,0,0,0,0,0,0
21,23,12,14,3,2,0,0,0,0,0,0,0,0,0,0,0,0,0
21,25,27,31,8,0,0,0,0,0,0,0,0,0,0,0,0,0,0
22,48,26,23,12,14,3,2,0,0,0,0,0,0,0,0,0,0,0
22,48,27,31,8,0,0,0,0,0,0,0,0,0,0,0,0,0,0
22,49,51,27,33,35,0,0,0,0,0,0,0,0,0,0,0,0,0
19,14,3,2,6,0,0,0,0,0,0,0,0,0,0,0,0,0,0
19,15,11,0,0,0,0,0,0,0,0,0,0,0,0,0,0,0,0
20,18,55,49,51,27,33,35,6,0,0,0,0,0,0,0,0,0,0
20,18,56,63,70,71,40,31,0,0,0,0,0,0,0,0,0,0,0
21,23,11,0,0,0,0,0,0,0,0,0,0,0,0,0,0,0,0
21,23,12,14,3,2,6,0,0,0,0,0,0,0,0,0,0,0,0
21,25,27,31,0,0,0,0,0,0,0,0,0,0,0,0,0,0,0
22,48,26,23,12,14,3,2,6,0,0,0,0,0,0,0,0,0,0
22,48,27,31,0,0,0,0,0,0,0,0,0,0,0,0,0,0,0
22,49,51,27,33,35,6,0,0,0,0,0,0,0,0,0,0,0,0
19,14,3,2,6,9,0,0,0,0,0,0,0,0,0,0,0,0,0
19,15,0,0,0,0,0,0,0,0,0,0,0,0,0,0,0,0,0
21,23,0,0,0,0,0,0,0,0,0,0,0,0,0,0,0,0,0
21,25,27,31,9,0,0,0,0,0,0,0,0,0,0,0,0,0,0
22,48,26,23,0,0,0,0,0,0,0,0,0,0,0,0,0,0,0
22,49,51,27,33,35,6,9,0,0,0,0,0,0,0,0,0,0,0
19,0,0,0,0,0,0,0,0,0,0,0,0,0,0,0,0,0,0
21,23,11,8,5,1,4,0,0,0,0,0,0,0,0,0,0,0,0
21,23,12,0,0,0,0,0,0,0,0,0,0,0,0,0,0,0,0
21,25,27,31,8,5,1,4,0,0,0,0,0,0,0,0,0,0,0
22,48,26,23,12,0,0,0,0,0,0,0,0,0,0,0,0,0,0
22,49,51,27,33,35,5,1,4,0,0,0,0,0,0,0,0,0,0
19,15,13,25,28,46,69,64,60,54,0,0,0,0,0,0,0,0,0
20,0,0,0,0,0,0,0,0,0,0,0,0,0,0,0,0,0,0
21,25,28,46,68,60,54,0,0,0,0,0,0,0,0,0,0,0,0
22,50,54,0,0,0,0,0,0,0,0,0,0,0,0,0,0,0,0
19,14,3,2,6,9,13,0,0,0,0,0,0,0,0,0,0,0,0
19,15,11,10,32,26,0,0,0,0,0,0,0,0,0,0,0,0,0
19,15,13,0,0,0,0,0,0,0,0,0,0,0,0,0,0,0,0
20,18,55,48,26,0,0,0,0,0,0,0,0,0,0,0,0,0,0
20,18,55,49,51,26,0,0,0,0,0,0,0,0,0,0,0,0,0
20,18,56,63,67,43,26,0,0,0,0,0,0,0,0,0,0,0,0
21,0,0,0,0,0,0,0,0,0,0,0,0,0,0,0,0,0,0
22,48,26,0,0,0,0,0,0,0,0,0,0,0,0,0,0,0,0
22,49,51,26,0,0,0,0,0,0,0,0,0,0,0,0,0,0,0
19,14,3,2,6,9,13,25,0,0,0,0,0,0,0,0,0,0,0
19,14,3,2,6,10,32,0,0,0,0,0,0,0,0,0,0,0,0
19,14,3,2,6,10,34,41,43,0,0,0,0,0,0,0,0,0,0
19,15,11,10,32,0,0,0,0,0,0,0,0,0,0,0,0,0,0
19,15,13,25,0,0,0,0,0,0,0,0,0,0,0,0,0,0,0
20,18,55,48,0,0,0,0,0,0,0,0,0,0,0,0,0,0,0
20,18,55,49,51,0,0,0,0,0,0,0,0,0,0,0,0,0,0
20,18,56,63,67,43,0,0,0,0,0,0,0,0,0,0,0,0,0
21,23,12,14,3,2,6,10,32,0,0,0,0,0,0,0,0,0,0
21,25,0,0,0,0,0,0,0,0,0,0,0,0,0,0,0,0,0
22,48,0,0,0,0,0,0,0,0,0,0,0,0,0,0,0,0,0
22,49,51,0,0,0,0,0,0,0,0,0,0,0,0,0,0,0,0
19,14,3,2,6,10,0,0,0,0,0,0,0,0,0,0,0,0,0
19,14,3,2,7,36,0,0,0,0,0,0,0,0,0,0,0,0,0
19,15,11,8,7,36,0,0,0,0,0,0,0,0,0,0,0,0,0
19,15,11,10,0,0,0,0,0,0,0,0,0,0,0,0,0,0,0
19,15,13,25,27,0,0,0,0,0,0,0,0,0,0,0,0,0,0
20,18,55,48,27,0,0,0,0,0,0,0,0,0,0,0,0,0,0
20,18,55,49,51,27,0,0,0,0,0,0,0,0,0,0,0,0,0
20,18,56,63,69,66,74,38,36,0,0,0,0,0,0,0,0,0,0
20,18,56,63,70,71,40,0,0,0,0,0,0,0,0,0,0,0,0
21,23,11,8,7,36,0,0,0,0,0,0,0,0,0,0,0,0,0
21,23,11,10,0,0,0,0,0,0,0,0,0,0,0,0,0,0,0
21,23,12,14,3,2,6,10,0,0,0,0,0,0,0,0,0,0,0
21,25,27,0,0,0,0,0,0,0,0,0,0,0,0,0,0,0,0
22,48,27,0,0,0,0,0,0,0,0,0,0,0,0,0,0,0,0
22,49,51,27,0,0,0,0,0,0,0,0,0,0,0,0,0,0,0
19,14,3,2,6,10,33,0,0,0,0,0,0,0,0,0,0,0,0
19,14,3,2,7,0,0,0,0,0,0,0,0,0,0,0,0,0,0
19,15,11,8,7,0,0,0,0,0,0,0,0,0,0,0,0,0,0
20,18,55,49,51,27,33,0,0,0,0,0,0,0,0,0,0,0,0
20,18,56,63,69,66,74,38,0,0,0,0,0,0,0,0,0,0,0
20,18,56,63,70,73,74,38,0,0,0,0,0,0,0,0,0,0,0
21,23,11,8,7,0,0,0,0,0,0,0,0,0,0,0,0,0,0
21,23,12,14,3,2,7,0,0,0,0,0,0,0,0,0,0,0,0
21,25,27,31,8,7,0,0,0,0,0,0,0,0,0,0,0,0,0
22,48,26,23,12,14,3,2,7,0,0,0,0,0,0,0,0,0,0
22,48,27,31,8,7,0,0,0,0,0,0,0,0,0,0,0,0,0
22,48,27,33,0,0,0,0,0,0,0,0,0,0,0,0,0,0,0
22,49,51,27,33,0,0,0,0,0,0,0,0,0,0,0,0,0,0
19,14,3,2,6,10,33,37,0,0,0,0,0,0,0,0,0,0,0
19,14,3,2,7,37,0,0,0,0,0,0,0,0,0,0,0,0,0
19,15,11,8,7,37,0,0,0,0,0,0,0,0,0,0,0,0,0
20,18,55,49,51,27,33,37,0,0,0,0,0,0,0,0,0,0,0
20,18,56,62,66,74,0,0,0,0,0,0,0,0,0,0,0,0,0
20,18,56,63,69,66,74,0,0,0,0,0,0,0,0,0,0,0,0
20,18,56,63,70,73,74,0,0,0,0,0,0,0,0,0,0,0,0
21,23,11,8,7,37,0,0,0,0,0,0,0,0,0,0,0,0,0
21,23,12,14,3,2,7,37,0,0,0,0,0,0,0,0,0,0,0
21,25,27,31,8,7,37,0,0,0,0,0,0,0,0,0,0,0,0
22,48,26,23,12,14,3,2,7,37,0,0,0,0,0,0,0,0,0
22,48,27,31,8,7,37,0,0,0,0,0,0,0,0,0,0,0,0
22,48,27,33,37,0,0,0,0,0,0,0,0,0,0,0,0,0,0
22,49,51,27,33,37,0,0,0,0,0,0,0,0,0,0,0,0,0
22,49,53,59,63,70,73,74,0,0,0,0,0,0,0,0,0,0,0
22,50,56,62,66,74,0,0,0,0,0,0,0,0,0,0,0,0,0
22,50,56,63,70,73,74,0,0,0,0,0,0,0,0,0,0,0,0
19,14,3,2,6,10,34,0,0,0,0,0,0,0,0,0,0,0,0
19,14,3,2,7,36,34,0,0,0,0,0,0,0,0,0,0,0,0
19,14,3,2,7,37,39,76,71,0,0,0,0,0,0,0,0,0,0
19,15,11,10,34,0,0,0,0,0,0,0,0,0,0,0,0,0,0
19,15,13,25,28,44,0,0,0,0,0,0,0,0,0,0,0,0,0
19,15,13,25,28,46,70,71,0,0,0,0,0,0,0,0,0,0,0
20,18,56,61,57,44,0,0,0,0,0,0,0,0,0,0,0,0,0
20,18,56,63,67,44,0,0,0,0,0,0,0,0,0,0,0,0,0
20,18,56,63,70,71,0,0,0,0,0,0,0,0,0,0,0,0,0
21,23,11,10,34,0,0,0,0,0,0,0,0,0,0,0,0,0,0
21,23,12,14,3,2,6,10,34,0,0,0,0,0,0,0,0,0,0
21,25,27,34,0,0,0,0,0,0,0,0,0,0,0,0,0,0,0
21,25,28,44,0,0,0,0,0,0,0,0,0,0,0,0,0,0,0
21,25,28,46,70,71,0,0,0,0,0,0,0,0,0,0,0,0,0
22,48,27,34,0,0,0,0,0,0,0,0,0,0,0,0,0,0,0
22,48,28,46,70,71,0,0,0,0,0,0,0,0,0,0,0,0,0
22,50,56,62,65,70,71,0,0,0,0,0,0,0,0,0,0,0,0
22,50,56,63,70,71,0,0,0,0,0,0,0,0,0,0,0,0,0
19,14,3,2,6,9,13,25,28,0,0,0,0,0,0,0,0,0,0
19,14,3,2,6,10,32,28,0,0,0,0,0,0,0,0,0,0,0
19,14,3,2,6,10,32,30,53,57,0,0,0,0,0,0,0,0,0
19,14,3,2,6,10,34,41,0,0,0,0,0,0,0,0,0,0,0
19,15,11,10,32,28,0,0,0,0,0,0,0,0,0,0,0,0,0
19,15,13,25,28,0,0,0,0,0,0,0,0,0,0,0,0,0,0
20,18,56,61,57,0,0,0,0,0,0,0,0,0,0,0,0,0,0
20,18,56,63,67,0,0,0,0,0,0,0,0,0,0,0,0,0,0
21,23,12,14,3,2,6,10,34,41,0,0,0,0,0,0,0,0,0
21,25,28,0,0,0,0,0,0,0,0,0,0,0,0,0,0,0,0
22,48,28,0,0,0,0,0,0,0,0,0,0,0,0,0,0,0,0
22,49,53,57,0,0,0,0,0,0,0,0,0,0,0,0,0,0,0
22,50,56,61,57,0,0,0,0,0,0,0,0,0,0,0,0,0,0
22,50,56,63,67,0,0,0,0,0,0,0,0,0,0,0,0,0,0
19,14,3,2,6,10,34,41,43,29,0,0,0,0,0,0,0,0,0
19,15,13,25,28,46,69,64,60,55,0,0,0,0,0,0,0,0,0
20,18,55,0,0,0,0,0,0,0,0,0,0,0,0,0,0,0,0
21,25,28,46,68,60,55,0,0,0,0,0,0,0,0,0,0,0,0
22,0,0,0,0,0,0,0,0,0,0,0,0,0,0,0,0,0,0
19,14,3,2,6,9,13,25,30,0,0,0,0,0,0,0,0,0,0
19,14,3,2,6,10,32,30,0,0,0,0,0,0,0,0,0,0,0
19,14,3,2,6,10,34,41,45,58,0,0,0,0,0,0,0,0,0
19,15,13,25,28,45,58,0,0,0,0,0,0,0,0,0,0,0,0
19,15,13,25,30,0,0,0,0,0,0,0,0,0,0,0,0,0,0
20,18,55,49,0,0,0,0,0,0,0,0,0,0,0,0,0,0,0
20,18,56,61,58,0,0,0,0,0,0,0,0,0,0,0,0,0,0
20,18,56,63,67,45,58,0,0,0,0,0,0,0,0,0,0,0,0
21,23,12,14,3,2,6,10,32,30,0,0,0,0,0,0,0,0,0
21,25,28,46,68,60,55,49,0,0,0,0,0,0,0,0,0,0,0
21,25,30,0,0,0,0,0,0,0,0,0,0,0,0,0,0,0,0
22,48,30,0,0,0,0,0,0,0,0,0,0,0,0,0,0,0,0
22,49,0,0,0,0,0,0,0,0,0,0,0,0,0,0,0,0,0
19,15,13,25,28,46,69,64,60,0,0,0,0,0,0,0,0,0,0
20,18,0,0,0,0,0,0,0,0,0,0,0,0,0,0,0,0,0
21,25,28,46,68,60,0,0,0,0,0,0,0,0,0,0,0,0,0
22,50,0,0,0,0,0,0,0,0,0,0,0,0,0,0,0,0,0
19,14,3,2,6,10,32,30,53,0,0,0,0,0,0,0,0,0,0
19,14,3,2,6,10,34,41,45,0,0,0,0,0,0,0,0,0,0
19,15,13,25,28,45,0,0,0,0,0,0,0,0,0,0,0,0,0
20,18,56,61,0,0,0,0,0,0,0,0,0,0,0,0,0,0,0
20,18,56,63,67,45,0,0,0,0,0,0,0,0,0,0,0,0,0
21,23,12,14,3,2,6,10,34,41,45,0,0,0,0,0,0,0,0
21,25,28,45,0,0,0,0,0,0,0,0,0,0,0,0,0,0,0
21,25,28,46,68,61,0,0,0,0,0,0,0,0,0,0,0,0,0
21,25,30,53,0,0,0,0,0,0,0,0,0,0,0,0,0,0,0
22,48,28,45,0,0,0,0,0,0,0,0,0,0,0,0,0,0,0
22,49,53,0,0,0,0,0,0,0,0,0,0,0,0,0,0,0,0
22,50,56,61,0,0,0,0,0,0,0,0,0,0,0,0,0,0,0
22,50,56,63,67,45,0,0,0,0,0,0,0,0,0,0,0,0,0
19,15,13,25,28,46,69,64,0,0,0,0,0,0,0,0,0,0,0
20,18,56,0,0,0,0,0,0,0,0,0,0,0,0,0,0,0,0
21,25,28,46,68,0,0,0,0,0,0,0,0,0,0,0,0,0,0
22,49,53,59,0,0,0,0,0,0,0,0,0,0,0,0,0,0,0
22,50,56,0,0,0,0,0,0,0,0,0,0,0,0,0,0,0,0
19,14,3,2,6,10,34,42,73,75,0,0,0,0,0,0,0,0,0
19,14,3,2,7,37,39,75,0,0,0,0,0,0,0,0,0,0,0
19,15,11,8,7,37,39,75,0,0,0,0,0,0,0,0,0,0,0
19,15,13,25,28,46,69,0,0,0,0,0,0,0,0,0,0,0,0
20,18,56,62,0,0,0,0,0,0,0,0,0,0,0,0,0,0,0
20,18,56,63,69,0,0,0,0,0,0,0,0,0,0,0,0,0,0
21,23,11,8,7,37,39,75,0,0,0,0,0,0,0,0,0,0,0
21,25,28,46,68,62,0,0,0,0,0,0,0,0,0,0,0,0,0
22,49,53,59,63,69,0,0,0,0,0,0,0,0,0,0,0,0,0
22,50,56,62,0,0,0,0,0,0,0,0,0,0,0,0,0,0,0
19,14,3,2,6,10,34,42,72,0,0,0,0,0,0,0,0,0,0
19,14,3,2,7,37,39,76,72,0,0,0,0,0,0,0,0,0,0
19,15,13,25,28,46,0,0,0,0,0,0,0,0,0,0,0,0,0
20,18,56,62,65,0,0,0,0,0,0,0,0,0,0,0,0,0,0
20,18,56,63,0,0,0,0,0,0,0,0,0,0,0,0,0,0,0
21,25,28,46,0,0,0,0,0,0,0,0,0,0,0,0,0,0,0
22,48,28,46,0,0,0,0,0,0,0,0,0,0,0,0,0,0,0
22,49,53,59,63,0,0,0,0,0,0,0,0,0,0,0,0,0,0
22,50,56,62,65,0,0,0,0,0,0,0,0,0,0,0,0,0,0
22,50,56,63,0,0,0,0,0,0,0,0,0,0,0,0,0,0,0
19,14,3,2,6,10,34,42,0,0,0,0,0,0,0,0,0,0,0
19,14,3,2,7,37,39,76,0,0,0,0,0,0,0,0,0,0,0
19,15,11,8,7,37,39,76,0,0,0,0,0,0,0,0,0,0,0
19,15,13,25,28,46,70,0,0,0,0,0,0,0,0,0,0,0,0
20,18,56,61,57,44,42,0,0,0,0,0,0,0,0,0,0,0,0
20,18,56,62,65,70,0,0,0,0,0,0,0,0,0,0,0,0,0
20,18,56,62,66,76,0,0,0,0,0,0,0,0,0,0,0,0,0
20,18,56,63,67,44,42,0,0,0,0,0,0,0,0,0,0,0,0
20,18,56,63,69,66,76,0,0,0,0,0,0,0,0,0,0,0,0
20,18,56,63,70,0,0,0,0,0,0,0,0,0,0,0,0,0,0
21,23,11,8,7,37,39,76,0,0,0,0,0,0,0,0,0,0,0
21,23,11,10,34,42,0,0,0,0,0,0,0,0,0,0,0,0,0
21,23,12,14,3,2,6,10,34,42,0,0,0,0,0,0,0,0,0
21,25,28,44,42,0,0,0,0,0,0,0,0,0,0,0,0,0,0
21,25,28,46,70,0,0,0,0,0,0,0,0,0,0,0,0,0,0
22,48,28,46,70,0,0,0,0,0,0,0,0,0,0,0,0,0,0
22,49,53,59,63,70,0,0,0,0,0,0,0,0,0,0,0,0,0
22,50,56,62,65,70,0,0,0,0,0,0,0,0,0,0,0,0,0
22,50,56,63,70,0,0,0,0,0,0,0,0,0,0,0,0,0,0
19,14,3,2,6,10,34,42,73,0,0,0,0,0,0,0,0,0,0
19,14,3,2,7,37,39,0,0,0,0,0,0,0,0,0,0,0,0
19,15,11,8,7,37,39,0,0,0,0,0,0,0,0,0,0,0,0
20,18,56,62,66,0,0,0,0,0,0,0,0,0,0,0,0,0,0
20,18,56,63,69,66,0,0,0,0,0,0,0,0,0,0,0,0,0
20,18,56,63,70,73,0,0,0,0,0,0,0,0,0,0,0,0,0
21,23,11,8,7,37,39,0,0,0,0,0,0,0,0,0,0,0,0
21,23,12,14,3,2,7,37,39,0,0,0,0,0,0,0,0,0,0
21,25,27,31,8,7,37,39,0,0,0,0,0,0,0,0,0,0,0
22,48,26,23,12,14,3,2,7,37,39,0,0,0,0,0,0,0,0
22,48,27,31,8,7,37,39,0,0,0,0,0,0,0,0,0,0,0
22,49,53,59,63,70,73,0,0,0,0,0,0,0,0,0,0,0,0
22,50,56,62,66,0,0,0,0,0,0,0,0,0,0,0,0,0,0
22,50,56,63,70,73,0,0,0,0,0,0,0,0,0,0,0,0,0
23,11,8,5,0,0,0,0,0,0,0,0,0,0,0,0,0,0,0
23,12,14,3,0,0,0,0,0,0,0,0,0,0,0,0,0,0,0
24,19,14,3,0,0,0,0,0,0,0,0,0,0,0,0,0,0,0
24,19,15,11,8,5,0,0,0,0,0,0,0,0,0,0,0,0,0
25,27,31,8,5,0,0,0,0,0,0,0,0,0,0,0,0,0,0
25,27,31,9,12,14,3,0,0,0,0,0,0,0,0,0,0,0,0
25,27,33,35,5,0,0,0,0,0,0,0,0,0,0,0,0,0,0
23,11,8,5,1,0,0,0,0,0,0,0,0,0,0,0,0,0,0
23,12,14,0,0,0,0,0,0,0,0,0,0,0,0,0,0,0,0
24,19,14,0,0,0,0,0,0,0,0,0,0,0,0,0,0,0,0
24,19,15,11,8,5,1,0,0,0,0,0,0,0,0,0,0,0,0
25,27,31,8,5,1,0,0,0,0,0,0,0,0,0,0,0,0,0
25,27,31,9,12,14,0,0,0,0,0,0,0,0,0,0,0,0,0
25,27,33,35,5,1,0,0,0,0,0,0,0,0,0,0,0,0,0
23,11,8,0,0,0,0,0,0,0,0,0,0,0,0,0,0,0,0
23,12,14,3,2,0,0,0,0,0,0,0,0,0,0,0,0,0,0
24,19,14,3,2,0,0,0,0,0,0,0,0,0,0,0,0,0,0
24,19,15,11,8,0,0,0,0,0,0,0,0,0,0,0,0,0,0
25,27,31,8,0,0,0,0,0,0,0,0,0,0,0,0,0,0,0
25,27,33,35,0,0,0,0,0,0,0,0,0,0,0,0,0,0,0
23,11,0,0,0,0,0,0,0,0,0,0,0,0,0,0,0,0,0
23,12,14,3,2,6,0,0,0,0,0,0,0,0,0,0,0,0,0
24,19,14,3,2,6,0,0,0,0,0,0,0,0,0,0,0,0,0
24,19,15,11,0,0,0,0,0,0,0,0,0,0,0,0,0,0,0
25,27,31,0,0,0,0,0,0,0,0,0,0,0,0,0,0,0,0
25,27,33,35,6,0,0,0,0,0,0,0,0,0,0,0,0,0,0
23,0,0,0,0,0,0,0,0,0,0,0,0,0,0,0,0,0,0
24,19,14,3,2,6,9,0,0,0,0,0,0,0,0,0,0,0,0
24,19,15,0,0,0,0,0,0,0,0,0,0,0,0,0,0,0,0
25,27,31,9,0,0,0,0,0,0,0,0,0,0,0,0,0,0,0
25,27,33,35,6,9,0,0,0,0,0,0,0,0,0,0,0,0,0
23,11,8,5,1,4,0,0,0,0,0,0,0,0,0,0,0,0,0
23,12,0,0,0,0,0,0,0,0,0,0,0,0,0,0,0,0,0
24,19,0,0,0,0,0,0,0,0,0,0,0,0,0,0,0,0,0
25,27,31,8,5,1,4,0,0,0,0,0,0,0,0,0,0,0,0
25,27,31,9,12,0,0,0,0,0,0,0,0,0,0,0,0,0,0
25,27,33,35,5,1,4,0,0,0,0,0,0,0,0,0,0,0,0
23,11,10,32,30,52,47,20,0,0,0,0,0,0,0,0,0,0,0
23,12,16,20,0,0,0,0,0,0,0,0,0,0,0,0,0,0,0
23,12,16,22,50,54,0,0,0,0,0,0,0,0,0,0,0,0,0
24,20,0,0,0,0,0,0,0,0,0,0,0,0,0,0,0,0,0
24,22,50,54,0,0,0,0,0,0,0,0,0,0,0,0,0,0,0
25,27,31,8,7,37,39,76,72,68,60,54,0,0,0,0,0,0,0
25,27,31,9,12,16,20,0,0,0,0,0,0,0,0,0,0,0,0
25,28,45,59,60,54,0,0,0,0,0,0,0,0,0,0,0,0,0
25,28,46,68,60,54,0,0,0,0,0,0,0,0,0,0,0,0,0
25,28,46,69,64,60,54,0,0,0,0,0,0,0,0,0,0,0,0
25,29,50,54,0,0,0,0,0,0,0,0,0,0,0,0,0,0,0
25,30,52,50,54,0,0,0,0,0,0,0,0,0,0,0,0,0,0
25,30,53,59,60,54,0,0,0,0,0,0,0,0,0,0,0,0,0
23,11,8,5,1,4,16,0,0,0,0,0,0,0,0,0,0,0,0
23,11,10,32,30,52,47,0,0,0,0,0,0,0,0,0,0,0,0
23,12,16,0,0,0,0,0,0,0,0,0,0,0,0,0,0,0,0
24,0,0,0,0,0,0,0,0,0,0,0,0,0,0,0,0,0,0
25,27,31,8,7,37,39,76,72,68,60,55,47,0,0,0,0,0,0
25,27,31,9,12,16,0,0,0,0,0,0,0,0,0,0,0,0,0
25,28,46,68,60,54,17,0,0,0,0,0,0,0,0,0,0,0,0
23,11,10,32,0,0,0,0,0,0,0,0,0,0,0,0,0,0,0
23,12,14,3,2,6,10,32,0,0,0,0,0,0,0,0,0,0,0
24,19,14,3,2,6,10,34,41,43,0,0,0,0,0,0,0,0,0
25,0,0,0,0,0,0,0,0,0,0,0,0,0,0,0,0,0,0
23,11,8,7,36,0,0,0,0,0,0,0,0,0,0,0,0,0,0
23,11,10,0,0,0,0,0,0,0,0,0,0,0,0,0,0,0,0
23,12,14,3,2,6,10,0,0,0,0,0,0,0,0,0,0,0,0
24,19,14,3,2,6,10,0,0,0,0,0,0,0,0,0,0,0,0
24,19,15,11,8,7,36,0,0,0,0,0,0,0,0,0,0,0,0
25,27,0,0,0,0,0,0,0,0,0,0,0,0,0,0,0,0,0
23,11,8,7,0,0,0,0,0,0,0,0,0,0,0,0,0,0,0
23,11,10,33,0,0,0,0,0,0,0,0,0,0,0,0,0,0,0
23,12,14,3,2,7,0,0,0,0,0,0,0,0,0,0,0,0,0
24,19,14,3,2,6,10,33,0,0,0,0,0,0,0,0,0,0,0
24,19,14,3,2,7,0,0,0,0,0,0,0,0,0,0,0,0,0
24,19,15,11,8,7,0,0,0,0,0,0,0,0,0,0,0,0,0
24,20,18,56,63,69,66,74,38,0,0,0,0,0,0,0,0,0,0
25,27,31,8,7,0,0,0,0,0,0,0,0,0,0,0,0,0,0
25,27,33,0,0,0,0,0,0,0,0,0,0,0,0,0,0,0,0
25,27,34,42,73,74,38,0,0,0,0,0,0,0,0,0,0,0,0
23,11,8,7,37,0,0,0,0,0,0,0,0,0,0,0,0,0,0
23,11,10,33,37,0,0,0,0,0,0,0,0,0,0,0,0,0,0
23,12,14,3,2,7,37,0,0,0,0,0,0,0,0,0,0,0,0
24,19,14,3,2,6,10,33,37,0,0,0,0,0,0,0,0,0,0
24,19,15,11,8,7,37,0,0,0,0,0,0,0,0,0,0,0,0
24,20,18,56,62,66,74,0,0,0,0,0,0,0,0,0,0,0,0
24,20,18,56,63,69,66,74,0,0,0,0,0,0,0,0,0,0,0
25,27,31,8,7,37,0,0,0,0,0,0,0,0,0,0,0,0,0
25,27,33,37,0,0,0,0,0,0,0,0,0,0,0,0,0,0,0
25,27,34,42,73,74,0,0,0,0,0,0,0,0,0,0,0,0,0
25,28,46,70,73,74,0,0,0,0,0,0,0,0,0,0,0,0,0
23,11,10,34,0,0,0,0,0,0,0,0,0,0,0,0,0,0,0
23,12,14,3,2,6,10,34,0,0,0,0,0,0,0,0,0,0,0
23,12,16,22,50,56,62,65,70,71,0,0,0,0,0,0,0,0,0
24,19,14,3,2,6,10,34,0,0,0,0,0,0,0,0,0,0,0
24,20,18,56,61,57,44,0,0,0,0,0,0,0,0,0,0,0,0
24,20,18,56,63,67,44,0,0,0,0,0,0,0,0,0,0,0,0
25,27,31,8,7,37,39,76,71,0,0,0,0,0,0,0,0,0,0
25,27,34,0,0,0,0,0,0,0,0,0,0,0,0,0,0,0,0
25,28,44,0,0,0,0,0,0,0,0,0,0,0,0,0,0,0,0
25,28,46,70,71,0,0,0,0,0,0,0,0,0,0,0,0,0,0
23,11,10,32,30,53,57,0,0,0,0,0,0,0,0,0,0,0,0
23,12,14,3,2,6,10,34,41,0,0,0,0,0,0,0,0,0,0
24,19,14,3,2,6,10,34,41,0,0,0,0,0,0,0,0,0,0
24,20,18,56,61,57,0,0,0,0,0,0,0,0,0,0,0,0,0
24,20,18,56,63,67,0,0,0,0,0,0,0,0,0,0,0,0,0
24,22,49,53,57,0,0,0,0,0,0,0,0,0,0,0,0,0,0
25,28,0,0,0,0,0,0,0,0,0,0,0,0,0,0,0,0,0
23,11,10,32,30,52,0,0,0,0,0,0,0,0,0,0,0,0,0
23,12,16,20,18,55,0,0,0,0,0,0,0,0,0,0,0,0,0
23,12,16,22,0,0,0,0,0,0,0,0,0,0,0,0,0,0,0
24,19,14,3,2,6,10,34,41,43,29,0,0,0,0,0,0,0,0
24,20,18,55,0,0,0,0,0,0,0,0,0,0,0,0,0,0,0
24,22,0,0,0,0,0,0,0,0,0,0,0,0,0,0,0,0,0
25,27,31,8,7,37,39,76,72,68,60,55,0,0,0,0,0,0,0
25,27,31,9,12,16,22,0,0,0,0,0,0,0,0,0,0,0,0
25,28,45,59,60,55,0,0,0,0,0,0,0,0,0,0,0,0,0
25,28,46,68,60,55,0,0,0,0,0,0,0,0,0,0,0,0,0
25,28,46,69,64,60,55,0,0,0,0,0,0,0,0,0,0,0,0
25,29,0,0,0,0,0,0,0,0,0,0,0,0,0,0,0,0,0
25,30,52,0,0,0,0,0,0,0,0,0,0,0,0,0,0,0,0
23,11,10,32,30,0,0,0,0,0,0,0,0,0,0,0,0,0,0
23,12,14,3,2,6,10,32,30,0,0,0,0,0,0,0,0,0,0
24,19,14,3,2,6,10,34,41,45,58,0,0,0,0,0,0,0,0
24,22,49,0,0,0,0,0,0,0,0,0,0,0,0,0,0,0,0
25,27,31,8,7,37,39,76,72,68,60,55,49,0,0,0,0,0,0
25,28,45,58,0,0,0,0,0,0,0,0,0,0,0,0,0,0,0
25,28,45,59,60,55,49,0,0,0,0,0,0,0,0,0,0,0,0
25,28,46,68,60,55,49,0,0,0,0,0,0,0,0,0,0,0,0
25,29,49,0,0,0,0,0,0,0,0,0,0,0,0,0,0,0,0
25,30,0,0,0,0,0,0,0,0,0,0,0,0,0,0,0,0,0
23,11,10,32,30,52,47,20,18,0,0,0,0,0,0,0,0,0,0
23,12,16,20,18,0,0,0,0,0,0,0,0,0,0,0,0,0,0
23,12,16,22,50,0,0,0,0,0,0,0,0,0,0,0,0,0,0
24,20,18,0,0,0,0,0,0,0,0,0,0,0,0,0,0,0,0
24,22,50,0,0,0,0,0,0,0,0,0,0,0,0,0,0,0,0
25,27,31,8,7,37,39,76,72,68,60,0,0,0,0,0,0,0,0
25,27,31,9,12,16,20,18,0,0,0,0,0,0,0,0,0,0,0
25,28,45,59,60,0,0,0,0,0,0,0,0,0,0,0,0,0,0
25,28,46,68,60,0,0,0,0,0,0,0,0,0,0,0,0,0,0
25,28,46,69,64,60,0,0,0,0,0,0,0,0,0,0,0,0,0
25,29,50,0,0,0,0,0,0,0,0,0,0,0,0,0,0,0,0
25,30,52,50,0,0,0,0,0,0,0,0,0,0,0,0,0,0,0
25,30,53,59,60,0,0,0,0,0,0,0,0,0,0,0,0,0,0
23,11,10,32,30,53,0,0,0,0,0,0,0,0,0,0,0,0,0
23,12,14,3,2,6,10,34,41,45,0,0,0,0,0,0,0,0,0
23,12,16,20,18,56,61,0,0,0,0,0,0,0,0,0,0,0,0
23,12,16,22,50,56,61,0,0,0,0,0,0,0,0,0,0,0,0
24,19,14,3,2,6,10,34,41,45,0,0,0,0,0,0,0,0,0
24,20,18,56,61,0,0,0,0,0,0,0,0,0,0,0,0,0,0
24,22,49,53,0,0,0,0,0,0,0,0,0,0,0,0,0,0,0
25,27,31,8,7,37,39,76,72,68,61,0,0,0,0,0,0,0,0
25,28,45,0,0,0,0,0,0,0,0,0,0,0,0,0,0,0,0
25,28,46,68,61,0,0,0,0,0,0,0,0,0,0,0,0,0,0
25,29,49,53,0,0,0,0,0,0,0,0,0,0,0,0,0,0,0
25,29,50,56,61,0,0,0,0,0,0,0,0,0,0,0,0,0,0
25,30,53,0,0,0,0,0,0,0,0,0,0,0,0,0,0,0,0
23,11,10,32,30,53,59,0,0,0,0,0,0,0,0,0,0,0,0
23,12,16,20,18,56,0,0,0,0,0,0,0,0,0,0,0,0,0
23,12,16,22,50,56,0,0,0,0,0,0,0,0,0,0,0,0,0
24,20,18,56,0,0,0,0,0,0,0,0,0,0,0,0,0,0,0
24,22,49,53,59,0,0,0,0,0,0,0,0,0,0,0,0,0,0
24,22,50,56,0,0,0,0,0,0,0,0,0,0,0,0,0,0,0
25,27,31,8,7,37,39,76,72,68,0,0,0,0,0,0,0,0,0
25,28,45,59,0,0,0,0,0,0,0,0,0,0,0,0,0,0,0
25,28,46,68,0,0,0,0,0,0,0,0,0,0,0,0,0,0,0
25,28,46,69,64,0,0,0,0,0,0,0,0,0,0,0,0,0,0
25,29,49,53,59,0,0,0,0,0,0,0,0,0,0,0,0,0,0
25,29,50,56,0,0,0,0,0,0,0,0,0,0,0,0,0,0,0
25,30,52,50,56,0,0,0,0,0,0,0,0,0,0,0,0,0,0
25,30,53,59,0,0,0,0,0,0,0,0,0,0,0,0,0,0,0
23,11,8,7,37,39,75,0,0,0,0,0,0,0,0,0,0,0,0
23,11,10,34,42,73,75,0,0,0,0,0,0,0,0,0,0,0,0
23,12,16,20,18,56,62,0,0,0,0,0,0,0,0,0,0,0,0
23,12,16,22,50,56,62,0,0,0,0,0,0,0,0,0,0,0,0
24,20,18,56,62,0,0,0,0,0,0,0,0,0,0,0,0,0,0
24,20,18,56,63,69,0,0,0,0,0,0,0,0,0,0,0,0,0
24,22,49,53,59,63,69,0,0,0,0,0,0,0,0,0,0,0,0
24,22,50,56,62,0,0,0,0,0,0,0,0,0,0,0,0,0,0
25,27,31,8,7,37,39,75,0,0,0,0,0,0,0,0,0,0,0
25,27,33,37,39,75,0,0,0,0,0,0,0,0,0,0,0,0,0
25,28,45,59,62,0,0,0,0,0,0,0,0,0,0,0,0,0,0
25,28,46,68,62,0,0,0,0,0,0,0,0,0,0,0,0,0,0
25,28,46,69,0,0,0,0,0,0,0,0,0,0,0,0,0,0,0
25,29,50,56,62,0,0,0,0,0,0,0,0,0,0,0,0,0,0
25,30,53,59,62,0,0,0,0,0,0,0,0,0,0,0,0,0,0
23,11,8,7,37,39,76,72,0,0,0,0,0,0,0,0,0,0,0
23,11,10,34,42,72,0,0,0,0,0,0,0,0,0,0,0,0,0
23,12,16,22,50,56,62,65,0,0,0,0,0,0,0,0,0,0,0
24,20,18,56,63,0,0,0,0,0,0,0,0,0,0,0,0,0,0
24,22,49,53,59,63,0,0,0,0,0,0,0,0,0,0,0,0,0
24,22,50,56,63,0,0,0,0,0,0,0,0,0,0,0,0,0,0
25,27,31,8,7,37,39,76,72,0,0,0,0,0,0,0,0,0,0
25,28,44,42,72,0,0,0,0,0,0,0,0,0,0,0,0,0,0
25,28,45,59,63,0,0,0,0,0,0,0,0,0,0,0,0,0,0
25,28,46,0,0,0,0,0,0,0,0,0,0,0,0,0,0,0,0
25,29,50,56,63,0,0,0,0,0,0,0,0,0,0,0,0,0,0
23,11,8,7,37,39,76,0,0,0,0,0,0,0,0,0,0,0,0
23,11,10,34,42,0,0,0,0,0,0,0,0,0,0,0,0,0,0
23,12,14,3,2,6,10,34,42,0,0,0,0,0,0,0,0,0,0
23,12,16,22,50,56,62,65,70,0,0,0,0,0,0,0,0,0,0
24,19,14,3,2,6,10,34,42,0,0,0,0,0,0,0,0,0,0
24,20,18,56,61,57,44,42,0,0,0,0,0,0,0,0,0,0,0
24,20,18,56,62,66,76,0,0,0,0,0,0,0,0,0,0,0,0
24,20,18,56,63,67,44,42,0,0,0,0,0,0,0,0,0,0,0
24,20,18,56,63,69,66,76,0,0,0,0,0,0,0,0,0,0,0
24,20,18,56,63,70,0,0,0,0,0,0,0,0,0,0,0,0,0
24,22,49,53,59,63,70,0,0,0,0,0,0,0,0,0,0,0,0
24,22,50,56,63,70,0,0,0,0,0,0,0,0,0,0,0,0,0
25,27,31,8,7,37,39,76,0,0,0,0,0,0,0,0,0,0,0
25,27,33,37,39,76,0,0,0,0,0,0,0,0,0,0,0,0,0
25,27,34,42,0,0,0,0,0,0,0,0,0,0,0,0,0,0,0
25,28,44,42,0,0,0,0,0,0,0,0,0,0,0,0,0,0,0
25,28,46,70,0,0,0,0,0,0,0,0,0,0,0,0,0,0,0
25,29,50,56,63,70,0,0,0,0,0,0,0,0,0,0,0,0,0
23,11,8,7,37,39,0,0,0,0,0,0,0,0,0,0,0,0,0
23,11,10,34,42,73,0,0,0,0,0,0,0,0,0,0,0,0,0
23,12,14,3,2,7,37,39,0,0,0,0,0,0,0,0,0,0,0
24,19,15,11,8,7,37,39,0,0,0,0,0,0,0,0,0,0,0
24,20,18,56,62,66,0,0,0,0,0,0,0,0,0,0,0,0,0
24,20,18,56,63,69,66,0,0,0,0,0,0,0,0,0,0,0,0
24,22,50,56,62,66,0,0,0,0,0,0,0,0,0,0,0,0,0
25,27,31,8,7,37,39,0,0,0,0,0,0,0,0,0,0,0,0
25,27,33,37,39,0,0,0,0,0,0,0,0,0,0,0,0,0,0
25,27,34,42,73,0,0,0,0,0,0,0,0,0,0,0,0,0,0
25,28,46,68,62,66,0,0,0,0,0,0,0,0,0,0,0,0,0
25,28,46,69,66,0,0,0,0,0,0,0,0,0,0,0,0,0,0
25,28,46,70,73,0,0,0,0,0,0,0,0,0,0,0,0,0,0
25,29,50,56,62,66,0,0,0,0,0,0,0,0,0,0,0,0,0
26,23,11,8,5,0,0,0,0,0,0,0,0,0,0,0,0,0,0
26,23,12,14,3,0,0,0,0,0,0,0,0,0,0,0,0,0,0
26,24,19,14,3,0,0,0,0,0,0,0,0,0,0,0,0,0,0
26,24,19,15,11,8,5,0,0,0,0,0,0,0,0,0,0,0,0
27,31,8,5,0,0,0,0,0,0,0,0,0,0,0,0,0,0,0
27,31,9,12,14,3,0,0,0,0,0,0,0,0,0,0,0,0,0
27,33,35,5,0,0,0,0,0,0,0,0,0,0,0,0,0,0,0
28,46,68,60,54,17,21,23,11,8,5,0,0,0,0,0,0,0,0
29,50,56,62,66,74,38,35,6,9,12,14,3,0,0,0,0,0,0
26,23,11,8,5,1,0,0,0,0,0,0,0,0,0,0,0,0,0
26,23,12,14,0,0,0,0,0,0,0,0,0,0,0,0,0,0,0
26,24,19,14,0,0,0,0,0,0,0,0,0,0,0,0,0,0,0
26,24,19,15,11,8,5,1,0,0,0,0,0,0,0,0,0,0,0
27,31,8,5,1,0,0,0,0,0,0,0,0,0,0,0,0,0,0
27,31,9,12,14,0,0,0,0,0,0,0,0,0,0,0,0,0,0
27,33,35,5,1,0,0,0,0,0,0,0,0,0,0,0,0,0,0
28,46,68,60,54,17,21,23,12,14,0,0,0,0,0,0,0,0,0
29,47,19,14,0,0,0,0,0,0,0,0,0,0,0,0,0,0,0
29,50,56,62,66,74,38,35,6,9,12,14,0,0,0,0,0,0,0
26,23,11,8,0,0,0,0,0,0,0,0,0,0,0,0,0,0,0
26,23,12,14,3,2,0,0,0,0,0,0,0,0,0,0,0,0,0
26,24,19,14,3,2,0,0,0,0,0,0,0,0,0,0,0,0,0
26,24,19,15,11,8,0,0,0,0,0,0,0,0,0,0,0,0,0
27,31,8,0,0,0,0,0,0,0,0,0,0,0,0,0,0,0,0
27,33,35,0,0,0,0,0,0,0,0,0,0,0,0,0,0,0,0
28,46,68,60,54,17,21,23,11,8,0,0,0,0,0,0,0,0,0
29,50,56,62,66,74,38,35,0,0,0,0,0,0,0,0,0,0,0
26,23,11,0,0,0,0,0,0,0,0,0,0,0,0,0,0,0,0
26,23,12,14,3,2,6,0,0,0,0,0,0,0,0,0,0,0,0
26,24,19,14,3,2,6,0,0,0,0,0,0,0,0,0,0,0,0
26,24,19,15,11,0,0,0,0,0,0,0,0,0,0,0,0,0,0
27,31,0,0,0,0,0,0,0,0,0,0,0,0,0,0,0,0,0
27,33,35,6,0,0,0,0,0,0,0,0,0,0,0,0,0,0,0
28,46,68,60,54,17,21,23,11,0,0,0,0,0,0,0,0,0,0
29,50,56,62,66,74,38,35,6,0,0,0,0,0,0,0,0,0,0
26,23,0,0,0,0,0,0,0,0,0,0,0,0,0,0,0,0,0
26,24,19,15,0,0,0,0,0,0,0,0,0,0,0,0,0,0,0
27,31,9,0,0,0,0,0,0,0,0,0,0,0,0,0,0,0,0
27,33,35,6,9,0,0,0,0,0,0,0,0,0,0,0,0,0,0
28,46,68,60,54,17,21,23,0,0,0,0,0,0,0,0,0,0,0
29,50,56,62,66,74,38,35,6,9,0,0,0,0,0,0,0,0,0
26,23,11,8,5,1,4,0,0,0,0,0,0,0,0,0,0,0,0
26,23,12,0,0,0,0,0,0,0,0,0,0,0,0,0,0,0,0
26,24,19,0,0,0,0,0,0,0,0,0,0,0,0,0,0,0,0
27,31,8,5,1,4,0,0,0,0,0,0,0,0,0,0,0,0,0
27,31,9,12,0,0,0,0,0,0,0,0,0,0,0,0,0,0,0
27,33,35,5,1,4,0,0,0,0,0,0,0,0,0,0,0,0,0
28,46,68,60,54,17,21,23,12,0,0,0,0,0,0,0,0,0,0
29,47,19,0,0,0,0,0,0,0,0,0,0,0,0,0,0,0,0
29,50,56,62,66,74,38,35,6,9,12,0,0,0,0,0,0,0,0
26,23,12,16,20,0,0,0,0,0,0,0,0,0,0,0,0,0,0
26,23,12,16,22,50,54,0,0,0,0,0,0,0,0,0,0,0,0
26,24,20,0,0,0,0,0,0,0,0,0,0,0,0,0,0,0,0
26,24,22,50,54,0,0,0,0,0,0,0,0,0,0,0,0,0,0
27,31,8,7,37,39,76,72,68,60,54,0,0,0,0,0,0,0,0
27,31,9,12,16,20,0,0,0,0,0,0,0,0,0,0,0,0,0
28,45,59,60,54,0,0,0,0,0,0,0,0,0,0,0,0,0,0
28,46,68,60,54,0,0,0,0,0,0,0,0,0,0,0,0,0,0
28,46,69,64,60,54,0,0,0,0,0,0,0,0,0,0,0,0,0
29,47,20,0,0,0,0,0,0,0,0,0,0,0,0,0,0,0,0
29,50,54,0,0,0,0,0,0,0,0,0,0,0,0,0,0,0,0
30,52,47,20,0,0,0,0,0,0,0,0,0,0,0,0,0,0,0
30,52,50,54,0,0,0,0,0,0,0,0,0,0,0,0,0,0,0
30,53,59,60,54,0,0,0,0,0,0,0,0,0,0,0,0,0,0
26,23,11,8,5,1,4,16,0,0,0,0,0,0,0,0,0,0,0
26,23,12,16,0,0,0,0,0,0,0,0,0,0,0,0,0,0,0
26,24,0,0,0,0,0,0,0,0,0,0,0,0,0,0,0,0,0
27,31,8,7,37,39,76,72,68,60,55,47,0,0,0,0,0,0,0
27,31,9,12,16,0,0,0,0,0,0,0,0,0,0,0,0,0,0
27,33,35,5,1,4,16,0,0,0,0,0,0,0,0,0,0,0,0
28,46,68,60,54,17,0,0,0,0,0,0,0,0,0,0,0,0,0
29,47,0,0,0,0,0,0,0,0,0,0,0,0,0,0,0,0,0
29,50,54,17,0,0,0,0,0,0,0,0,0,0,0,0,0,0,0
29,50,56,62,66,74,38,35,6,9,13,24,0,0,0,0,0,0,0
30,52,47,0,0,0,0,0,0,0,0,0,0,0,0,0,0,0,0
26,0,0,0,0,0,0,0,0,0,0,0,0,0,0,0,0,0,0
27,31,9,13,0,0,0,0,0,0,0,0,0,0,0,0,0,0,0
28,46,68,60,54,17,21,0,0,0,0,0,0,0,0,0,0,0,0
29,50,56,62,66,74,38,35,6,9,13,0,0,0,0,0,0,0,0
26,23,11,10,0,0,0,0,0,0,0,0,0,0,0,0,0,0,0
26,23,12,14,3,2,6,10,0,0,0,0,0,0,0,0,0,0,0
27,0,0,0,0,0,0,0,0,0,0,0,0,0,0,0,0,0,0
28,44,40,0,0,0,0,0,0,0,0,0,0,0,0,0,0,0,0
26,23,11,8,7,0,0,0,0,0,0,0,0,0,0,0,0,0,0
26,23,11,10,33,0,0,0,0,0,0,0,0,0,0,0,0,0,0
26,23,12,14,3,2,7,0,0,0,0,0,0,0,0,0,0,0,0
26,24,19,14,3,2,7,0,0,0,0,0,0,0,0,0,0,0,0
26,24,19,15,11,8,7,0,0,0,0,0,0,0,0,0,0,0,0
27,31,8,7,0,0,0,0,0,0,0,0,0,0,0,0,0,0,0
27,33,0,0,0,0,0,0,0,0,0,0,0,0,0,0,0,0,0
27,34,42,73,74,38,0,0,0,0,0,0,0,0,0,0,0,0,0
28,46,68,60,54,17,21,23,11,8,7,0,0,0,0,0,0,0,0
29,50,56,62,66,74,38,0,0,0,0,0,0,0,0,0,0,0,0
29,50,56,63,69,66,74,38,0,0,0,0,0,0,0,0,0,0,0
26,23,11,8,7,37,0,0,0,0,0,0,0,0,0,0,0,0,0
26,23,11,10,33,37,0,0,0,0,0,0,0,0,0,0,0,0,0
26,23,12,14,3,2,7,37,0,0,0,0,0,0,0,0,0,0,0
26,24,19,15,11,8,7,37,0,0,0,0,0,0,0,0,0,0,0
27,31,8,7,37,0,0,0,0,0,0,0,0,0,0,0,0,0,0
27,33,37,0,0,0,0,0,0,0,0,0,0,0,0,0,0,0,0
27,34,42,73,74,0,0,0,0,0,0,0,0,0,0,0,0,0,0
28,46,68,60,54,17,21,23,11,8,7,37,0,0,0,0,0,0,0
28,46,70,73,74,0,0,0,0,0,0,0,0,0,0,0,0,0,0
29,50,56,62,66,74,0,0,0,0,0,0,0,0,0,0,0,0,0
29,50,56,63,69,66,74,0,0,0,0,0,0,0,0,0,0,0,0
26,23,11,10,34,0,0,0,0,0,0,0,0,0,0,0,0,0,0
26,23,12,14,3,2,6,10,34,0,0,0,0,0,0,0,0,0,0
26,23,12,16,22,50,56,62,65,70,71,0,0,0,0,0,0,0,0
26,24,20,18,56,61,57,44,0,0,0,0,0,0,0,0,0,0,0
26,24,20,18,56,63,67,44,0,0,0,0,0,0,0,0,0,0,0
27,31,8,7,37,39,76,71,0,0,0,0,0,0,0,0,0,0,0
27,34,0,0,0,0,0,0,0,0,0,0,0,0,0,0,0,0,0
28,44,0,0,0,0,0,0,0,0,0,0,0,0,0,0,0,0,0
28,46,70,71,0,0,0,0,0,0,0,0,0,0,0,0,0,0,0
30,53,57,44,0,0,0,0,0,0,0,0,0,0,0,0,0,0,0
26,24,20,18,56,61,57,0,0,0,0,0,0,0,0,0,0,0,0
26,24,20,18,56,63,67,0,0,0,0,0,0,0,0,0,0,0,0
27,34,41,0,0,0,0,0,0,0,0,0,0,0,0,0,0,0,0
28,0,0,0,0,0,0,0,0,0,0,0,0,0,0,0,0,0,0
29,49,53,57,0,0,0,0,0,0,0,0,0,0,0,0,0,0,0
30,53,57,0,0,0,0,0,0,0,0,0,0,0,0,0,0,0,0
26,23,12,16,20,18,55,0,0,0,0,0,0,0,0,0,0,0,0
26,23,12,16,22,0,0,0,0,0,0,0,0,0,0,0,0,0,0
26,24,20,18,55,0,0,0,0,0,0,0,0,0,0,0,0,0,0
26,24,22,0,0,0,0,0,0,0,0,0,0,0,0,0,0,0,0
27,31,8,7,37,39,76,72,68,60,55,0,0,0,0,0,0,0,0
27,31,9,12,16,20,18,55,0,0,0,0,0,0,0,0,0,0,0
27,31,9,12,16,22,0,0,0,0,0,0,0,0,0,0,0,0,0
28,45,59,60,55,0,0,0,0,0,0,0,0,0,0,0,0,0,0
28,46,68,60,55,0,0,0,0,0,0,0,0,0,0,0,0,0,0
28,46,69,64,60,55,0,0,0,0,0,0,0,0,0,0,0,0,0
29,0,0,0,0,0,0,0,0,0,0,0,0,0,0,0,0,0,0
30,52,0,0,0,0,0,0,0,0,0,0,0,0,0,0,0,0,0
27,31,8,7,37,39,76,72,68,60,55,49,0,0,0,0,0,0,0
27,34,41,45,58,0,0,0,0,0,0,0,0,0,0,0,0,0,0
28,45,58,0,0,0,0,0,0,0,0,0,0,0,0,0,0,0,0
28,45,59,60,55,49,0,0,0,0,0,0,0,0,0,0,0,0,0
28,46,68,60,55,49,0,0,0,0,0,0,0,0,0,0,0,0,0
29,49,0,0,0,0,0,0,0,0,0,0,0,0,0,0,0,0,0
30,0,0,0,0,0,0,0,0,0,0,0,0,0,0,0,0,0,0
26,23,12,16,20,18,0,0,0,0,0,0,0,0,0,0,0,0,0
26,23,12,16,22,50,0,0,0,0,0,0,0,0,0,0,0,0,0
26,24,20,18,0,0,0,0,0,0,0,0,0,0,0,0,0,0,0
26,24,22,50,0,0,0,0,0,0,0,0,0,0,0,0,0,0,0
27,31,8,7,37,39,76,72,68,60,0,0,0,0,0,0,0,0,0
27,31,9,12,16,20,18,0,0,0,0,0,0,0,0,0,0,0,0
28,45,59,60,0,0,0,0,0,0,0,0,0,0,0,0,0,0,0
28,46,68,60,0,0,0,0,0,0,0,0,0,0,0,0,0,0,0
28,46,69,64,60,0,0,0,0,0,0,0,0,0,0,0,0,0,0
29,50,0,0,0,0,0,0,0,0,0,0,0,0,0,0,0,0,0
30,52,47,20,18,0,0,0,0,0,0,0,0,0,0,0,0,0,0
30,52,50,0,0,0,0,0,0,0,0,0,0,0,0,0,0,0,0
30,53,59,60,0,0,0,0,0,0,0,0,0,0,0,0,0,0,0
26,23,12,16,20,18,56,61,0,0,0,0,0,0,0,0,0,0,0
26,23,12,16,22,50,56,61,0,0,0,0,0,0,0,0,0,0,0
26,24,20,18,56,61,0,0,0,0,0,0,0,0,0,0,0,0,0
27,31,8,7,37,39,76,72,68,61,0,0,0,0,0,0,0,0,0
27,34,41,45,0,0,0,0,0,0,0,0,0,0,0,0,0,0,0
28,45,0,0,0,0,0,0,0,0,0,0,0,0,0,0,0,0,0
28,46,68,61,0,0,0,0,0,0,0,0,0,0,0,0,0,0,0
29,49,53,0,0,0,0,0,0,0,0,0,0,0,0,0,0,0,0
29,50,56,61,0,0,0,0,0,0,0,0,0,0,0,0,0,0,0
30,53,0,0,0,0,0,0,0,0,0,0,0,0,0,0,0,0,0
26,23,12,16,20,18,56,0,0,0,0,0,0,0,0,0,0,0,0
26,23,12,16,22,50,56,0,0,0,0,0,0,0,0,0,0,0,0
26,24,20,18,56,0,0,0,0,0,0,0,0,0,0,0,0,0,0
27,31,8,7,37,39,76,72,68,0,0,0,0,0,0,0,0,0,0
27,31,9,12,16,20,18,56,0,0,0,0,0,0,0,0,0,0,0
28,45,59,0,0,0,0,0,0,0,0,0,0,0,0,0,0,0,0
28,46,68,0,0,0,0,0,0,0,0,0,0,0,0,0,0,0,0
28,46,69,64,0,0,0,0,0,0,0,0,0,0,0,0,0,0,0
29,49,53,59,0,0,0,0,0,0,0,0,0,0,0,0,0,0,0
29,50,56,0,0,0,0,0,0,0,0,0,0,0,0,0,0,0,0
30,52,50,56,0,0,0,0,0,0,0,0,0,0,0,0,0,0,0
30,53,59,0,0,0,0,0,0,0,0,0,0,0,0,0,0,0,0
26,23,11,8,7,37,39,75,0,0,0,0,0,0,0,0,0,0,0
26,23,11,10,34,42,73,75,0,0,0,0,0,0,0,0,0,0,0
26,23,12,16,20,18,56,62,0,0,0,0,0,0,0,0,0,0,0
26,23,12,16,22,50,56,62,0,0,0,0,0,0,0,0,0,0,0
26,24,20,18,56,62,0,0,0,0,0,0,0,0,0,0,0,0,0
26,24,20,18,56,63,69,0,0,0,0,0,0,0,0,0,0,0,0
27,31,8,7,37,39,75,0,0,0,0,0,0,0,0,0,0,0,0
27,31,9,12,16,20,18,56,62,0,0,0,0,0,0,0,0,0,0
27,33,37,39,75,0,0,0,0,0,0,0,0,0,0,0,0,0,0
28,45,59,62,0,0,0,0,0,0,0,0,0,0,0,0,0,0,0
28,46,68,62,0,0,0,0,0,0,0,0,0,0,0,0,0,0,0
28,46,69,0,0,0,0,0,0,0,0,0,0,0,0,0,0,0,0
29,49,53,59,63,69,0,0,0,0,0,0,0,0,0,0,0,0,0
29,50,56,62,0,0,0,0,0,0,0,0,0,0,0,0,0,0,0
29,50,56,63,69,0,0,0,0,0,0,0,0,0,0,0,0,0,0
30,52,50,56,62,0,0,0,0,0,0,0,0,0,0,0,0,0,0
30,53,59,62,0,0,0,0,0,0,0,0,0,0,0,0,0,0,0
26,23,11,8,7,37,39,76,72,0,0,0,0,0,0,0,0,0,0
26,23,11,10,34,42,72,0,0,0,0,0,0,0,0,0,0,0,0
26,23,12,16,22,50,56,62,65,0,0,0,0,0,0,0,0,0,0
26,24,20,18,56,63,0,0,0,0,0,0,0,0,0,0,0,0,0
27,31,8,7,37,39,76,72,0,0,0,0,0,0,0,0,0,0,0
28,44,42,72,0,0,0,0,0,0,0,0,0,0,0,0,0,0,0
28,45,59,63,0,0,0,0,0,0,0,0,0,0,0,0,0,0,0
28,46,0,0,0,0,0,0,0,0,0,0,0,0,0,0,0,0,0
29,49,53,59,63,0,0,0,0,0,0,0,0,0,0,0,0,0,0
29,50,56,63,0,0,0,0,0,0,0,0,0,0,0,0,0,0,0
30,52,50,56,63,0,0,0,0,0,0,0,0,0,0,0,0,0,0
26,23,11,8,7,37,39,76,0,0,0,0,0,0,0,0,0,0,0
26,23,11,10,34,42,0,0,0,0,0,0,0,0,0,0,0,0,0
26,23,12,14,3,2,6,10,34,42,0,0,0,0,0,0,0,0,0
26,23,12,16,22,50,56,62,65,70,0,0,0,0,0,0,0,0,0
26,24,20,18,56,61,57,44,42,0,0,0,0,0,0,0,0,0,0
26,24,20,18,56,63,67,44,42,0,0,0,0,0,0,0,0,0,0
26,24,20,18,56,63,70,0,0,0,0,0,0,0,0,0,0,0,0
27,31,8,7,37,39,76,0,0,0,0,0,0,0,0,0,0,0,0
27,33,37,39,76,0,0,0,0,0,0,0,0,0,0,0,0,0,0
27,34,42,0,0,0,0,0,0,0,0,0,0,0,0,0,0,0,0
28,44,42,0,0,0,0,0,0,0,0,0,0,0,0,0,0,0,0
28,46,70,0,0,0,0,0,0,0,0,0,0,0,0,0,0,0,0
29,49,53,59,63,70,0,0,0,0,0,0,0,0,0,0,0,0,0
29,50,56,63,70,0,0,0,0,0,0,0,0,0,0,0,0,0,0
30,53,57,44,42,0,0,0,0,0,0,0,0,0,0,0,0,0,0
26,23,11,8,7,37,39,0,0,0,0,0,0,0,0,0,0,0,0
26,23,11,10,34,42,73,0,0,0,0,0,0,0,0,0,0,0,0
26,23,12,14,3,2,7,37,39,0,0,0,0,0,0,0,0,0,0
26,24,19,15,11,8,7,37,39,0,0,0,0,0,0,0,0,0,0
26,24,20,18,56,62,66,0,0,0,0,0,0,0,0,0,0,0,0
26,24,20,18,56,63,69,66,0,0,0,0,0,0,0,0,0,0,0
27,31,8,7,37,39,0,0,0,0,0,0,0,0,0,0,0,0,0
27,33,37,39,0,0,0,0,0,0,0,0,0,0,0,0,0,0,0
27,34,42,73,0,0,0,0,0,0,0,0,0,0,0,0,0,0,0
28,44,42,73,0,0,0,0,0,0,0,0,0,0,0,0,0,0,0
28,46,68,62,66,0,0,0,0,0,0,0,0,0,0,0,0,0,0
28,46,69,66,0,0,0,0,0,0,0,0,0,0,0,0,0,0,0
28,46,70,73,0,0,0,0,0,0,0,0,0,0,0,0,0,0,0
29,50,56,62,66,0,0,0,0,0,0,0,0,0,0,0,0,0,0
29,50,56,63,69,66,0,0,0,0,0,0,0,0,0,0,0,0,0
31,8,5,0,0,0,0,0,0,0,0,0,0,0,0,0,0,0,0
31,9,12,14,3,0,0,0,0,0,0,0,0,0,0,0,0,0,0
32,26,23,11,8,5,0,0,0,0,0,0,0,0,0,0,0,0,0
32,26,23,12,14,3,0,0,0,0,0,0,0,0,0,0,0,0,0
32,26,24,19,14,3,0,0,0,0,0,0,0,0,0,0,0,0,0
32,26,24,19,15,11,8,5,0,0,0,0,0,0,0,0,0,0,0
32,28,46,68,60,54,17,21,23,11,8,5,0,0,0,0,0,0,0
32,29,50,56,62,66,74,38,35,6,9,12,14,3,0,0,0,0,0
33,35,5,0,0,0,0,0,0,0,0,0,0,0,0,0,0,0,0
31,8,5,1,0,0,0,0,0,0,0,0,0,0,0,0,0,0,0
31,9,12,14,0,0,0,0,0,0,0,0,0,0,0,0,0,0,0
32,26,23,11,8,5,1,0,0,0,0,0,0,0,0,0,0,0,0
32,26,23,12,14,0,0,0,0,0,0,0,0,0,0,0,0,0,0
32,26,24,19,14,0,0,0,0,0,0,0,0,0,0,0,0,0,0
32,26,24,19,15,11,8,5,1,0,0,0,0,0,0,0,0,0,0
32,28,46,68,60,54,17,21,23,12,14,0,0,0,0,0,0,0,0
32,29,50,56,62,66,74,38,35,6,9,12,14,0,0,0,0,0,0
33,35,5,1,0,0,0,0,0,0,0,0,0,0,0,0,0,0,0
31,8,0,0,0,0,0,0,0,0,0,0,0,0,0,0,0,0,0
31,9,12,14,3,2,0,0,0,0,0,0,0,0,0,0,0,0,0
32,26,23,11,8,0,0,0,0,0,0,0,0,0,0,0,0,0,0
32,26,23,12,14,3,2,0,0,0,0,0,0,0,0,0,0,0,0
32,26,24,19,14,3,2,0,0,0,0,0,0,0,0,0,0,0,0
32,26,24,19,15,11,8,0,0,0,0,0,0,0,0,0,0,0,0
32,28,46,68,60,54,17,21,23,11,8,0,0,0,0,0,0,0,0
32,29,50,56,62,66,74,38,35,0,0,0,0,0,0,0,0,0,0
33,35,0,0,0,0,0,0,0,0,0,0,0,0,0,0,0,0,0
31,0,0,0,0,0,0,0,0,0,0,0,0,0,0,0,0,0,0
32,26,23,11,0,0,0,0,0,0,0,0,0,0,0,0,0,0,0
32,26,23,12,14,3,2,6,0,0,0,0,0,0,0,0,0,0,0
32,26,24,19,14,3,2,6,0,0,0,0,0,0,0,0,0,0,0
32,26,24,19,15,11,0,0,0,0,0,0,0,0,0,0,0,0,0
32,28,46,68,60,54,17,21,23,11,0,0,0,0,0,0,0,0,0
32,29,50,56,62,66,74,38,35,6,0,0,0,0,0,0,0,0,0
33,35,6,0,0,0,0,0,0,0,0,0,0,0,0,0,0,0,0
31,9,0,0,0,0,0,0,0,0,0,0,0,0,0,0,0,0,0
32,26,23,0,0,0,0,0,0,0,0,0,0,0,0,0,0,0,0
32,26,24,19,15,0,0,0,0,0,0,0,0,0,0,0,0,0,0
32,28,46,68,60,54,17,21,23,0,0,0,0,0,0,0,0,0,0
32,29,50,56,62,66,74,38,35,6,9,0,0,0,0,0,0,0,0
33,35,6,9,0,0,0,0,0,0,0,0,0,0,0,0,0,0,0
31,8,5,1,4,0,0,0,0,0,0,0,0,0,0,0,0,0,0
31,9,12,0,0,0,0,0,0,0,0,0,0,0,0,0,0,0,0
32,26,23,11,8,5,1,4,0,0,0,0,0,0,0,0,0,0,0
32,26,23,12,0,0,0,0,0,0,0,0,0,0,0,0,0,0,0
32,26,24,19,0,0,0,0,0,0,0,0,0,0,0,0,0,0,0
32,28,46,68,60,54,17,21,23,12,0,0,0,0,0,0,0,0,0
32,29,47,19,0,0,0,0,0,0,0,0,0,0,0,0,0,0,0
32,29,50,56,62,66,74,38,35,6,9,12,0,0,0,0,0,0,0
33,35,5,1,4,0,0,0,0,0,0,0,0,0,0,0,0,0,0
33,35,6,9,12,0,0,0,0,0,0,0,0,0,0,0,0,0,0
31,8,5,1,4,16,20,0,0,0,0,0,0,0,0,0,0,0,0
31,8,5,1,4,16,21,25,28,46,68,60,54,0,0,0,0,0,0
31,8,7,37,39,76,72,68,60,54,0,0,0,0,0,0,0,0,0
31,9,12,16,20,0,0,0,0,0,0,0,0,0,0,0,0,0,0
31,9,13,24,20,0,0,0,0,0,0,0,0,0,0,0,0,0,0
31,9,13,25,28,46,69,64,60,54,0,0,0,0,0,0,0,0,0
32,26,24,20,0,0,0,0,0,0,0,0,0,0,0,0,0,0,0
32,26,24,22,50,54,0,0,0,0,0,0,0,0,0,0,0,0,0
32,28,45,59,60,54,0,0,0,0,0,0,0,0,0,0,0,0,0
32,28,46,68,60,54,0,0,0,0,0,0,0,0,0,0,0,0,0
32,29,47,20,0,0,0,0,0,0,0,0,0,0,0,0,0,0,0
32,29,50,54,0,0,0,0,0,0,0,0,0,0,0,0,0,0,0
32,30,52,47,20,0,0,0,0,0,0,0,0,0,0,0,0,0,0
32,30,52,50,54,0,0,0,0,0,0,0,0,0,0,0,0,0,0
32,30,53,59,60,54,0,0,0,0,0,0,0,0,0,0,0,0,0
33,35,5,1,4,16,20,0,0,0,0,0,0,0,0,0,0,0,0
33,35,6,9,12,16,20,0,0,0,0,0,0,0,0,0,0,0,0
33,35,6,9,12,16,22,50,54,0,0,0,0,0,0,0,0,0,0
33,35,6,9,13,24,20,0,0,0,0,0,0,0,0,0,0,0,0
31,8,5,1,4,16,0,0,0,0,0,0,0,0,0,0,0,0,0
31,8,7,37,39,76,72,68,60,55,47,0,0,0,0,0,0,0,0
31,9,12,16,0,0,0,0,0,0,0,0,0,0,0,0,0,0,0
31,9,13,24,0,0,0,0,0,0,0,0,0,0,0,0,0,0,0
32,26,23,11,8,5,1,4,16,0,0,0,0,0,0,0,0,0,0
32,26,24,0,0,0,0,0,0,0,0,0,0,0,0,0,0,0,0
32,28,46,68,60,54,17,0,0,0,0,0,0,0,0,0,0,0,0
32,29,47,0,0,0,0,0,0,0,0,0,0,0,0,0,0,0,0
32,29,50,56,62,66,74,38,35,6,9,13,24,0,0,0,0,0,0
32,30,52,47,0,0,0,0,0,0,0,0,0,0,0,0,0,0,0
33,35,5,1,4,16,0,0,0,0,0,0,0,0,0,0,0,0,0
33,35,6,9,12,16,0,0,0,0,0,0,0,0,0,0,0,0,0
33,35,6,9,13,24,0,0,0,0,0,0,0,0,0,0,0,0,0
31,8,5,1,4,16,21,0,0,0,0,0,0,0,0,0,0,0,0
31,9,13,0,0,0,0,0,0,0,0,0,0,0,0,0,0,0,0
32,26,0,0,0,0,0,0,0,0,0,0,0,0,0,0,0,0,0
32,28,46,68,60,54,17,21,0,0,0,0,0,0,0,0,0,0,0
32,29,50,56,62,66,74,38,35,6,9,13,0,0,0,0,0,0,0
33,35,6,9,13,0,0,0,0,0,0,0,0,0,0,0,0,0,0
31,8,5,1,4,16,21,25,0,0,0,0,0,0,0,0,0,0,0
31,9,13,25,0,0,0,0,0,0,0,0,0,0,0,0,0,0,0
32,0,0,0,0,0,0,0,0,0,0,0,0,0,0,0,0,0,0
33,35,6,9,13,25,0,0,0,0,0,0,0,0,0,0,0,0,0
34,41,43,0,0,0,0,0,0,0,0,0,0,0,0,0,0,0,0
31,8,7,0,0,0,0,0,0,0,0,0,0,0,0,0,0,0,0
32,26,23,11,8,7,0,0,0,0,0,0,0,0,0,0,0,0,0
32,26,23,12,14,3,2,7,0,0,0,0,0,0,0,0,0,0,0
32,26,24,19,14,3,2,7,0,0,0,0,0,0,0,0,0,0,0
32,26,24,19,15,11,8,7,0,0,0,0,0,0,0,0,0,0,0
32,28,46,68,60,54,17,21,23,11,8,7,0,0,0,0,0,0,0
32,29,50,56,62,66,74,38,0,0,0,0,0,0,0,0,0,0,0
33,0,0,0,0,0,0,0,0,0,0,0,0,0,0,0,0,0,0
34,42,73,74,38,0,0,0,0,0,0,0,0,0,0,0,0,0,0
31,8,7,37,0,0,0,0,0,0,0,0,0,0,0,0,0,0,0
32,26,23,11,8,7,37,0,0,0,0,0,0,0,0,0,0,0,0
32,26,23,12,14,3,2,7,37,0,0,0,0,0,0,0,0,0,0
32,26,24,19,15,11,8,7,37,0,0,0,0,0,0,0,0,0,0
32,28,46,68,60,54,17,21,23,11,8,7,37,0,0,0,0,0,0
32,29,50,56,62,66,74,0,0,0,0,0,0,0,0,0,0,0,0
33,37,0,0,0,0,0,0,0,0,0,0,0,0,0,0,0,0,0
34,42,73,74,0,0,0,0,0,0,0,0,0,0,0,0,0,0,0
31,8,5,1,4,16,21,25,28,46,70,71,0,0,0,0,0,0,0
31,8,7,37,39,76,71,0,0,0,0,0,0,0,0,0,0,0,0
31,9,12,16,20,18,56,63,67,44,0,0,0,0,0,0,0,0,0
31,9,13,25,28,46,70,71,0,0,0,0,0,0,0,0,0,0,0
32,28,44,0,0,0,0,0,0,0,0,0,0,0,0,0,0,0,0
32,28,46,70,71,0,0,0,0,0,0,0,0,0,0,0,0,0,0
33,35,5,1,4,16,20,18,56,61,57,44,0,0,0,0,0,0,0
33,35,6,9,12,16,22,50,56,62,65,70,71,0,0,0,0,0,0
34,0,0,0,0,0,0,0,0,0,0,0,0,0,0,0,0,0,0
31,8,5,1,4,16,21,25,28,0,0,0,0,0,0,0,0,0,0
31,9,12,16,20,18,56,63,67,0,0,0,0,0,0,0,0,0,0
31,9,13,25,28,0,0,0,0,0,0,0,0,0,0,0,0,0,0
32,28,0,0,0,0,0,0,0,0,0,0,0,0,0,0,0,0,0
32,30,53,57,0,0,0,0,0,0,0,0,0,0,0,0,0,0,0
33,35,5,1,4,16,20,18,56,61,57,0,0,0,0,0,0,0,0
34,41,0,0,0,0,0,0,0,0,0,0,0,0,0,0,0,0,0
34,42,72,67,0,0,0,0,0,0,0,0,0,0,0,0,0,0,0
31,8,5,1,4,16,21,25,28,46,68,60,55,0,0,0,0,0,0
31,8,7,37,39,76,72,68,60,55,0,0,0,0,0,0,0,0,0
31,9,12,16,20,18,55,0,0,0,0,0,0,0,0,0,0,0,0
31,9,12,16,22,0,0,0,0,0,0,0,0,0,0,0,0,0,0
31,9,13,24,22,0,0,0,0,0,0,0,0,0,0,0,0,0,0
31,9,13,25,28,46,69,64,60,55,0,0,0,0,0,0,0,0,0
31,9,13,25,29,0,0,0,0,0,0,0,0,0,0,0,0,0,0
32,26,24,22,0,0,0,0,0,0,0,0,0,0,0,0,0,0,0
32,28,45,59,60,55,0,0,0,0,0,0,0,0,0,0,0,0,0
32,28,46,68,60,55,0,0,0,0,0,0,0,0,0,0,0,0,0
32,29,0,0,0,0,0,0,0,0,0,0,0,0,0,0,0,0,0
32,30,52,0,0,0,0,0,0,0,0,0,0,0,0,0,0,0,0
33,35,6,9,12,16,22,0,0,0,0,0,0,0,0,0,0,0,0
33,35,6,9,13,25,29,0,0,0,0,0,0,0,0,0,0,0,0
34,41,43,29,0,0,0,0,0,0,0,0,0,0,0,0,0,0,0
31,8,5,1,4,16,21,25,28,46,68,60,55,49,0,0,0,0,0
31,8,7,37,39,76,72,68,60,55,49,0,0,0,0,0,0,0,0
31,9,13,25,30,0,0,0,0,0,0,0,0,0,0,0,0,0,0
32,28,45,58,0,0,0,0,0,0,0,0,0,0,0,0,0,0,0
32,28,45,59,60,55,49,0,0,0,0,0,0,0,0,0,0,0,0
32,29,49,0,0,0,0,0,0,0,0,0,0,0,0,0,0,0,0
32,30,0,0,0,0,0,0,0,0,0,0,0,0,0,0,0,0,0
33,35,6,9,13,25,30,0,0,0,0,0,0,0,0,0,0,0,0
34,41,45,58,0,0,0,0,0,0,0,0,0,0,0,0,0,0,0
31,8,5,1,4,16,20,18,0,0,0,0,0,0,0,0,0,0,0
31,8,5,1,4,16,21,25,28,46,68,60,0,0,0,0,0,0,0
31,8,7,37,39,76,72,68,60,0,0,0,0,0,0,0,0,0,0
31,9,12,16,20,18,0,0,0,0,0,0,0,0,0,0,0,0,0
31,9,13,24,20,18,0,0,0,0,0,0,0,0,0,0,0,0,0
31,9,13,25,28,46,69,64,60,0,0,0,0,0,0,0,0,0,0
32,26,24,20,18,0,0,0,0,0,0,0,0,0,0,0,0,0,0
32,26,24,22,50,0,0,0,0,0,0,0,0,0,0,0,0,0,0
32,28,45,59,60,0,0,0,0,0,0,0,0,0,0,0,0,0,0
32,28,46,68,60,0,0,0,0,0,0,0,0,0,0,0,0,0,0
32,29,50,0,0,0,0,0,0,0,0,0,0,0,0,0,0,0,0
32,30,52,47,20,18,0,0,0,0,0,0,0,0,0,0,0,0,0
32,30,52,50,0,0,0,0,0,0,0,0,0,0,0,0,0,0,0
32,30,53,59,60,0,0,0,0,0,0,0,0,0,0,0,0,0,0
33,35,5,1,4,16,20,18,0,0,0,0,0,0,0,0,0,0,0
33,35,6,9,12,16,20,18,0,0,0,0,0,0,0,0,0,0,0
33,35,6,9,12,16,22,50,0,0,0,0,0,0,0,0,0,0,0
33,35,6,9,13,24,20,18,0,0,0,0,0,0,0,0,0,0,0
31,8,5,1,4,16,21,25,28,46,68,61,0,0,0,0,0,0,0
31,8,7,37,39,76,72,68,61,0,0,0,0,0,0,0,0,0,0
31,9,12,16,20,18,56,61,0,0,0,0,0,0,0,0,0,0,0
31,9,13,25,28,45,0,0,0,0,0,0,0,0,0,0,0,0,0
32,28,45,0,0,0,0,0,0,0,0,0,0,0,0,0,0,0,0
32,29,49,53,0,0,0,0,0,0,0,0,0,0,0,0,0,0,0
32,29,50,56,61,0,0,0,0,0,0,0,0,0,0,0,0,0,0
32,30,53,0,0,0,0,0,0,0,0,0,0,0,0,0,0,0,0
33,35,5,1,4,16,20,18,56,61,0,0,0,0,0,0,0,0,0
33,35,6,9,12,16,22,50,56,61,0,0,0,0,0,0,0,0,0
34,41,45,0,0,0,0,0,0,0,0,0,0,0,0,0,0,0,0
31,8,5,1,4,16,20,18,56,0,0,0,0,0,0,0,0,0,0
31,8,5,1,4,16,21,25,28,46,68,0,0,0,0,0,0,0,0
31,8,7,37,39,76,72,68,0,0,0,0,0,0,0,0,0,0,0
31,9,12,16,20,18,56,0,0,0,0,0,0,0,0,0,0,0,0
31,9,13,24,20,18,56,0,0,0,0,0,0,0,0,0,0,0,0
31,9,13,25,28,46,69,64,0,0,0,0,0,0,0,0,0,0,0
32,26,24,20,18,56,0,0,0,0,0,0,0,0,0,0,0,0,0
32,28,45,59,0,0,0,0,0,0,0,0,0,0,0,0,0,0,0
32,28,46,68,0,0,0,0,0,0,0,0,0,0,0,0,0,0,0
32,29,49,53,59,0,0,0,0,0,0,0,0,0,0,0,0,0,0
32,29,50,56,0,0,0,0,0,0,0,0,0,0,0,0,0,0,0
32,30,52,50,56,0,0,0,0,0,0,0,0,0,0,0,0,0,0
32,30,53,59,0,0,0,0,0,0,0,0,0,0,0,0,0,0,0
33,35,5,1,4,16,20,18,56,0,0,0,0,0,0,0,0,0,0
33,35,6,9,12,16,20,18,56,0,0,0,0,0,0,0,0,0,0
33,35,6,9,12,16,22,50,56,0,0,0,0,0,0,0,0,0,0
33,35,6,9,13,24,20,18,56,0,0,0,0,0,0,0,0,0,0
33,37,39,75,64,0,0,0,0,0,0,0,0,0,0,0,0,0,0
31,8,5,1,4,16,20,18,56,62,0,0,0,0,0,0,0,0,0
31,8,5,1,4,16,21,25,28,46,68,62,0,0,0,0,0,0,0
31,8,7,37,39,75,0,0,0,0,0,0,0,0,0,0,0,0,0
31,9,12,16,20,18,56,62,0,0,0,0,0,0,0,0,0,0,0
31,9,13,24,20,18,56,62,0,0,0,0,0,0,0,0,0,0,0
31,9,13,25,28,46,69,0,0,0,0,0,0,0,0,0,0,0,0
32,26,23,11,8,7,37,39,75,0,0,0,0,0,0,0,0,0,0
32,26,24,20,18,56,62,0,0,0,0,0,0,0,0,0,0,0,0
32,28,45,59,62,0,0,0,0,0,0,0,0,0,0,0,0,0,0
32,28,46,68,62,0,0,0,0,0,0,0,0,0,0,0,0,0,0
32,28,46,69,0,0,0,0,0,0,0,0,0,0,0,0,0,0,0
32,29,50,56,62,0,0,0,0,0,0,0,0,0,0,0,0,0,0
32,30,52,50,56,62,0,0,0,0,0,0,0,0,0,0,0,0,0
32,30,53,59,62,0,0,0,0,0,0,0,0,0,0,0,0,0,0
33,35,5,1,4,16,20,18,56,62,0,0,0,0,0,0,0,0,0
33,35,6,9,12,16,20,18,56,62,0,0,0,0,0,0,0,0,0
33,35,6,9,12,16,22,50,56,62,0,0,0,0,0,0,0,0,0
33,35,6,9,13,24,20,18,56,62,0,0,0,0,0,0,0,0,0
33,37,39,75,0,0,0,0,0,0,0,0,0,0,0,0,0,0,0
34,42,72,69,0,0,0,0,0,0,0,0,0,0,0,0,0,0,0
34,42,73,75,0,0,0,0,0,0,0,0,0,0,0,0,0,0,0
31,8,5,1,4,16,20,18,56,63,0,0,0,0,0,0,0,0,0
31,8,5,1,4,16,21,25,28,46,0,0,0,0,0,0,0,0,0
31,8,7,37,39,76,72,0,0,0,0,0,0,0,0,0,0,0,0
31,9,12,16,20,18,56,63,0,0,0,0,0,0,0,0,0,0,0
31,9,13,24,20,18,56,63,0,0,0,0,0,0,0,0,0,0,0
31,9,13,25,28,46,0,0,0,0,0,0,0,0,0,0,0,0,0
32,28,44,42,72,0,0,0,0,0,0,0,0,0,0,0,0,0,0
32,28,46,0,0,0,0,0,0,0,0,0,0,0,0,0,0,0,0
32,29,50,56,63,0,0,0,0,0,0,0,0,0,0,0,0,0,0
32,30,52,50,56,63,0,0,0,0,0,0,0,0,0,0,0,0,0
33,35,5,1,4,16,20,18,56,63,0,0,0,0,0,0,0,0,0
33,35,6,9,12,16,22,50,56,62,65,0,0,0,0,0,0,0,0
33,37,39,75,64,63,0,0,0,0,0,0,0,0,0,0,0,0,0
34,42,72,0,0,0,0,0,0,0,0,0,0,0,0,0,0,0,0
31,8,5,1,4,16,21,25,28,46,70,0,0,0,0,0,0,0,0
31,8,7,37,39,76,0,0,0,0,0,0,0,0,0,0,0,0,0
31,9,12,16,20,18,56,63,67,44,42,0,0,0,0,0,0,0,0
31,9,13,24,20,18,56,63,70,0,0,0,0,0,0,0,0,0,0
31,9,13,25,28,46,70,0,0,0,0,0,0,0,0,0,0,0,0
32,28,44,42,0,0,0,0,0,0,0,0,0,0,0,0,0,0,0
32,28,46,70,0,0,0,0,0,0,0,0,0,0,0,0,0,0,0
32,29,50,56,63,70,0,0,0,0,0,0,0,0,0,0,0,0,0
33,35,5,1,4,16,20,18,56,61,57,44,42,0,0,0,0,0,0
33,35,6,9,12,16,22,50,56,62,65,70,0,0,0,0,0,0,0
33,37,39,76,0,0,0,0,0,0,0,0,0,0,0,0,0,0,0
34,42,0,0,0,0,0,0,0,0,0,0,0,0,0,0,0,0,0
31,8,7,37,39,0,0,0,0,0,0,0,0,0,0,0,0,0,0
31,9,12,16,20,18,56,62,66,0,0,0,0,0,0,0,0,0,0
32,26,23,11,8,7,37,39,0,0,0,0,0,0,0,0,0,0,0
32,26,23,12,14,3,2,7,37,39,0,0,0,0,0,0,0,0,0
32,26,24,19,15,11,8,7,37,39,0,0,0,0,0,0,0,0,0
32,28,46,68,62,66,0,0,0,0,0,0,0,0,0,0,0,0,0
32,28,46,69,66,0,0,0,0,0,0,0,0,0,0,0,0,0,0
32,29,50,56,62,66,0,0,0,0,0,0,0,0,0,0,0,0,0
33,35,5,1,4,16,20,18,56,62,66,0,0,0,0,0,0,0,0
33,37,39,0,0,0,0,0,0,0,0,0,0,0,0,0,0,0,0
34,42,72,69,66,0,0,0,0,0,0,0,0,0,0,0,0,0,0
34,42,73,0,0,0,0,0,0,0,0,0,0,0,0,0,0,0,0
35,5,0,0,0,0,0,0,0,0,0,0,0,0,0,0,0,0,0
35,6,9,12,14,3,0,0,0,0,0,0,0,0,0,0,0,0,0
36,31,8,5,0,0,0,0,0,0,0,0,0,0,0,0,0,0,0
36,32,26,24,19,15,11,8,5,0,0,0,0,0,0,0,0,0,0
37,39,75,64,60,54,17,19,14,3,0,0,0,0,0,0,0,0,0
37,39,76,71,40,31,9,12,14,3,0,0,0,0,0,0,0,0,0
37,39,76,72,67,43,26,23,12,14,3,0,0,0,0,0,0,0,0
37,39,76,72,68,60,55,47,19,14,3,0,0,0,0,0,0,0,0
35,5,1,0,0,0,0,0,0,0,0,0,0,0,0,0,0,0,0
35,6,9,12,14,0,0,0,0,0,0,0,0,0,0,0,0,0,0
36,31,8,5,1,0,0,0,0,0,0,0,0,0,0,0,0,0,0
36,31,9,12,14,0,0,0,0,0,0,0,0,0,0,0,0,0,0
36,32,26,24,19,15,11,8,5,1,0,0,0,0,0,0,0,0,0
37,39,75,64,60,54,17,19,14,0,0,0,0,0,0,0,0,0,0
37,39,76,71,40,31,9,12,14,0,0,0,0,0,0,0,0,0,0
37,39,76,72,67,43,26,23,12,14,0,0,0,0,0,0,0,0,0
37,39,76,72,68,60,55,47,19,14,0,0,0,0,0,0,0,0,0
35,0,0,0,0,0,0,0,0,0,0,0,0,0,0,0,0,0,0
36,31,8,0,0,0,0,0,0,0,0,0,0,0,0,0,0,0,0
36,32,26,24,19,15,11,8,0,0,0,0,0,0,0,0,0,0,0
37,39,75,64,60,54,17,19,15,11,8,0,0,0,0,0,0,0,0
37,39,76,71,40,31,8,0,0,0,0,0,0,0,0,0,0,0,0
37,39,76,72,67,43,26,23,12,14,3,2,0,0,0,0,0,0,0
37,39,76,72,68,60,55,47,19,14,3,2,0,0,0,0,0,0,0
35,6,0,0,0,0,0,0,0,0,0,0,0,0,0,0,0,0,0
36,31,0,0,0,0,0,0,0,0,0,0,0,0,0,0,0,0,0
36,32,26,24,19,15,11,0,0,0,0,0,0,0,0,0,0,0,0
37,39,75,64,60,54,17,19,15,11,0,0,0,0,0,0,0,0,0
37,39,76,71,40,31,0,0,0,0,0,0,0,0,0,0,0,0,0
37,39,76,72,67,43,26,23,11,0,0,0,0,0,0,0,0,0,0
37,39,76,72,68,60,55,47,19,14,3,2,6,0,0,0,0,0,0
35,6,9,0,0,0,0,0,0,0,0,0,0,0,0,0,0,0,0
36,31,9,0,0,0,0,0,0,0,0,0,0,0,0,0,0,0,0
36,32,26,24,19,15,0,0,0,0,0,0,0,0,0,0,0,0,0
37,39,75,64,60,54,17,19,15,0,0,0,0,0,0,0,0,0,0
37,39,76,71,40,31,9,0,0,0,0,0,0,0,0,0,0,0,0
37,39,76,72,67,43,26,23,0,0,0,0,0,0,0,0,0,0,0
37,39,76,72,68,60,55,47,19,14,3,2,6,9,0,0,0,0,0
35,5,1,4,0,0,0,0,0,0,0,0,0,0,0,0,0,0,0
35,6,9,12,0,0,0,0,0,0,0,0,0,0,0,0,0,0,0
36,31,8,5,1,4,0,0,0,0,0,0,0,0,0,0,0,0,0
36,31,9,12,0,0,0,0,0,0,0,0,0,0,0,0,0,0,0
36,32,26,24,19,0,0,0,0,0,0,0,0,0,0,0,0,0,0
37,39,75,64,60,54,17,19,0,0,0,0,0,0,0,0,0,0,0
37,39,76,71,40,31,9,12,0,0,0,0,0,0,0,0,0,0,0
37,39,76,72,67,43,26,23,12,0,0,0,0,0,0,0,0,0,0
37,39,76,72,68,60,55,47,19,0,0,0,0,0,0,0,0,0,0
35,5,1,4,16,20,0,0,0,0,0,0,0,0,0,0,0,0,0
35,5,1,4,16,21,25,28,46,68,60,54,0,0,0,0,0,0,0
35,5,1,4,16,22,50,54,0,0,0,0,0,0,0,0,0,0,0
35,6,9,12,16,20,0,0,0,0,0,0,0,0,0,0,0,0,0
35,6,9,12,16,22,50,54,0,0,0,0,0,0,0,0,0,0,0
35,6,9,13,24,20,0,0,0,0,0,0,0,0,0,0,0,0,0
35,6,9,13,24,22,50,54,0,0,0,0,0,0,0,0,0,0,0
35,6,10,32,29,50,54,0,0,0,0,0,0,0,0,0,0,0,0
35,6,10,32,30,52,50,54,0,0,0,0,0,0,0,0,0,0,0
36,31,9,13,25,28,46,69,64,60,54,0,0,0,0,0,0,0,0
36,32,26,24,20,0,0,0,0,0,0,0,0,0,0,0,0,0,0
36,32,26,24,22,50,54,0,0,0,0,0,0,0,0,0,0,0,0
36,32,28,45,59,60,54,0,0,0,0,0,0,0,0,0,0,0,0
36,32,28,46,68,60,54,0,0,0,0,0,0,0,0,0,0,0,0
36,32,29,50,54,0,0,0,0,0,0,0,0,0,0,0,0,0,0
36,32,30,52,50,54,0,0,0,0,0,0,0,0,0,0,0,0,0
37,39,75,64,60,54,0,0,0,0,0,0,0,0,0,0,0,0,0
37,39,76,72,67,43,30,52,47,20,0,0,0,0,0,0,0,0,0
37,39,76,72,68,60,54,0,0,0,0,0,0,0,0,0,0,0,0
35,5,1,4,16,0,0,0,0,0,0,0,0,0,0,0,0,0,0
35,6,9,12,16,0,0,0,0,0,0,0,0,0,0,0,0,0,0
35,6,9,13,24,0,0,0,0,0,0,0,0,0,0,0,0,0,0
35,6,10,32,26,24,0,0,0,0,0,0,0,0,0,0,0,0,0
36,31,9,13,24,0,0,0,0,0,0,0,0,0,0,0,0,0,0
36,32,26,24,0,0,0,0,0,0,0,0,0,0,0,0,0,0,0
36,32,28,46,68,60,54,17,0,0,0,0,0,0,0,0,0,0,0
37,39,75,64,60,54,17,0,0,0,0,0,0,0,0,0,0,0,0
37,39,76,71,40,31,9,12,16,0,0,0,0,0,0,0,0,0,0
37,39,76,72,67,43,30,52,47,0,0,0,0,0,0,0,0,0,0
37,39,76,72,68,60,55,47,0,0,0,0,0,0,0,0,0,0,0
35,5,1,4,16,21,0,0,0,0,0,0,0,0,0,0,0,0,0
35,6,9,13,0,0,0,0,0,0,0,0,0,0,0,0,0,0,0
35,6,10,32,26,0,0,0,0,0,0,0,0,0,0,0,0,0,0
36,31,9,13,0,0,0,0,0,0,0,0,0,0,0,0,0,0,0
36,32,26,0,0,0,0,0,0,0,0,0,0,0,0,0,0,0,0
36,32,28,46,68,60,54,17,21,0,0,0,0,0,0,0,0,0,0
37,39,75,64,60,54,17,21,0,0,0,0,0,0,0,0,0,0,0
37,39,75,64,61,57,43,26,0,0,0,0,0,0,0,0,0,0,0
37,39,76,71,40,31,9,13,0,0,0,0,0,0,0,0,0,0,0
37,39,76,72,67,43,26,0,0,0,0,0,0,0,0,0,0,0,0
37,39,76,72,68,60,55,47,21,0,0,0,0,0,0,0,0,0,0
35,5,1,4,16,21,25,0,0,0,0,0,0,0,0,0,0,0,0
35,6,9,13,25,0,0,0,0,0,0,0,0,0,0,0,0,0,0
35,6,10,32,0,0,0,0,0,0,0,0,0,0,0,0,0,0,0
35,6,10,34,41,43,0,0,0,0,0,0,0,0,0,0,0,0,0
36,31,9,13,25,0,0,0,0,0,0,0,0,0,0,0,0,0,0
36,32,0,0,0,0,0,0,0,0,0,0,0,0,0,0,0,0,0
37,39,75,64,60,54,17,21,25,0,0,0,0,0,0,0,0,0,0
37,39,75,64,61,57,43,0,0,0,0,0,0,0,0,0,0,0,0
37,39,76,71,40,32,0,0,0,0,0,0,0,0,0,0,0,0,0
37,39,76,72,67,43,0,0,0,0,0,0,0,0,0,0,0,0,0
37,39,76,72,68,60,55,47,21,25,0,0,0,0,0,0,0,0,0
35,5,1,4,16,21,25,27,0,0,0,0,0,0,0,0,0,0,0
35,6,9,13,25,27,0,0,0,0,0,0,0,0,0,0,0,0,0
35,6,10,0,0,0,0,0,0,0,0,0,0,0,0,0,0,0,0
36,0,0,0,0,0,0,0,0,0,0,0,0,0,0,0,0,0,0
37,39,75,64,60,54,17,21,25,27,0,0,0,0,0,0,0,0,0
37,39,76,71,40,0,0,0,0,0,0,0,0,0,0,0,0,0,0
37,39,76,72,67,43,26,23,11,10,0,0,0,0,0,0,0,0,0
37,39,76,72,68,60,55,47,21,25,27,0,0,0,0,0,0,0,0
37,0,0,0,0,0,0,0,0,0,0,0,0,0,0,0,0,0,0
35,5,1,4,16,20,18,56,61,57,44,0,0,0,0,0,0,0,0
35,5,1,4,16,20,18,56,63,67,44,0,0,0,0,0,0,0,0
35,5,1,4,16,21,25,28,46,70,71,0,0,0,0,0,0,0,0
35,6,9,12,16,22,50,56,62,65,70,71,0,0,0,0,0,0,0
35,6,9,13,25,28,44,0,0,0,0,0,0,0,0,0,0,0,0
35,6,10,34,0,0,0,0,0,0,0,0,0,0,0,0,0,0,0
36,31,9,13,25,28,46,70,71,0,0,0,0,0,0,0,0,0,0
36,32,28,44,0,0,0,0,0,0,0,0,0,0,0,0,0,0,0
36,32,28,46,70,71,0,0,0,0,0,0,0,0,0,0,0,0,0
36,34,0,0,0,0,0,0,0,0,0,0,0,0,0,0,0,0,0
37,39,75,65,67,44,0,0,0,0,0,0,0,0,0,0,0,0,0
37,39,76,71,0,0,0,0,0,0,0,0,0,0,0,0,0,0,0
37,39,76,72,67,43,26,23,11,10,34,0,0,0,0,0,0,0,0
35,5,1,4,16,20,18,56,61,57,0,0,0,0,0,0,0,0,0
35,5,1,4,16,20,18,56,63,67,0,0,0,0,0,0,0,0,0
35,5,1,4,16,21,25,28,0,0,0,0,0,0,0,0,0,0,0
35,6,9,13,25,28,0,0,0,0,0,0,0,0,0,0,0,0,0
35,6,10,32,28,0,0,0,0,0,0,0,0,0,0,0,0,0,0
35,6,10,34,41,0,0,0,0,0,0,0,0,0,0,0,0,0,0
36,31,9,13,25,28,0,0,0,0,0,0,0,0,0,0,0,0,0
36,32,28,0,0,0,0,0,0,0,0,0,0,0,0,0,0,0,0
36,34,41,0,0,0,0,0,0,0,0,0,0,0,0,0,0,0,0
37,39,75,64,61,57,0,0,0,0,0,0,0,0,0,0,0,0,0
37,39,75,65,67,0,0,0,0,0,0,0,0,0,0,0,0,0,0
37,39,76,71,40,32,28,0,0,0,0,0,0,0,0,0,0,0,0
37,39,76,72,67,0,0,0,0,0,0,0,0,0,0,0,0,0,0
35,5,1,4,16,21,25,28,46,68,60,55,0,0,0,0,0,0,0
35,5,1,4,16,22,0,0,0,0,0,0,0,0,0,0,0,0,0
35,6,9,12,16,20,18,55,0,0,0,0,0,0,0,0,0,0,0
35,6,9,12,16,22,0,0,0,0,0,0,0,0,0,0,0,0,0
35,6,9,13,24,22,0,0,0,0,0,0,0,0,0,0,0,0,0
35,6,9,13,25,29,0,0,0,0,0,0,0,0,0,0,0,0,0
35,6,9,13,25,30,52,0,0,0,0,0,0,0,0,0,0,0,0
35,6,10,32,29,0,0,0,0,0,0,0,0,0,0,0,0,0,0
35,6,10,32,30,52,0,0,0,0,0,0,0,0,0,0,0,0,0
35,6,10,34,41,43,29,0,0,0,0,0,0,0,0,0,0,0,0
36,31,9,13,25,28,46,69,64,60,55,0,0,0,0,0,0,0,0
36,32,26,24,22,0,0,0,0,0,0,0,0,0,0,0,0,0,0
36,32,28,46,68,60,55,0,0,0,0,0,0,0,0,0,0,0,0
36,32,29,0,0,0,0,0,0,0,0,0,0,0,0,0,0,0,0
36,32,30,52,0,0,0,0,0,0,0,0,0,0,0,0,0,0,0
37,39,75,64,60,55,0,0,0,0,0,0,0,0,0,0,0,0,0
37,39,75,64,61,58,52,0,0,0,0,0,0,0,0,0,0,0,0
37,39,76,72,67,43,30,52,0,0,0,0,0,0,0,0,0,0,0
37,39,76,72,68,60,55,0,0,0,0,0,0,0,0,0,0,0,0
35,5,1,4,16,21,25,28,46,68,60,55,49,0,0,0,0,0,0
35,6,9,13,24,22,49,0,0,0,0,0,0,0,0,0,0,0,0
35,6,9,13,25,30,0,0,0,0,0,0,0,0,0,0,0,0,0
35,6,10,32,29,49,0,0,0,0,0,0,0,0,0,0,0,0,0
35,6,10,32,30,0,0,0,0,0,0,0,0,0,0,0,0,0,0
35,6,10,34,41,45,58,0,0,0,0,0,0,0,0,0,0,0,0
36,31,9,13,25,30,0,0,0,0,0,0,0,0,0,0,0,0,0
36,32,28,45,58,0,0,0,0,0,0,0,0,0,0,0,0,0,0
36,32,29,49,0,0,0,0,0,0,0,0,0,0,0,0,0,0,0
36,32,30,0,0,0,0,0,0,0,0,0,0,0,0,0,0,0,0
37,39,75,64,60,55,49,0,0,0,0,0,0,0,0,0,0,0,0
37,39,75,64,61,58,0,0,0,0,0,0,0,0,0,0,0,0,0
37,39,76,72,67,43,30,0,0,0,0,0,0,0,0,0,0,0,0
37,39,76,72,68,60,55,49,0,0,0,0,0,0,0,0,0,0,0
37,39,76,72,68,61,58,0,0,0,0,0,0,0,0,0,0,0,0
35,5,1,4,16,20,18,0,0,0,0,0,0,0,0,0,0,0,0
35,5,1,4,16,21,25,28,46,68,60,0,0,0,0,0,0,0,0
35,5,1,4,16,22,50,0,0,0,0,0,0,0,0,0,0,0,0
35,6,9,12,16,20,18,0,0,0,0,0,0,0,0,0,0,0,0
35,6,9,12,16,22,50,0,0,0,0,0,0,0,0,0,0,0,0
35,6,9,13,24,20,18,0,0,0,0,0,0,0,0,0,0,0,0
35,6,9,13,24,22,50,0,0,0,0,0,0,0,0,0,0,0,0
35,6,10,32,29,50,0,0,0,0,0,0,0,0,0,0,0,0,0
35,6,10,32,30,52,50,0,0,0,0,0,0,0,0,0,0,0,0
36,31,9,13,25,28,46,69,64,60,0,0,0,0,0,0,0,0,0
36,32,26,24,20,18,0,0,0,0,0,0,0,0,0,0,0,0,0
36,32,26,24,22,50,0,0,0,0,0,0,0,0,0,0,0,0,0
36,32,28,45,59,60,0,0,0,0,0,0,0,0,0,0,0,0,0
36,32,28,46,68,60,0,0,0,0,0,0,0,0,0,0,0,0,0
36,32,29,50,0,0,0,0,0,0,0,0,0,0,0,0,0,0,0
36,32,30,52,50,0,0,0,0,0,0,0,0,0,0,0,0,0,0
37,39,75,64,60,0,0,0,0,0,0,0,0,0,0,0,0,0,0
37,39,76,72,67,43,30,52,47,20,18,0,0,0,0,0,0,0,0
37,39,76,72,68,60,0,0,0,0,0,0,0,0,0,0,0,0,0
35,5,1,4,16,20,18,56,61,0,0,0,0,0,0,0,0,0,0
35,5,1,4,16,21,25,28,46,68,61,0,0,0,0,0,0,0,0
35,6,9,12,16,20,18,56,61,0,0,0,0,0,0,0,0,0,0
35,6,9,12,16,22,50,56,61,0,0,0,0,0,0,0,0,0,0
35,6,9,13,24,22,49,53,0,0,0,0,0,0,0,0,0,0,0
35,6,9,13,25,28,45,0,0,0,0,0,0,0,0,0,0,0,0
35,6,9,13,25,30,53,0,0,0,0,0,0,0,0,0,0,0,0
35,6,10,32,29,49,53,0,0,0,0,0,0,0,0,0,0,0,0
35,6,10,34,41,45,0,0,0,0,0,0,0,0,0,0,0,0,0
36,31,9,13,25,28,45,0,0,0,0,0,0,0,0,0,0,0,0
36,32,28,45,0,0,0,0,0,0,0,0,0,0,0,0,0,0,0
36,32,29,49,53,0,0,0,0,0,0,0,0,0,0,0,0,0,0
36,32,30,53,0,0,0,0,0,0,0,0,0,0,0,0,0,0,0
36,34,41,45,0,0,0,0,0,0,0,0,0,0,0,0,0,0,0
37,39,75,64,61,0,0,0,0,0,0,0,0,0,0,0,0,0,0
37,39,76,71,40,32,28,45,0,0,0,0,0,0,0,0,0,0,0
37,39,76,72,67,45,0,0,0,0,0,0,0,0,0,0,0,0,0
37,39,76,72,68,61,0,0,0,0,0,0,0,0,0,0,0,0,0
35,5,1,4,16,20,18,56,0,0,0,0,0,0,0,0,0,0,0
35,5,1,4,16,21,25,28,46,68,0,0,0,0,0,0,0,0,0
35,5,1,4,16,22,50,56,0,0,0,0,0,0,0,0,0,0,0
35,6,9,12,16,20,18,56,0,0,0,0,0,0,0,0,0,0,0
35,6,9,12,16,22,50,56,0,0,0,0,0,0,0,0,0,0,0
35,6,9,13,24,20,18,56,0,0,0,0,0,0,0,0,0,0,0
35,6,9,13,24,22,50,56,0,0,0,0,0,0,0,0,0,0,0
35,6,10,32,29,50,56,0,0,0,0,0,0,0,0,0,0,0,0
35,6,10,32,30,52,50,56,0,0,0,0,0,0,0,0,0,0,0
36,31,9,13,25,28,46,69,64,0,0,0,0,0,0,0,0,0,0
36,32,26,24,20,18,56,0,0,0,0,0,0,0,0,0,0,0,0
36,32,28,45,59,0,0,0,0,0,0,0,0,0,0,0,0,0,0
36,32,28,46,68,0,0,0,0,0,0,0,0,0,0,0,0,0,0
36,32,29,49,53,59,0,0,0,0,0,0,0,0,0,0,0,0,0
36,32,29,50,56,0,0,0,0,0,0,0,0,0,0,0,0,0,0
36,32,30,52,50,56,0,0,0,0,0,0,0,0,0,0,0,0,0
37,39,75,64,0,0,0,0,0,0,0,0,0,0,0,0,0,0,0
37,39,76,72,67,45,59,0,0,0,0,0,0,0,0,0,0,0,0
37,39,76,72,68,0,0,0,0,0,0,0,0,0,0,0,0,0,0
35,5,1,4,16,20,18,56,62,0,0,0,0,0,0,0,0,0,0
35,5,1,4,16,21,25,28,46,68,62,0,0,0,0,0,0,0,0
35,6,9,12,16,20,18,56,62,0,0,0,0,0,0,0,0,0,0
35,6,9,12,16,22,50,56,62,0,0,0,0,0,0,0,0,0,0
35,6,9,13,24,20,18,56,62,0,0,0,0,0,0,0,0,0,0
35,6,9,13,24,22,50,56,62,0,0,0,0,0,0,0,0,0,0
35,6,10,32,29,50,56,62,0,0,0,0,0,0,0,0,0,0,0
35,6,10,32,30,52,50,56,62,0,0,0,0,0,0,0,0,0,0
35,6,10,34,42,72,69,0,0,0,0,0,0,0,0,0,0,0,0
36,31,9,13,25,28,46,69,0,0,0,0,0,0,0,0,0,0,0
36,32,28,46,68,62,0,0,0,0,0,0,0,0,0,0,0,0,0
36,32,28,46,69,0,0,0,0,0,0,0,0,0,0,0,0,0,0
36,34,42,72,69,0,0,0,0,0,0,0,0,0,0,0,0,0,0
37,39,75,0,0,0,0,0,0,0,0,0,0,0,0,0,0,0,0
37,39,76,72,68,62,0,0,0,0,0,0,0,0,0,0,0,0,0
35,5,1,4,16,20,18,56,63,0,0,0,0,0,0,0,0,0,0
35,5,1,4,16,21,25,28,46,0,0,0,0,0,0,0,0,0,0
35,6,9,12,16,20,18,56,63,0,0,0,0,0,0,0,0,0,0
35,6,9,12,16,22,50,56,62,65,0,0,0,0,0,0,0,0,0
35,6,9,13,24,20,18,56,63,0,0,0,0,0,0,0,0,0,0
35,6,9,13,24,22,50,56,63,0,0,0,0,0,0,0,0,0,0
35,6,10,32,29,50,56,63,0,0,0,0,0,0,0,0,0,0,0
35,6,10,32,30,52,50,56,63,0,0,0,0,0,0,0,0,0,0
35,6,10,34,42,72,0,0,0,0,0,0,0,0,0,0,0,0,0
36,31,9,13,25,28,46,0,0,0,0,0,0,0,0,0,0,0,0
36,32,28,46,0,0,0,0,0,0,0,0,0,0,0,0,0,0,0
36,34,42,72,0,0,0,0,0,0,0,0,0,0,0,0,0,0,0
37,39,75,64,63,0,0,0,0,0,0,0,0,0,0,0,0,0,0
37,39,75,65,0,0,0,0,0,0,0,0,0,0,0,0,0,0,0
37,39,76,72,0,0,0,0,0,0,0,0,0,0,0,0,0,0,0
35,5,1,4,16,20,18,56,61,57,44,42,0,0,0,0,0,0,0
35,5,1,4,16,20,18,56,63,67,44,42,0,0,0,0,0,0,0
35,5,1,4,16,20,18,56,63,70,0,0,0,0,0,0,0,0,0
35,5,1,4,16,21,25,28,46,70,0,0,0,0,0,0,0,0,0
35,6,9,12,16,20,18,56,63,70,0,0,0,0,0,0,0,0,0
35,6,9,12,16,22,50,56,62,65,70,0,0,0,0,0,0,0,0
35,6,9,13,24,20,18,56,63,70,0,0,0,0,0,0,0,0,0
35,6,9,13,24,22,50,56,63,70,0,0,0,0,0,0,0,0,0
35,6,10,32,29,50,56,63,70,0,0,0,0,0,0,0,0,0,0
35,6,10,34,42,0,0,0,0,0,0,0,0,0,0,0,0,0,0
36,31,9,13,25,28,46,70,0,0,0,0,0,0,0,0,0,0,0
36,32,28,46,70,0,0,0,0,0,0,0,0,0,0,0,0,0,0
36,34,42,0,0,0,0,0,0,0,0,0,0,0,0,0,0,0,0
37,39,76,0,0,0,0,0,0,0,0,0,0,0,0,0,0,0,0
35,5,1,4,16,20,18,56,62,66,0,0,0,0,0,0,0,0,0
35,6,9,13,24,20,18,56,62,66,0,0,0,0,0,0,0,0,0
35,6,10,32,29,50,56,62,66,0,0,0,0,0,0,0,0,0,0
35,6,10,34,42,72,69,66,0,0,0,0,0,0,0,0,0,0,0
36,32,28,46,68,62,66,0,0,0,0,0,0,0,0,0,0,0,0
37,39,0,0,0,0,0,0,0,0,0,0,0,0,0,0,0,0,0
38,35,5,0,0,0,0,0,0,0,0,0,0,0,0,0,0,0,0
38,35,6,9,12,14,3,0,0,0,0,0,0,0,0,0,0,0,0
39,75,64,60,54,17,19,14,3,0,0,0,0,0,0,0,0,0,0
39,75,64,60,54,17,21,23,11,8,5,0,0,0,0,0,0,0,0
39,75,64,60,55,48,27,33,35,5,0,0,0,0,0,0,0,0,0
39,75,65,67,43,27,31,8,5,0,0,0,0,0,0,0,0,0,0
39,75,65,67,43,27,33,35,5,0,0,0,0,0,0,0,0,0,0
39,75,65,68,60,54,17,19,14,3,0,0,0,0,0,0,0,0,0
39,75,65,68,60,54,17,21,23,11,8,5,0,0,0,0,0,0,0
39,75,65,68,60,55,47,21,23,11,8,5,0,0,0,0,0,0,0
39,75,65,70,71,41,43,27,33,35,5,0,0,0,0,0,0,0,0
39,76,71,40,31,8,5,0,0,0,0,0,0,0,0,0,0,0,0
39,76,71,40,31,9,12,14,3,0,0,0,0,0,0,0,0,0,0
39,76,71,41,43,26,24,19,15,11,8,5,0,0,0,0,0,0,0
39,76,72,67,43,26,23,12,14,3,0,0,0,0,0,0,0,0,0
39,76,72,68,60,55,47,19,14,3,0,0,0,0,0,0,0,0,0
38,35,5,1,0,0,0,0,0,0,0,0,0,0,0,0,0,0,0
38,35,6,9,12,14,0,0,0,0,0,0,0,0,0,0,0,0,0
38,36,31,9,12,14,0,0,0,0,0,0,0,0,0,0,0,0,0
39,75,64,60,54,17,19,14,0,0,0,0,0,0,0,0,0,0,0
39,75,64,60,54,17,21,23,11,8,5,1,0,0,0,0,0,0,0
39,75,64,60,55,48,27,33,35,5,1,0,0,0,0,0,0,0,0
39,75,65,67,43,27,31,8,5,1,0,0,0,0,0,0,0,0,0
39,75,65,67,43,27,33,35,5,1,0,0,0,0,0,0,0,0,0
39,75,65,68,60,54,17,19,14,0,0,0,0,0,0,0,0,0,0
39,75,65,68,60,54,17,21,23,11,8,5,1,0,0,0,0,0,0
39,75,65,68,60,55,47,21,23,11,8,5,1,0,0,0,0,0,0
39,75,65,70,71,41,43,27,33,35,5,1,0,0,0,0,0,0,0
39,76,71,40,31,8,5,1,0,0,0,0,0,0,0,0,0,0,0
39,76,71,40,31,9,12,14,0,0,0,0,0,0,0,0,0,0,0
39,76,71,41,43,26,24,19,15,11,8,5,1,0,0,0,0,0,0
39,76,72,67,43,26,23,12,14,0,0,0,0,0,0,0,0,0,0
39,76,72,68,60,55,47,19,14,0,0,0,0,0,0,0,0,0,0
38,35,0,0,0,0,0,0,0,0,0,0,0,0,0,0,0,0,0
39,75,64,60,54,17,19,14,3,2,0,0,0,0,0,0,0,0,0
39,75,64,60,54,17,19,15,11,8,0,0,0,0,0,0,0,0,0
39,75,64,60,54,17,21,23,11,8,0,0,0,0,0,0,0,0,0
39,75,64,60,55,48,27,33,35,0,0,0,0,0,0,0,0,0,0
39,75,65,67,43,27,31,8,0,0,0,0,0,0,0,0,0,0,0
39,75,65,67,43,27,33,35,0,0,0,0,0,0,0,0,0,0,0
39,75,65,68,60,54,17,19,14,3,2,0,0,0,0,0,0,0,0
39,75,65,68,60,54,17,21,23,11,8,0,0,0,0,0,0,0,0
39,75,65,68,60,55,47,21,23,11,8,0,0,0,0,0,0,0,0
39,75,65,70,71,41,43,27,33,35,0,0,0,0,0,0,0,0,0
39,76,71,40,31,8,0,0,0,0,0,0,0,0,0,0,0,0,0
39,76,71,41,43,26,24,19,15,11,8,0,0,0,0,0,0,0,0
39,76,72,67,43,26,23,12,14,3,2,0,0,0,0,0,0,0,0
39,76,72,68,60,55,47,19,14,3,2,0,0,0,0,0,0,0,0
38,35,6,0,0,0,0,0,0,0,0,0,0,0,0,0,0,0,0
38,36,31,0,0,0,0,0,0,0,0,0,0,0,0,0,0,0,0
39,75,64,60,54,17,19,14,3,2,6,0,0,0,0,0,0,0,0
39,75,64,60,54,17,19,15,11,0,0,0,0,0,0,0,0,0,0
39,75,64,60,54,17,21,23,11,0,0,0,0,0,0,0,0,0,0
39,75,64,60,55,48,27,33,35,6,0,0,0,0,0,0,0,0,0
39,75,65,67,43,27,31,0,0,0,0,0,0,0,0,0,0,0,0
39,75,65,67,43,27,33,35,6,0,0,0,0,0,0,0,0,0,0
39,75,65,68,60,54,17,19,14,3,2,6,0,0,0,0,0,0,0
39,75,65,68,60,54,17,21,23,11,0,0,0,0,0,0,0,0,0
39,75,65,68,60,55,47,21,23,11,0,0,0,0,0,0,0,0,0
39,75,65,70,71,41,43,27,31,0,0,0,0,0,0,0,0,0,0
39,76,71,40,31,0,0,0,0,0,0,0,0,0,0,0,0,0,0
39,76,71,41,43,26,24,19,15,11,0,0,0,0,0,0,0,0,0
39,76,72,67,43,26,23,11,0,0,0,0,0,0,0,0,0,0,0
39,76,72,68,60,55,47,19,14,3,2,6,0,0,0,0,0,0,0
38,35,6,9,0,0,0,0,0,0,0,0,0,0,0,0,0,0,0
38,36,31,9,0,0,0,0,0,0,0,0,0,0,0,0,0,0,0
39,75,64,60,54,17,19,14,3,2,6,9,0,0,0,0,0,0,0
39,75,64,60,54,17,19,15,0,0,0,0,0,0,0,0,0,0,0
39,75,64,60,54,17,21,23,0,0,0,0,0,0,0,0,0,0,0
39,75,64,60,55,48,27,33,35,6,9,0,0,0,0,0,0,0,0
39,75,64,61,58,52,47,19,15,0,0,0,0,0,0,0,0,0,0
39,75,65,67,43,27,31,9,0,0,0,0,0,0,0,0,0,0,0
39,75,65,67,43,27,33,35,6,9,0,0,0,0,0,0,0,0,0
39,75,65,68,60,54,17,19,14,3,2,6,9,0,0,0,0,0,0
39,75,65,68,60,54,17,19,15,0,0,0,0,0,0,0,0,0,0
39,75,65,68,60,54,17,21,23,0,0,0,0,0,0,0,0,0,0
39,75,65,68,60,55,47,21,23,0,0,0,0,0,0,0,0,0,0
39,75,65,70,71,41,43,27,31,9,0,0,0,0,0,0,0,0,0
39,76,71,40,31,9,0,0,0,0,0,0,0,0,0,0,0,0,0
39,76,71,41,43,26,24,19,15,0,0,0,0,0,0,0,0,0,0
39,76,72,67,43,26,23,0,0,0,0,0,0,0,0,0,0,0,0
39,76,72,68,60,55,47,19,14,3,2,6,9,0,0,0,0,0,0
38,35,5,1,4,0,0,0,0,0,0,0,0,0,0,0,0,0,0
38,35,6,9,12,0,0,0,0,0,0,0,0,0,0,0,0,0,0
38,36,31,9,12,0,0,0,0,0,0,0,0,0,0,0,0,0,0
39,75,64,60,54,17,19,0,0,0,0,0,0,0,0,0,0,0,0
39,75,64,60,54,17,21,23,12,0,0,0,0,0,0,0,0,0,0
39,75,64,60,55,48,27,33,35,5,1,4,0,0,0,0,0,0,0
39,75,64,61,58,52,47,19,0,0,0,0,0,0,0,0,0,0,0
39,75,65,67,43,27,31,8,5,1,4,0,0,0,0,0,0,0,0
39,75,65,67,43,27,31,9,12,0,0,0,0,0,0,0,0,0,0
39,75,65,67,43,27,33,35,5,1,4,0,0,0,0,0,0,0,0
39,75,65,68,60,54,17,19,0,0,0,0,0,0,0,0,0,0,0
39,75,65,68,60,54,17,21,23,11,8,5,1,4,0,0,0,0,0
39,75,65,68,60,54,17,21,23,12,0,0,0,0,0,0,0,0,0
39,75,65,68,60,55,47,21,23,12,0,0,0,0,0,0,0,0,0
39,75,65,70,71,41,43,27,31,9,12,0,0,0,0,0,0,0,0
39,76,71,40,31,9,12,0,0,0,0,0,0,0,0,0,0,0,0
39,76,71,41,43,26,24,19,0,0,0,0,0,0,0,0,0,0,0
39,76,72,67,43,26,23,12,0,0,0,0,0,0,0,0,0,0,0
39,76,72,68,60,55,47,19,0,0,0,0,0,0,0,0,0,0,0
38,35,5,1,4,16,20,0,0,0,0,0,0,0,0,0,0,0,0
38,35,5,1,4,16,21,25,28,46,68,60,54,0,0,0,0,0,0
38,35,5,1,4,16,22,50,54,0,0,0,0,0,0,0,0,0,0
38,35,6,9,12,16,20,0,0,0,0,0,0,0,0,0,0,0,0
38,35,6,9,12,16,22,50,54,0,0,0,0,0,0,0,0,0,0
38,35,6,9,13,24,20,0,0,0,0,0,0,0,0,0,0,0,0
38,35,6,9,13,24,22,50,54,0,0,0,0,0,0,0,0,0,0
38,35,6,10,32,29,50,54,0,0,0,0,0,0,0,0,0,0,0
38,35,6,10,32,30,52,50,54,0,0,0,0,0,0,0,0,0,0
38,36,32,26,24,20,0,0,0,0,0,0,0,0,0,0,0,0,0
38,36,32,28,46,68,60,54,0,0,0,0,0,0,0,0,0,0,0
38,36,32,29,50,54,0,0,0,0,0,0,0,0,0,0,0,0,0
38,36,32,30,52,50,54,0,0,0,0,0,0,0,0,0,0,0,0
39,75,64,60,54,0,0,0,0,0,0,0,0,0,0,0,0,0,0
39,75,65,67,43,26,24,20,0,0,0,0,0,0,0,0,0,0,0
39,75,65,68,60,54,0,0,0,0,0,0,0,0,0,0,0,0,0
39,75,65,70,71,41,43,26,24,20,0,0,0,0,0,0,0,0,0
39,76,71,41,43,26,24,20,0,0,0,0,0,0,0,0,0,0,0
39,76,72,67,43,30,52,47,20,0,0,0,0,0,0,0,0,0,0
39,76,72,68,60,54,0,0,0,0,0,0,0,0,0,0,0,0,0
39,76,72,69,64,60,54,0,0,0,0,0,0,0,0,0,0,0,0
38,35,5,1,4,16,0,0,0,0,0,0,0,0,0,0,0,0,0
38,35,6,9,12,16,0,0,0,0,0,0,0,0,0,0,0,0,0
38,35,6,9,13,24,0,0,0,0,0,0,0,0,0,0,0,0,0
38,35,6,10,32,26,24,0,0,0,0,0,0,0,0,0,0,0,0
38,36,32,26,24,0,0,0,0,0,0,0,0,0,0,0,0,0,0
38,36,32,28,46,68,60,54,17,0,0,0,0,0,0,0,0,0,0
39,75,64,60,54,17,0,0,0,0,0,0,0,0,0,0,0,0,0
39,75,64,60,55,48,26,24,0,0,0,0,0,0,0,0,0,0,0
39,75,64,61,58,52,47,0,0,0,0,0,0,0,0,0,0,0,0
39,75,65,67,43,26,24,0,0,0,0,0,0,0,0,0,0,0,0
39,75,65,68,60,54,17,0,0,0,0,0,0,0,0,0,0,0,0
39,75,65,68,60,55,47,0,0,0,0,0,0,0,0,0,0,0,0
39,75,65,70,71,41,43,26,24,0,0,0,0,0,0,0,0,0,0
39,76,71,40,31,9,12,16,0,0,0,0,0,0,0,0,0,0,0
39,76,71,41,43,26,24,0,0,0,0,0,0,0,0,0,0,0,0
39,76,72,67,43,30,52,47,0,0,0,0,0,0,0,0,0,0,0
39,76,72,68,60,54,17,0,0,0,0,0,0,0,0,0,0,0,0
39,76,72,68,60,55,47,0,0,0,0,0,0,0,0,0,0,0,0
38,35,5,1,4,16,21,0,0,0,0,0,0,0,0,0,0,0,0
38,35,6,9,13,0,0,0,0,0,0,0,0,0,0,0,0,0,0
38,35,6,10,32,26,0,0,0,0,0,0,0,0,0,0,0,0,0
38,36,32,26,0,0,0,0,0,0,0,0,0,0,0,0,0,0,0
38,36,32,28,46,68,60,54,17,21,0,0,0,0,0,0,0,0,0
39,75,64,60,54,17,19,14,3,2,6,9,13,0,0,0,0,0,0
39,75,64,60,54,17,21,0,0,0,0,0,0,0,0,0,0,0,0
39,75,64,60,55,48,26,0,0,0,0,0,0,0,0,0,0,0,0
39,75,64,61,57,43,26,0,0,0,0,0,0,0,0,0,0,0,0
39,75,65,67,43,26,0,0,0,0,0,0,0,0,0,0,0,0,0
39,75,65,68,60,54,17,21,0,0,0,0,0,0,0,0,0,0,0
39,75,65,68,60,55,47,21,0,0,0,0,0,0,0,0,0,0,0
39,75,65,70,71,41,43,26,0,0,0,0,0,0,0,0,0,0,0
39,76,71,40,31,9,13,0,0,0,0,0,0,0,0,0,0,0,0
39,76,71,41,43,26,0,0,0,0,0,0,0,0,0,0,0,0,0
39,76,72,67,43,26,0,0,0,0,0,0,0,0,0,0,0,0,0
39,76,72,68,60,55,47,21,0,0,0,0,0,0,0,0,0,0,0
38,35,5,1,4,16,21,25,0,0,0,0,0,0,0,0,0,0,0
38,35,6,9,13,25,0,0,0,0,0,0,0,0,0,0,0,0,0
38,35,6,10,32,0,0,0,0,0,0,0,0,0,0,0,0,0,0
38,36,32,0,0,0,0,0,0,0,0,0,0,0,0,0,0,0,0
39,75,64,60,54,17,21,25,0,0,0,0,0,0,0,0,0,0,0
39,75,64,60,55,48,0,0,0,0,0,0,0,0,0,0,0,0,0
39,75,64,61,57,43,0,0,0,0,0,0,0,0,0,0,0,0,0
39,75,65,67,43,0,0,0,0,0,0,0,0,0,0,0,0,0,0
39,75,65,68,60,54,17,21,25,0,0,0,0,0,0,0,0,0,0
39,75,65,68,60,55,49,51,0,0,0,0,0,0,0,0,0,0,0
39,75,65,70,71,40,32,0,0,0,0,0,0,0,0,0,0,0,0
39,75,65,70,71,41,43,0,0,0,0,0,0,0,0,0,0,0,0
39,76,71,40,32,0,0,0,0,0,0,0,0,0,0,0,0,0,0
39,76,71,41,43,0,0,0,0,0,0,0,0,0,0,0,0,0,0
39,76,72,67,43,0,0,0,0,0,0,0,0,0,0,0,0,0,0
39,76,72,68,60,55,47,21,25,0,0,0,0,0,0,0,0,0,0
38,35,5,1,4,16,21,25,27,0,0,0,0,0,0,0,0,0,0
38,35,6,9,13,25,27,0,0,0,0,0,0,0,0,0,0,0,0
38,35,6,10,0,0,0,0,0,0,0,0,0,0,0,0,0,0,0
38,36,0,0,0,0,0,0,0,0,0,0,0,0,0,0,0,0,0
39,75,64,60,54,17,19,14,3,2,6,10,0,0,0,0,0,0,0
39,75,64,60,54,17,21,23,11,10,0,0,0,0,0,0,0,0,0
39,75,64,60,54,17,21,25,27,0,0,0,0,0,0,0,0,0,0
39,75,64,60,55,48,27,0,0,0,0,0,0,0,0,0,0,0,0
39,75,64,61,57,43,27,0,0,0,0,0,0,0,0,0,0,0,0
39,75,65,67,43,27,0,0,0,0,0,0,0,0,0,0,0,0,0
39,75,65,68,60,54,17,21,23,11,10,0,0,0,0,0,0,0,0
39,75,65,68,60,55,49,51,27,0,0,0,0,0,0,0,0,0,0
39,75,65,70,71,40,0,0,0,0,0,0,0,0,0,0,0,0,0
39,75,65,70,71,41,43,27,0,0,0,0,0,0,0,0,0,0,0
39,76,71,40,0,0,0,0,0,0,0,0,0,0,0,0,0,0,0
39,76,71,41,43,27,0,0,0,0,0,0,0,0,0,0,0,0,0
39,76,72,67,43,26,23,11,10,0,0,0,0,0,0,0,0,0,0
39,76,72,68,60,55,47,21,25,27,0,0,0,0,0,0,0,0,0
38,0,0,0,0,0,0,0,0,0,0,0,0,0,0,0,0,0,0
39,75,64,60,54,17,19,14,3,2,7,0,0,0,0,0,0,0,0
39,75,64,60,54,17,21,23,11,8,7,0,0,0,0,0,0,0,0
39,75,64,60,55,48,27,33,0,0,0,0,0,0,0,0,0,0,0
39,75,65,67,43,27,31,8,7,0,0,0,0,0,0,0,0,0,0
39,75,65,67,43,27,33,0,0,0,0,0,0,0,0,0,0,0,0
39,75,65,68,60,54,17,21,23,11,8,7,0,0,0,0,0,0,0
39,75,65,68,60,55,47,21,23,11,8,7,0,0,0,0,0,0,0
39,75,65,70,71,40,33,0,0,0,0,0,0,0,0,0,0,0,0
39,75,65,70,71,41,43,27,33,0,0,0,0,0,0,0,0,0,0
39,76,71,40,31,8,7,0,0,0,0,0,0,0,0,0,0,0,0
39,76,71,41,43,26,24,19,15,11,8,7,0,0,0,0,0,0,0
38,35,5,1,4,16,21,25,28,46,70,71,0,0,0,0,0,0,0
38,35,6,9,12,16,22,50,56,62,65,70,71,0,0,0,0,0,0
38,35,6,9,13,25,28,44,0,0,0,0,0,0,0,0,0,0,0
38,35,6,10,34,0,0,0,0,0,0,0,0,0,0,0,0,0,0
38,36,32,28,44,0,0,0,0,0,0,0,0,0,0,0,0,0,0
38,36,34,0,0,0,0,0,0,0,0,0,0,0,0,0,0,0,0
39,75,64,61,57,44,0,0,0,0,0,0,0,0,0,0,0,0,0
39,75,65,67,44,0,0,0,0,0,0,0,0,0,0,0,0,0,0
39,75,65,70,71,0,0,0,0,0,0,0,0,0,0,0,0,0,0
39,76,71,0,0,0,0,0,0,0,0,0,0,0,0,0,0,0,0
39,76,72,67,43,26,23,11,10,34,0,0,0,0,0,0,0,0,0
38,35,5,1,4,16,21,25,28,0,0,0,0,0,0,0,0,0,0
38,35,6,9,13,25,28,0,0,0,0,0,0,0,0,0,0,0,0
38,35,6,10,32,28,0,0,0,0,0,0,0,0,0,0,0,0,0
38,35,6,10,34,41,0,0,0,0,0,0,0,0,0,0,0,0,0
38,36,32,28,0,0,0,0,0,0,0,0,0,0,0,0,0,0,0
38,36,34,41,0,0,0,0,0,0,0,0,0,0,0,0,0,0,0
39,75,64,60,54,17,21,25,28,0,0,0,0,0,0,0,0,0,0
39,75,64,61,57,0,0,0,0,0,0,0,0,0,0,0,0,0,0
39,75,65,67,0,0,0,0,0,0,0,0,0,0,0,0,0,0,0
39,75,65,68,60,54,17,21,25,28,0,0,0,0,0,0,0,0,0
39,75,65,68,60,55,49,53,57,0,0,0,0,0,0,0,0,0,0
39,75,65,68,61,57,0,0,0,0,0,0,0,0,0,0,0,0,0
39,75,65,70,71,41,0,0,0,0,0,0,0,0,0,0,0,0,0
39,76,71,40,32,28,0,0,0,0,0,0,0,0,0,0,0,0,0
39,76,71,41,0,0,0,0,0,0,0,0,0,0,0,0,0,0,0
39,76,72,67,0,0,0,0,0,0,0,0,0,0,0,0,0,0,0
38,35,5,1,4,16,21,25,28,46,68,60,55,0,0,0,0,0,0
38,35,5,1,4,16,22,0,0,0,0,0,0,0,0,0,0,0,0
38,35,6,9,12,16,20,18,55,0,0,0,0,0,0,0,0,0,0
38,35,6,9,12,16,22,0,0,0,0,0,0,0,0,0,0,0,0
38,35,6,9,13,24,22,0,0,0,0,0,0,0,0,0,0,0,0
38,35,6,10,32,29,0,0,0,0,0,0,0,0,0,0,0,0,0
38,35,6,10,32,30,52,0,0,0,0,0,0,0,0,0,0,0,0
38,36,32,28,46,68,60,55,0,0,0,0,0,0,0,0,0,0,0
38,36,32,29,0,0,0,0,0,0,0,0,0,0,0,0,0,0,0
38,36,32,30,52,0,0,0,0,0,0,0,0,0,0,0,0,0,0
39,75,64,60,55,0,0,0,0,0,0,0,0,0,0,0,0,0,0
39,75,64,61,58,52,0,0,0,0,0,0,0,0,0,0,0,0,0
39,75,65,67,43,29,0,0,0,0,0,0,0,0,0,0,0,0,0
39,75,65,68,60,55,0,0,0,0,0,0,0,0,0,0,0,0,0
39,75,65,70,71,41,43,29,0,0,0,0,0,0,0,0,0,0,0
39,76,71,41,43,26,24,22,0,0,0,0,0,0,0,0,0,0,0
39,76,72,67,43,30,52,0,0,0,0,0,0,0,0,0,0,0,0
39,76,72,68,60,55,0,0,0,0,0,0,0,0,0,0,0,0,0
39,76,72,69,64,60,55,0,0,0,0,0,0,0,0,0,0,0,0
38,35,5,1,4,16,21,25,28,46,68,60,55,49,0,0,0,0,0
38,35,6,9,13,24,22,49,0,0,0,0,0,0,0,0,0,0,0
38,35,6,9,13,25,30,0,0,0,0,0,0,0,0,0,0,0,0
38,35,6,10,32,29,49,0,0,0,0,0,0,0,0,0,0,0,0
38,35,6,10,32,30,0,0,0,0,0,0,0,0,0,0,0,0,0
38,36,32,29,49,0,0,0,0,0,0,0,0,0,0,0,0,0,0
38,36,32,30,0,0,0,0,0,0,0,0,0,0,0,0,0,0,0
39,75,64,60,55,49,0,0,0,0,0,0,0,0,0,0,0,0,0
39,75,64,61,58,0,0,0,0,0,0,0,0,0,0,0,0,0,0
39,75,65,67,43,30,0,0,0,0,0,0,0,0,0,0,0,0,0
39,75,65,67,45,58,0,0,0,0,0,0,0,0,0,0,0,0,0
39,75,65,68,60,54,17,21,25,30,0,0,0,0,0,0,0,0,0
39,75,65,68,60,55,49,0,0,0,0,0,0,0,0,0,0,0,0
39,75,65,68,61,58,0,0,0,0,0,0,0,0,0,0,0,0,0
39,75,65,70,71,41,45,58,0,0,0,0,0,0,0,0,0,0,0
39,76,71,41,45,58,0,0,0,0,0,0,0,0,0,0,0,0,0
39,76,72,67,43,30,0,0,0,0,0,0,0,0,0,0,0,0,0
39,76,72,68,60,55,49,0,0,0,0,0,0,0,0,0,0,0,0
39,76,72,68,61,58,0,0,0,0,0,0,0,0,0,0,0,0,0
38,35,5,1,4,16,20,18,0,0,0,0,0,0,0,0,0,0,0
38,35,5,1,4,16,21,25,28,46,68,60,0,0,0,0,0,0,0
38,35,5,1,4,16,22,50,0,0,0,0,0,0,0,0,0,0,0
38,35,6,9,12,16,20,18,0,0,0,0,0,0,0,0,0,0,0
38,35,6,9,12,16,22,50,0,0,0,0,0,0,0,0,0,0,0
38,35,6,9,13,24,20,18,0,0,0,0,0,0,0,0,0,0,0
38,35,6,9,13,24,22,50,0,0,0,0,0,0,0,0,0,0,0
38,35,6,10,32,29,50,0,0,0,0,0,0,0,0,0,0,0,0
38,35,6,10,32,30,52,50,0,0,0,0,0,0,0,0,0,0,0
38,36,32,28,46,68,60,0,0,0,0,0,0,0,0,0,0,0,0
38,36,32,29,50,0,0,0,0,0,0,0,0,0,0,0,0,0,0
38,36,32,30,52,50,0,0,0,0,0,0,0,0,0,0,0,0,0
39,75,64,60,0,0,0,0,0,0,0,0,0,0,0,0,0,0,0
39,75,65,67,43,26,24,20,18,0,0,0,0,0,0,0,0,0,0
39,75,65,68,60,0,0,0,0,0,0,0,0,0,0,0,0,0,0
39,75,65,70,71,41,43,26,24,20,18,0,0,0,0,0,0,0,0
39,76,71,41,43,26,24,20,18,0,0,0,0,0,0,0,0,0,0
39,76,72,67,43,30,52,47,20,18,0,0,0,0,0,0,0,0,0
39,76,72,68,60,0,0,0,0,0,0,0,0,0,0,0,0,0,0
39,76,72,69,64,60,0,0,0,0,0,0,0,0,0,0,0,0,0
38,35,5,1,4,16,21,25,28,46,68,61,0,0,0,0,0,0,0
38,35,6,9,12,16,20,18,56,61,0,0,0,0,0,0,0,0,0
38,35,6,9,12,16,22,50,56,61,0,0,0,0,0,0,0,0,0
38,35,6,9,13,24,22,49,53,0,0,0,0,0,0,0,0,0,0
38,35,6,10,32,29,49,53,0,0,0,0,0,0,0,0,0,0,0
38,35,6,10,34,41,45,0,0,0,0,0,0,0,0,0,0,0,0
38,36,32,28,45,0,0,0,0,0,0,0,0,0,0,0,0,0,0
38,36,32,29,49,53,0,0,0,0,0,0,0,0,0,0,0,0,0
38,36,32,30,53,0,0,0,0,0,0,0,0,0,0,0,0,0,0
38,36,34,41,45,0,0,0,0,0,0,0,0,0,0,0,0,0,0
39,75,64,61,0,0,0,0,0,0,0,0,0,0,0,0,0,0,0
39,75,65,67,45,0,0,0,0,0,0,0,0,0,0,0,0,0,0
39,75,65,68,60,55,49,53,0,0,0,0,0,0,0,0,0,0,0
39,75,65,68,61,0,0,0,0,0,0,0,0,0,0,0,0,0,0
39,75,65,70,71,41,45,0,0,0,0,0,0,0,0,0,0,0,0
39,76,71,40,32,28,45,0,0,0,0,0,0,0,0,0,0,0,0
39,76,71,41,45,0,0,0,0,0,0,0,0,0,0,0,0,0,0
39,76,72,67,45,0,0,0,0,0,0,0,0,0,0,0,0,0,0
39,76,72,68,61,0,0,0,0,0,0,0,0,0,0,0,0,0,0
38,35,5,1,4,16,20,18,56,0,0,0,0,0,0,0,0,0,0
38,35,5,1,4,16,21,25,28,46,68,0,0,0,0,0,0,0,0
38,35,5,1,4,16,22,50,56,0,0,0,0,0,0,0,0,0,0
38,35,6,9,12,16,20,18,56,0,0,0,0,0,0,0,0,0,0
38,35,6,9,12,16,22,50,56,0,0,0,0,0,0,0,0,0,0
38,35,6,9,13,24,20,18,56,0,0,0,0,0,0,0,0,0,0
38,35,6,9,13,24,22,50,56,0,0,0,0,0,0,0,0,0,0
38,35,6,10,32,29,50,56,0,0,0,0,0,0,0,0,0,0,0
38,35,6,10,32,30,52,50,56,0,0,0,0,0,0,0,0,0,0
38,36,32,28,46,68,0,0,0,0,0,0,0,0,0,0,0,0,0
38,36,32,29,50,56,0,0,0,0,0,0,0,0,0,0,0,0,0
39,75,64,0,0,0,0,0,0,0,0,0,0,0,0,0,0,0,0
39,75,65,67,43,26,24,20,18,56,0,0,0,0,0,0,0,0,0
39,75,65,68,0,0,0,0,0,0,0,0,0,0,0,0,0,0,0
39,75,65,70,71,41,43,26,24,20,18,56,0,0,0,0,0,0,0
39,76,72,67,45,59,0,0,0,0,0,0,0,0,0,0,0,0,0
39,76,72,68,0,0,0,0,0,0,0,0,0,0,0,0,0,0,0
39,76,72,69,64,0,0,0,0,0,0,0,0,0,0,0,0,0,0
38,35,5,1,4,16,21,25,28,46,68,62,0,0,0,0,0,0,0
38,35,6,9,12,16,22,50,56,62,0,0,0,0,0,0,0,0,0
38,35,6,9,13,24,22,50,56,62,0,0,0,0,0,0,0,0,0
38,35,6,10,32,30,52,50,56,62,0,0,0,0,0,0,0,0,0
38,36,32,28,46,68,62,0,0,0,0,0,0,0,0,0,0,0,0
38,36,32,28,46,69,0,0,0,0,0,0,0,0,0,0,0,0,0
38,36,34,42,72,69,0,0,0,0,0,0,0,0,0,0,0,0,0
39,75,0,0,0,0,0,0,0,0,0,0,0,0,0,0,0,0,0
39,76,72,68,62,0,0,0,0,0,0,0,0,0,0,0,0,0,0
39,76,72,69,0,0,0,0,0,0,0,0,0,0,0,0,0,0,0
38,35,5,1,4,16,21,25,28,46,0,0,0,0,0,0,0,0,0
38,35,6,9,12,16,22,50,56,62,65,0,0,0,0,0,0,0,0
38,35,6,9,13,24,22,50,56,63,0,0,0,0,0,0,0,0,0
38,35,6,10,32,30,52,50,56,63,0,0,0,0,0,0,0,0,0
38,36,32,28,46,0,0,0,0,0,0,0,0,0,0,0,0,0,0
38,36,34,42,72,0,0,0,0,0,0,0,0,0,0,0,0,0,0
39,75,64,63,0,0,0,0,0,0,0,0,0,0,0,0,0,0,0
39,75,65,0,0,0,0,0,0,0,0,0,0,0,0,0,0,0,0
39,76,72,0,0,0,0,0,0,0,0,0,0,0,0,0,0,0,0
38,35,5,1,4,16,21,25,28,46,70,0,0,0,0,0,0,0,0
38,35,6,9,12,16,22,50,56,62,65,70,0,0,0,0,0,0,0
38,35,6,9,13,24,22,50,56,63,70,0,0,0,0,0,0,0,0
38,35,6,10,34,42,0,0,0,0,0,0,0,0,0,0,0,0,0
38,36,32,28,46,70,0,0,0,0,0,0,0,0,0,0,0,0,0
38,36,34,42,0,0,0,0,0,0,0,0,0,0,0,0,0,0,0
39,75,64,63,70,0,0,0,0,0,0,0,0,0,0,0,0,0,0
39,75,65,67,44,42,0,0,0,0,0,0,0,0,0,0,0,0,0
39,75,65,70,0,0,0,0,0,0,0,0,0,0,0,0,0,0,0
39,76,0,0,0,0,0,0,0,0,0,0,0,0,0,0,0,0,0
38,36,32,28,46,68,62,66,0,0,0,0,0,0,0,0,0,0,0
39,0,0,0,0,0,0,0,0,0,0,0,0,0,0,0,0,0,0
40,31,8,5,0,0,0,0,0,0,0,0,0,0,0,0,0,0,0
40,31,9,12,14,3,0,0,0,0,0,0,0,0,0,0,0,0,0
40,32,26,23,11,8,5,0,0,0,0,0,0,0,0,0,0,0,0
40,32,28,46,68,60,54,17,21,23,11,8,5,0,0,0,0,0,0
40,32,29,50,56,62,66,74,38,35,6,9,12,14,3,0,0,0,0
40,33,35,5,0,0,0,0,0,0,0,0,0,0,0,0,0,0,0
41,43,26,23,11,8,5,0,0,0,0,0,0,0,0,0,0,0,0
41,43,26,23,12,14,3,0,0,0,0,0,0,0,0,0,0,0,0
41,43,26,24,19,14,3,0,0,0,0,0,0,0,0,0,0,0,0
41,43,26,24,19,15,11,8,5,0,0,0,0,0,0,0,0,0,0
41,43,27,31,8,5,0,0,0,0,0,0,0,0,0,0,0,0,0
41,43,27,33,35,5,0,0,0,0,0,0,0,0,0,0,0,0,0
41,45,58,52,48,26,23,12,14,3,0,0,0,0,0,0,0,0,0
42,72,67,43,26,23,12,14,3,0,0,0,0,0,0,0,0,0,0
42,72,68,60,55,47,19,14,3,0,0,0,0,0,0,0,0,0,0
42,73,74,38,35,5,0,0,0,0,0,0,0,0,0,0,0,0,0
40,31,8,5,1,0,0,0,0,0,0,0,0,0,0,0,0,0,0
40,31,9,12,14,0,0,0,0,0,0,0,0,0,0,0,0,0,0
40,32,26,23,11,8,5,1,0,0,0,0,0,0,0,0,0,0,0
40,32,28,46,68,60,54,17,21,23,12,14,0,0,0,0,0,0,0
40,32,29,50,56,62,66,74,38,35,6,9,12,14,0,0,0,0,0
40,33,35,5,1,0,0,0,0,0,0,0,0,0,0,0,0,0,0
41,43,26,23,11,8,5,1,0,0,0,0,0,0,0,0,0,0,0
41,43,26,23,12,14,0,0,0,0,0,0,0,0,0,0,0,0,0
41,43,26,24,19,14,0,0,0,0,0,0,0,0,0,0,0,0,0
41,43,26,24,19,15,11,8,5,1,0,0,0,0,0,0,0,0,0
41,43,27,31,8,5,1,0,0,0,0,0,0,0,0,0,0,0,0
41,43,27,33,35,5,1,0,0,0,0,0,0,0,0,0,0,0,0
41,45,58,52,48,26,23,12,14,0,0,0,0,0,0,0,0,0,0
42,72,67,43,26,23,12,14,0,0,0,0,0,0,0,0,0,0,0
42,72,68,60,55,47,19,14,0,0,0,0,0,0,0,0,0,0,0
42,73,74,38,35,5,1,0,0,0,0,0,0,0,0,0,0,0,0
42,73,74,38,36,31,9,12,14,0,0,0,0,0,0,0,0,0,0
40,31,8,0,0,0,0,0,0,0,0,0,0,0,0,0,0,0,0
40,31,9,12,14,3,2,0,0,0,0,0,0,0,0,0,0,0,0
40,32,26,23,11,8,0,0,0,0,0,0,0,0,0,0,0,0,0
40,32,28,46,68,60,54,17,21,23,11,8,0,0,0,0,0,0,0
40,32,29,50,56,62,66,74,38,35,0,0,0,0,0,0,0,0,0
40,33,35,0,0,0,0,0,0,0,0,0,0,0,0,0,0,0,0
41,43,26,23,11,8,0,0,0,0,0,0,0,0,0,0,0,0,0
41,43,26,23,12,14,3,2,0,0,0,0,0,0,0,0,0,0,0
41,43,26,24,19,14,3,2,0,0,0,0,0,0,0,0,0,0,0
41,43,26,24,19,15,11,8,0,0,0,0,0,0,0,0,0,0,0
41,43,27,31,8,0,0,0,0,0,0,0,0,0,0,0,0,0,0
41,43,27,33,35,0,0,0,0,0,0,0,0,0,0,0,0,0,0
41,45,58,52,48,26,23,12,14,3,2,0,0,0,0,0,0,0,0
42,72,67,43,26,23,12,14,3,2,0,0,0,0,0,0,0,0,0
42,72,68,60,55,47,19,14,3,2,0,0,0,0,0,0,0,0,0
42,73,74,38,35,0,0,0,0,0,0,0,0,0,0,0,0,0,0
40,31,0,0,0,0,0,0,0,0,0,0,0,0,0,0,0,0,0
40,32,26,23,11,0,0,0,0,0,0,0,0,0,0,0,0,0,0
40,32,28,46,68,60,54,17,21,23,11,0,0,0,0,0,0,0,0
40,32,29,50,56,62,66,74,38,35,6,0,0,0,0,0,0,0,0
40,33,35,6,0,0,0,0,0,0,0,0,0,0,0,0,0,0,0
41,43,26,23,11,0,0,0,0,0,0,0,0,0,0,0,0,0,0
41,43,26,23,12,14,3,2,6,0,0,0,0,0,0,0,0,0,0
41,43,26,24,19,14,3,2,6,0,0,0,0,0,0,0,0,0,0
41,43,26,24,19,15,11,0,0,0,0,0,0,0,0,0,0,0,0
41,43,27,31,0,0,0,0,0,0,0,0,0,0,0,0,0,0,0
41,43,27,33,35,6,0,0,0,0,0,0,0,0,0,0,0,0,0
41,45,58,52,48,26,23,12,14,3,2,6,0,0,0,0,0,0,0
42,72,67,43,26,23,11,0,0,0,0,0,0,0,0,0,0,0,0
42,72,68,60,55,47,19,14,3,2,6,0,0,0,0,0,0,0,0
42,73,74,38,35,6,0,0,0,0,0,0,0,0,0,0,0,0,0
42,73,74,38,36,31,0,0,0,0,0,0,0,0,0,0,0,0,0
40,31,9,0,0,0,0,0,0,0,0,0,0,0,0,0,0,0,0
40,32,26,23,0,0,0,0,0,0,0,0,0,0,0,0,0,0,0
40,32,26,24,19,15,0,0,0,0,0,0,0,0,0,0,0,0,0
40,32,28,46,68,60,54,17,21,23,0,0,0,0,0,0,0,0,0
40,32,29,50,56,62,66,74,38,35,6,9,0,0,0,0,0,0,0
40,33,35,6,9,0,0,0,0,0,0,0,0,0,0,0,0,0,0
41,43,26,23,0,0,0,0,0,0,0,0,0,0,0,0,0,0,0
41,43,26,24,19,15,0,0,0,0,0,0,0,0,0,0,0,0,0
41,43,27,31,9,0,0,0,0,0,0,0,0,0,0,0,0,0,0
41,43,27,33,35,6,9,0,0,0,0,0,0,0,0,0,0,0,0
41,45,58,52,48,26,23,0,0,0,0,0,0,0,0,0,0,0,0
42,72,67,43,26,23,0,0,0,0,0,0,0,0,0,0,0,0,0
42,72,68,60,55,47,19,14,3,2,6,9,0,0,0,0,0,0,0
42,73,74,38,35,6,9,0,0,0,0,0,0,0,0,0,0,0,0
42,73,74,38,36,31,9,0,0,0,0,0,0,0,0,0,0,0,0
40,31,8,5,1,4,0,0,0,0,0,0,0,0,0,0,0,0,0
40,31,9,12,0,0,0,0,0,0,0,0,0,0,0,0,0,0,0
40,32,26,23,11,8,5,1,4,0,0,0,0,0,0,0,0,0,0
40,32,26,23,12,0,0,0,0,0,0,0,0,0,0,0,0,0,0
40,32,26,24,19,0,0,0,0,0,0,0,0,0,0,0,0,0,0
40,32,28,46,68,60,54,17,21,23,12,0,0,0,0,0,0,0,0
40,32,29,50,56,62,66,74,38,35,6,9,12,0,0,0,0,0,0
40,33,35,5,1,4,0,0,0,0,0,0,0,0,0,0,0,0,0
40,33,35,6,9,12,0,0,0,0,0,0,0,0,0,0,0,0,0
41,43,26,23,12,0,0,0,0,0,0,0,0,0,0,0,0,0,0
41,43,26,24,19,0,0,0,0,0,0,0,0,0,0,0,0,0,0
41,43,27,31,8,5,1,4,0,0,0,0,0,0,0,0,0,0,0
41,43,27,31,9,12,0,0,0,0,0,0,0,0,0,0,0,0,0
41,43,27,33,35,5,1,4,0,0,0,0,0,0,0,0,0,0,0
41,43,29,47,19,0,0,0,0,0,0,0,0,0,0,0,0,0,0
41,45,58,52,48,26,23,12,0,0,0,0,0,0,0,0,0,0,0
42,72,67,43,26,23,12,0,0,0,0,0,0,0,0,0,0,0,0
42,72,68,60,55,47,19,0,0,0,0,0,0,0,0,0,0,0,0
42,73,74,38,35,6,9,12,0,0,0,0,0,0,0,0,0,0,0
42,73,74,38,36,31,9,12,0,0,0,0,0,0,0,0,0,0,0
40,31,9,12,16,20,0,0,0,0,0,0,0,0,0,0,0,0,0
40,32,28,45,59,60,54,0,0,0,0,0,0,0,0,0,0,0,0
40,32,28,46,68,60,54,0,0,0,0,0,0,0,0,0,0,0,0
40,32,29,50,54,0,0,0,0,0,0,0,0,0,0,0,0,0,0
40,33,35,5,1,4,16,20,0,0,0,0,0,0,0,0,0,0,0
41,43,26,24,20,0,0,0,0,0,0,0,0,0,0,0,0,0,0
41,43,29,50,54,0,0,0,0,0,0,0,0,0,0,0,0,0,0
41,45,58,52,50,54,0,0,0,0,0,0,0,0,0,0,0,0,0
41,45,59,60,54,0,0,0,0,0,0,0,0,0,0,0,0,0,0
41,46,68,60,54,0,0,0,0,0,0,0,0,0,0,0,0,0,0
41,46,69,64,60,54,0,0,0,0,0,0,0,0,0,0,0,0,0
42,72,67,43,30,52,47,20,0,0,0,0,0,0,0,0,0,0,0
42,72,68,60,54,0,0,0,0,0,0,0,0,0,0,0,0,0,0
42,72,69,64,60,54,0,0,0,0,0,0,0,0,0,0,0,0,0
42,73,75,64,60,54,0,0,0,0,0,0,0,0,0,0,0,0,0
40,31,8,5,1,4,16,0,0,0,0,0,0,0,0,0,0,0,0
40,31,9,12,16,0,0,0,0,0,0,0,0,0,0,0,0,0,0
40,31,9,13,24,0,0,0,0,0,0,0,0,0,0,0,0,0,0
40,32,26,23,11,8,5,1,4,16,0,0,0,0,0,0,0,0,0
40,32,26,24,0,0,0,0,0,0,0,0,0,0,0,0,0,0,0
40,32,28,46,68,60,54,17,0,0,0,0,0,0,0,0,0,0,0
40,32,29,47,0,0,0,0,0,0,0,0,0,0,0,0,0,0,0
40,32,29,50,56,62,66,74,38,35,6,9,13,24,0,0,0,0,0
40,33,35,5,1,4,16,0,0,0,0,0,0,0,0,0,0,0,0
40,33,35,6,9,13,24,0,0,0,0,0,0,0,0,0,0,0,0
41,43,26,24,0,0,0,0,0,0,0,0,0,0,0,0,0,0,0
41,43,27,33,35,5,1,4,16,0,0,0,0,0,0,0,0,0,0
41,43,29,47,0,0,0,0,0,0,0,0,0,0,0,0,0,0,0
41,45,58,52,47,0,0,0,0,0,0,0,0,0,0,0,0,0,0
41,46,68,60,54,17,0,0,0,0,0,0,0,0,0,0,0,0,0
42,72,67,43,30,52,47,0,0,0,0,0,0,0,0,0,0,0,0
42,72,67,45,58,52,47,0,0,0,0,0,0,0,0,0,0,0,0
42,72,68,60,54,17,0,0,0,0,0,0,0,0,0,0,0,0,0
42,72,68,60,55,47,0,0,0,0,0,0,0,0,0,0,0,0,0
42,73,74,38,35,6,9,12,16,0,0,0,0,0,0,0,0,0,0
40,31,9,13,0,0,0,0,0,0,0,0,0,0,0,0,0,0,0
40,32,26,0,0,0,0,0,0,0,0,0,0,0,0,0,0,0,0
40,32,28,46,68,60,54,17,21,0,0,0,0,0,0,0,0,0,0
40,32,29,50,56,62,66,74,38,35,6,9,13,0,0,0,0,0,0
40,33,35,6,9,13,0,0,0,0,0,0,0,0,0,0,0,0,0
41,43,26,0,0,0,0,0,0,0,0,0,0,0,0,0,0,0,0
41,45,58,52,48,26,0,0,0,0,0,0,0,0,0,0,0,0,0
41,46,68,60,54,17,21,0,0,0,0,0,0,0,0,0,0,0,0
42,72,67,43,26,0,0,0,0,0,0,0,0,0,0,0,0,0,0
42,73,74,38,35,6,9,13,0,0,0,0,0,0,0,0,0,0,0
42,73,74,38,36,32,26,0,0,0,0,0,0,0,0,0,0,0,0
40,31,9,13,25,0,0,0,0,0,0,0,0,0,0,0,0,0,0
40,32,0,0,0,0,0,0,0,0,0,0,0,0,0,0,0,0,0
40,33,35,6,9,13,25,0,0,0,0,0,0,0,0,0,0,0,0
41,43,0,0,0,0,0,0,0,0,0,0,0,0,0,0,0,0,0
41,45,58,52,48,0,0,0,0,0,0,0,0,0,0,0,0,0,0
41,46,68,60,54,17,21,25,0,0,0,0,0,0,0,0,0,0,0
42,72,67,43,0,0,0,0,0,0,0,0,0,0,0,0,0,0,0
42,73,74,38,35,6,9,13,25,0,0,0,0,0,0,0,0,0,0
42,73,74,38,36,32,0,0,0,0,0,0,0,0,0,0,0,0,0
40,0,0,0,0,0,0,0,0,0,0,0,0,0,0,0,0,0,0
41,43,27,0,0,0,0,0,0,0,0,0,0,0,0,0,0,0,0
41,45,58,52,48,26,23,12,14,3,2,6,10,0,0,0,0,0,0
42,72,67,43,26,23,11,10,0,0,0,0,0,0,0,0,0,0,0
42,73,74,38,35,6,9,13,25,27,0,0,0,0,0,0,0,0,0
42,73,74,38,36,0,0,0,0,0,0,0,0,0,0,0,0,0,0
40,31,8,7,0,0,0,0,0,0,0,0,0,0,0,0,0,0,0
40,32,28,46,68,60,54,17,21,23,11,8,7,0,0,0,0,0,0
40,32,29,50,56,62,66,74,38,0,0,0,0,0,0,0,0,0,0
40,33,0,0,0,0,0,0,0,0,0,0,0,0,0,0,0,0,0
41,43,26,23,11,8,7,0,0,0,0,0,0,0,0,0,0,0,0
41,43,26,23,12,14,3,2,7,0,0,0,0,0,0,0,0,0,0
41,43,26,24,19,14,3,2,7,0,0,0,0,0,0,0,0,0,0
41,43,26,24,19,15,11,8,7,0,0,0,0,0,0,0,0,0,0
41,43,27,31,8,7,0,0,0,0,0,0,0,0,0,0,0,0,0
41,43,27,33,0,0,0,0,0,0,0,0,0,0,0,0,0,0,0
41,45,58,52,48,26,23,12,14,3,2,7,0,0,0,0,0,0,0
42,72,67,43,26,23,11,10,33,0,0,0,0,0,0,0,0,0,0
42,72,68,60,55,47,19,14,3,2,7,0,0,0,0,0,0,0,0
42,73,74,38,0,0,0,0,0,0,0,0,0,0,0,0,0,0,0
40,31,8,7,37,0,0,0,0,0,0,0,0,0,0,0,0,0,0
40,32,28,46,68,60,54,17,21,23,11,8,7,37,0,0,0,0,0
40,32,29,50,56,62,66,74,0,0,0,0,0,0,0,0,0,0,0
40,33,37,0,0,0,0,0,0,0,0,0,0,0,0,0,0,0,0
41,43,26,23,11,8,7,37,0,0,0,0,0,0,0,0,0,0,0
41,43,26,23,12,14,3,2,7,37,0,0,0,0,0,0,0,0,0
41,43,26,24,19,15,11,8,7,37,0,0,0,0,0,0,0,0,0
41,43,27,31,8,7,37,0,0,0,0,0,0,0,0,0,0,0,0
41,43,27,33,37,0,0,0,0,0,0,0,0,0,0,0,0,0,0
41,45,58,52,48,26,23,12,14,3,2,7,37,0,0,0,0,0,0
42,72,68,60,55,47,19,14,3,2,7,37,0,0,0,0,0,0,0
42,72,69,66,74,0,0,0,0,0,0,0,0,0,0,0,0,0,0
42,73,74,0,0,0,0,0,0,0,0,0,0,0,0,0,0,0,0
40,32,28,0,0,0,0,0,0,0,0,0,0,0,0,0,0,0,0
40,33,35,5,1,4,16,20,18,56,61,57,0,0,0,0,0,0,0
41,0,0,0,0,0,0,0,0,0,0,0,0,0,0,0,0,0,0
42,72,67,0,0,0,0,0,0,0,0,0,0,0,0,0,0,0,0
40,31,9,12,16,22,0,0,0,0,0,0,0,0,0,0,0,0,0
40,31,9,13,25,29,0,0,0,0,0,0,0,0,0,0,0,0,0
40,32,28,45,59,60,55,0,0,0,0,0,0,0,0,0,0,0,0
40,32,28,46,68,60,55,0,0,0,0,0,0,0,0,0,0,0,0
40,32,29,0,0,0,0,0,0,0,0,0,0,0,0,0,0,0,0
40,32,30,52,0,0,0,0,0,0,0,0,0,0,0,0,0,0,0
40,33,35,6,9,13,25,29,0,0,0,0,0,0,0,0,0,0,0
41,43,26,24,22,0,0,0,0,0,0,0,0,0,0,0,0,0,0
41,43,29,0,0,0,0,0,0,0,0,0,0,0,0,0,0,0,0
41,45,58,52,0,0,0,0,0,0,0,0,0,0,0,0,0,0,0
41,45,59,60,55,0,0,0,0,0,0,0,0,0,0,0,0,0,0
41,46,68,60,55,0,0,0,0,0,0,0,0,0,0,0,0,0,0
41,46,69,64,60,55,0,0,0,0,0,0,0,0,0,0,0,0,0
42,72,67,43,30,52,0,0,0,0,0,0,0,0,0,0,0,0,0
42,72,67,45,58,52,0,0,0,0,0,0,0,0,0,0,0,0,0
42,72,68,60,55,0,0,0,0,0,0,0,0,0,0,0,0,0,0
42,72,69,64,60,55,0,0,0,0,0,0,0,0,0,0,0,0,0
40,31,9,13,25,30,0,0,0,0,0,0,0,0,0,0,0,0,0
40,32,28,45,58,0,0,0,0,0,0,0,0,0,0,0,0,0,0
40,32,29,49,0,0,0,0,0,0,0,0,0,0,0,0,0,0,0
40,32,30,0,0,0,0,0,0,0,0,0,0,0,0,0,0,0,0
40,33,35,6,9,13,25,30,0,0,0,0,0,0,0,0,0,0,0
41,43,30,0,0,0,0,0,0,0,0,0,0,0,0,0,0,0,0
41,45,58,0,0,0,0,0,0,0,0,0,0,0,0,0,0,0,0
41,46,68,60,55,49,0,0,0,0,0,0,0,0,0,0,0,0,0
42,72,67,43,30,0,0,0,0,0,0,0,0,0,0,0,0,0,0
42,72,67,45,58,0,0,0,0,0,0,0,0,0,0,0,0,0,0
42,72,68,60,55,49,0,0,0,0,0,0,0,0,0,0,0,0,0
42,72,68,61,58,0,0,0,0,0,0,0,0,0,0,0,0,0,0
42,73,74,38,35,6,9,13,25,30,0,0,0,0,0,0,0,0,0
42,73,75,64,61,58,0,0,0,0,0,0,0,0,0,0,0,0,0
40,31,9,12,16,20,18,0,0,0,0,0,0,0,0,0,0,0,0
40,32,28,45,59,60,0,0,0,0,0,0,0,0,0,0,0,0,0
40,32,28,46,68,60,0,0,0,0,0,0,0,0,0,0,0,0,0
40,32,29,50,0,0,0,0,0,0,0,0,0,0,0,0,0,0,0
40,33,35,5,1,4,16,20,18,0,0,0,0,0,0,0,0,0,0
41,43,26,24,20,18,0,0,0,0,0,0,0,0,0,0,0,0,0
41,43,29,50,0,0,0,0,0,0,0,0,0,0,0,0,0,0,0
41,45,58,52,50,0,0,0,0,0,0,0,0,0,0,0,0,0,0
41,45,59,60,0,0,0,0,0,0,0,0,0,0,0,0,0,0,0
41,46,68,60,0,0,0,0,0,0,0,0,0,0,0,0,0,0,0
41,46,69,64,60,0,0,0,0,0,0,0,0,0,0,0,0,0,0
42,72,67,43,30,52,47,20,18,0,0,0,0,0,0,0,0,0,0
42,72,68,60,0,0,0,0,0,0,0,0,0,0,0,0,0,0,0
42,72,69,64,60,0,0,0,0,0,0,0,0,0,0,0,0,0,0
42,73,75,64,60,0,0,0,0,0,0,0,0,0,0,0,0,0,0
40,31,9,12,16,20,18,56,61,0,0,0,0,0,0,0,0,0,0
40,32,28,45,0,0,0,0,0,0,0,0,0,0,0,0,0,0,0
40,32,29,49,53,0,0,0,0,0,0,0,0,0,0,0,0,0,0
40,33,35,5,1,4,16,20,18,56,61,0,0,0,0,0,0,0,0
41,45,0,0,0,0,0,0,0,0,0,0,0,0,0,0,0,0,0
41,46,68,61,0,0,0,0,0,0,0,0,0,0,0,0,0,0,0
42,72,67,45,0,0,0,0,0,0,0,0,0,0,0,0,0,0,0
42,72,68,61,0,0,0,0,0,0,0,0,0,0,0,0,0,0,0
42,72,69,64,61,0,0,0,0,0,0,0,0,0,0,0,0,0,0
42,73,75,64,61,0,0,0,0,0,0,0,0,0,0,0,0,0,0
40,31,9,12,16,20,18,56,0,0,0,0,0,0,0,0,0,0,0
40,32,28,45,59,0,0,0,0,0,0,0,0,0,0,0,0,0,0
40,32,28,46,68,0,0,0,0,0,0,0,0,0,0,0,0,0,0
40,32,29,50,56,0,0,0,0,0,0,0,0,0,0,0,0,0,0
40,33,35,5,1,4,16,20,18,56,0,0,0,0,0,0,0,0,0
41,43,26,24,20,18,56,0,0,0,0,0,0,0,0,0,0,0,0
41,43,29,50,56,0,0,0,0,0,0,0,0,0,0,0,0,0,0
41,45,59,0,0,0,0,0,0,0,0,0,0,0,0,0,0,0,0
41,46,68,0,0,0,0,0,0,0,0,0,0,0,0,0,0,0,0
41,46,69,64,0,0,0,0,0,0,0,0,0,0,0,0,0,0,0
42,72,67,45,59,0,0,0,0,0,0,0,0,0,0,0,0,0,0
42,72,68,0,0,0,0,0,0,0,0,0,0,0,0,0,0,0,0
42,72,69,64,0,0,0,0,0,0,0,0,0,0,0,0,0,0,0
42,73,75,64,0,0,0,0,0,0,0,0,0,0,0,0,0,0,0
40,31,8,7,37,39,75,0,0,0,0,0,0,0,0,0,0,0,0
40,31,9,12,16,20,18,56,62,0,0,0,0,0,0,0,0,0,0
40,32,28,46,68,62,0,0,0,0,0,0,0,0,0,0,0,0,0
40,32,29,50,56,62,0,0,0,0,0,0,0,0,0,0,0,0,0
40,33,35,5,1,4,16,20,18,56,62,0,0,0,0,0,0,0,0
41,46,68,62,0,0,0,0,0,0,0,0,0,0,0,0,0,0,0
41,46,69,0,0,0,0,0,0,0,0,0,0,0,0,0,0,0,0
42,72,68,60,55,47,19,14,3,2,7,37,39,75,0,0,0,0,0
42,72,68,62,0,0,0,0,0,0,0,0,0,0,0,0,0,0,0
42,72,69,0,0,0,0,0,0,0,0,0,0,0,0,0,0,0,0
42,73,75,0,0,0,0,0,0,0,0,0,0,0,0,0,0,0,0
40,32,28,46,0,0,0,0,0,0,0,0,0,0,0,0,0,0,0
40,32,29,50,56,63,0,0,0,0,0,0,0,0,0,0,0,0,0
41,46,0,0,0,0,0,0,0,0,0,0,0,0,0,0,0,0,0
42,72,0,0,0,0,0,0,0,0,0,0,0,0,0,0,0,0,0
42,73,75,64,63,0,0,0,0,0,0,0,0,0,0,0,0,0,0
40,32,28,46,70,0,0,0,0,0,0,0,0,0,0,0,0,0,0
40,32,29,50,56,63,70,0,0,0,0,0,0,0,0,0,0,0,0
41,46,70,0,0,0,0,0,0,0,0,0,0,0,0,0,0,0,0
42,0,0,0,0,0,0,0,0,0,0,0,0,0,0,0,0,0,0
40,31,8,7,37,39,0,0,0,0,0,0,0,0,0,0,0,0,0
40,32,28,46,68,62,66,0,0,0,0,0,0,0,0,0,0,0,0
40,32,29,50,56,62,66,0,0,0,0,0,0,0,0,0,0,0,0
40,33,35,5,1,4,16,20,18,56,62,66,0,0,0,0,0,0,0
40,33,37,39,0,0,0,0,0,0,0,0,0,0,0,0,0,0,0
41,43,26,23,12,14,3,2,7,37,39,0,0,0,0,0,0,0,0
41,43,26,24,19,15,11,8,7,37,39,0,0,0,0,0,0,0,0
41,43,27,31,8,7,37,39,0,0,0,0,0,0,0,0,0,0,0
41,45,58,52,48,26,23,12,14,3,2,7,37,39,0,0,0,0,0
41,46,69,66,0,0,0,0,0,0,0,0,0,0,0,0,0,0,0
42,72,68,60,55,47,19,14,3,2,7,37,39,0,0,0,0,0,0
42,72,69,66,0,0,0,0,0,0,0,0,0,0,0,0,0,0,0
42,73,0,0,0,0,0,0,0,0,0,0,0,0,0,0,0,0,0
43,26,23,11,8,5,0,0,0,0,0,0,0,0,0,0,0,0,0
43,26,23,12,14,3,0,0,0,0,0,0,0,0,0,0,0,0,0
43,26,24,19,14,3,0,0,0,0,0,0,0,0,0,0,0,0,0
43,26,24,19,15,11,8,5,0,0,0,0,0,0,0,0,0,0,0
43,27,31,8,5,0,0,0,0,0,0,0,0,0,0,0,0,0,0
43,27,33,35,5,0,0,0,0,0,0,0,0,0,0,0,0,0,0
44,40,31,8,5,0,0,0,0,0,0,0,0,0,0,0,0,0,0
44,40,31,9,12,14,3,0,0,0,0,0,0,0,0,0,0,0,0
44,40,33,35,5,0,0,0,0,0,0,0,0,0,0,0,0,0,0
44,42,73,74,38,35,5,0,0,0,0,0,0,0,0,0,0,0,0
45,58,52,47,19,14,3,0,0,0,0,0,0,0,0,0,0,0,0
45,58,52,48,26,23,12,14,3,0,0,0,0,0,0,0,0,0,0
45,59,60,54,17,19,14,3,0,0,0,0,0,0,0,0,0,0,0
45,59,60,55,47,19,14,3,0,0,0,0,0,0,0,0,0,0,0
45,59,60,55,48,27,31,8,5,0,0,0,0,0,0,0,0,0,0
45,59,62,66,74,38,35,6,9,12,14,3,0,0,0,0,0,0,0
46,68,60,54,17,21,23,11,8,5,0,0,0,0,0,0,0,0,0
46,70,71,40,31,8,5,0,0,0,0,0,0,0,0,0,0,0,0
43,26,23,11,8,5,1,0,0,0,0,0,0,0,0,0,0,0,0
43,26,23,12,14,0,0,0,0,0,0,0,0,0,0,0,0,0,0
43,26,24,19,14,0,0,0,0,0,0,0,0,0,0,0,0,0,0
43,26,24,19,15,11,8,5,1,0,0,0,0,0,0,0,0,0,0
43,27,31,8,5,1,0,0,0,0,0,0,0,0,0,0,0,0,0
43,27,33,35,5,1,0,0,0,0,0,0,0,0,0,0,0,0,0
43,29,47,19,14,0,0,0,0,0,0,0,0,0,0,0,0,0,0
44,40,31,8,5,1,0,0,0,0,0,0,0,0,0,0,0,0,0
44,40,31,9,12,14,0,0,0,0,0,0,0,0,0,0,0,0,0
44,42,73,74,38,35,5,1,0,0,0,0,0,0,0,0,0,0,0
45,58,52,47,19,14,0,0,0,0,0,0,0,0,0,0,0,0,0
45,58,52,48,26,23,12,14,0,0,0,0,0,0,0,0,0,0,0
45,59,60,54,17,19,14,0,0,0,0,0,0,0,0,0,0,0,0
45,59,60,55,47,19,14,0,0,0,0,0,0,0,0,0,0,0,0
45,59,60,55,48,27,31,8,5,1,0,0,0,0,0,0,0,0,0
45,59,62,66,74,38,35,6,9,12,14,0,0,0,0,0,0,0,0
46,68,60,54,17,19,14,0,0,0,0,0,0,0,0,0,0,0,0
46,68,60,54,17,21,23,12,14,0,0,0,0,0,0,0,0,0,0
46,70,71,40,31,8,5,1,0,0,0,0,0,0,0,0,0,0,0
43,26,23,11,8,0,0,0,0,0,0,0,0,0,0,0,0,0,0
43,26,23,12,14,3,2,0,0,0,0,0,0,0,0,0,0,0,0
43,26,24,19,14,3,2,0,0,0,0,0,0,0,0,0,0,0,0
43,26,24,19,15,11,8,0,0,0,0,0,0,0,0,0,0,0,0
43,27,31,8,0,0,0,0,0,0,0,0,0,0,0,0,0,0,0
43,27,33,35,0,0,0,0,0,0,0,0,0,0,0,0,0,0,0
44,40,31,8,0,0,0,0,0,0,0,0,0,0,0,0,0,0,0
44,40,33,35,0,0,0,0,0,0,0,0,0,0,0,0,0,0,0
44,42,73,74,38,35,0,0,0,0,0,0,0,0,0,0,0,0,0
45,58,52,48,26,23,12,14,3,2,0,0,0,0,0,0,0,0,0
45,59,60,54,17,19,14,3,2,0,0,0,0,0,0,0,0,0,0
45,59,60,54,17,19,15,11,8,0,0,0,0,0,0,0,0,0,0
45,59,60,55,47,19,14,3,2,0,0,0,0,0,0,0,0,0,0
45,59,60,55,48,27,31,8,0,0,0,0,0,0,0,0,0,0,0
45,59,62,66,74,38,35,0,0,0,0,0,0,0,0,0,0,0,0
46,68,60,54,17,21,23,11,8,0,0,0,0,0,0,0,0,0,0
46,70,71,40,31,8,0,0,0,0,0,0,0,0,0,0,0,0,0
43,26,23,11,0,0,0,0,0,0,0,0,0,0,0,0,0,0,0
43,26,23,12,14,3,2,6,0,0,0,0,0,0,0,0,0,0,0
43,26,24,19,14,3,2,6,0,0,0,0,0,0,0,0,0,0,0
43,26,24,19,15,11,0,0,0,0,0,0,0,0,0,0,0,0,0
43,27,31,0,0,0,0,0,0,0,0,0,0,0,0,0,0,0,0
43,27,33,35,6,0,0,0,0,0,0,0,0,0,0,0,0,0,0
44,40,31,0,0,0,0,0,0,0,0,0,0,0,0,0,0,0,0
44,42,73,74,38,35,6,0,0,0,0,0,0,0,0,0,0,0,0
44,42,73,74,38,36,31,0,0,0,0,0,0,0,0,0,0,0,0
45,58,52,48,26,23,12,14,3,2,6,0,0,0,0,0,0,0,0
45,59,60,54,17,19,14,3,2,6,0,0,0,0,0,0,0,0,0
45,59,60,54,17,19,15,11,0,0,0,0,0,0,0,0,0,0,0
45,59,60,55,47,19,14,3,2,6,0,0,0,0,0,0,0,0,0
45,59,60,55,48,27,31,0,0,0,0,0,0,0,0,0,0,0,0
45,59,62,66,74,38,35,6,0,0,0,0,0,0,0,0,0,0,0
46,68,60,54,17,21,23,11,0,0,0,0,0,0,0,0,0,0,0
46,70,71,40,31,0,0,0,0,0,0,0,0,0,0,0,0,0,0
43,26,23,0,0,0,0,0,0,0,0,0,0,0,0,0,0,0,0
43,26,24,19,15,0,0,0,0,0,0,0,0,0,0,0,0,0,0
43,27,31,9,0,0,0,0,0,0,0,0,0,0,0,0,0,0,0
43,27,33,35,6,9,0,0,0,0,0,0,0,0,0,0,0,0,0
44,40,31,9,0,0,0,0,0,0,0,0,0,0,0,0,0,0,0
44,40,32,26,23,0,0,0,0,0,0,0,0,0,0,0,0,0,0
44,42,73,74,38,35,6,9,0,0,0,0,0,0,0,0,0,0,0
45,58,52,48,26,23,0,0,0,0,0,0,0,0,0,0,0,0,0
45,59,60,54,17,19,14,3,2,6,9,0,0,0,0,0,0,0,0
45,59,60,54,17,19,15,0,0,0,0,0,0,0,0,0,0,0,0
45,59,60,55,47,19,14,3,2,6,9,0,0,0,0,0,0,0,0
45,59,60,55,48,27,31,9,0,0,0,0,0,0,0,0,0,0,0
45,59,62,66,74,38,35,6,9,0,0,0,0,0,0,0,0,0,0
46,68,60,54,17,21,23,0,0,0,0,0,0,0,0,0,0,0,0
46,70,71,40,31,9,0,0,0,0,0,0,0,0,0,0,0,0,0
43,26,23,11,8,5,1,4,0,0,0,0,0,0,0,0,0,0,0
43,26,23,12,0,0,0,0,0,0,0,0,0,0,0,0,0,0,0
43,26,24,19,0,0,0,0,0,0,0,0,0,0,0,0,0,0,0
43,27,31,8,5,1,4,0,0,0,0,0,0,0,0,0,0,0,0
43,27,31,9,12,0,0,0,0,0,0,0,0,0,0,0,0,0,0
43,27,33,35,5,1,4,0,0,0,0,0,0,0,0,0,0,0,0
43,29,47,19,0,0,0,0,0,0,0,0,0,0,0,0,0,0,0
44,40,31,9,12,0,0,0,0,0,0,0,0,0,0,0,0,0,0
44,40,32,26,23,12,0,0,0,0,0,0,0,0,0,0,0,0,0
44,42,73,74,38,35,6,9,12,0,0,0,0,0,0,0,0,0,0
45,58,52,47,19,0,0,0,0,0,0,0,0,0,0,0,0,0,0
45,58,52,48,26,23,12,0,0,0,0,0,0,0,0,0,0,0,0
45,59,60,54,17,19,0,0,0,0,0,0,0,0,0,0,0,0,0
45,59,60,55,47,19,0,0,0,0,0,0,0,0,0,0,0,0,0
45,59,62,66,74,38,35,6,9,12,0,0,0,0,0,0,0,0,0
46,68,60,54,17,19,0,0,0,0,0,0,0,0,0,0,0,0,0
46,68,60,54,17,21,23,12,0,0,0,0,0,0,0,0,0,0,0
46,70,71,40,31,8,5,1,4,0,0,0,0,0,0,0,0,0,0
43,26,24,20,0,0,0,0,0,0,0,0,0,0,0,0,0,0,0
43,29,47,20,0,0,0,0,0,0,0,0,0,0,0,0,0,0,0
43,29,50,54,0,0,0,0,0,0,0,0,0,0,0,0,0,0,0
43,30,52,47,20,0,0,0,0,0,0,0,0,0,0,0,0,0,0
44,42,72,69,64,60,54,0,0,0,0,0,0,0,0,0,0,0,0
45,58,52,47,20,0,0,0,0,0,0,0,0,0,0,0,0,0,0
45,58,52,50,54,0,0,0,0,0,0,0,0,0,0,0,0,0,0
45,59,60,54,0,0,0,0,0,0,0,0,0,0,0,0,0,0,0
46,68,60,54,0,0,0,0,0,0,0,0,0,0,0,0,0,0,0
46,69,64,60,54,0,0,0,0,0,0,0,0,0,0,0,0,0,0
43,26,23,12,16,0,0,0,0,0,0,0,0,0,0,0,0,0,0
43,26,24,0,0,0,0,0,0,0,0,0,0,0,0,0,0,0,0
43,27,31,9,12,16,0,0,0,0,0,0,0,0,0,0,0,0,0
43,27,33,35,5,1,4,16,0,0,0,0,0,0,0,0,0,0,0
43,29,47,0,0,0,0,0,0,0,0,0,0,0,0,0,0,0,0
43,30,52,47,0,0,0,0,0,0,0,0,0,0,0,0,0,0,0
44,40,31,9,12,16,0,0,0,0,0,0,0,0,0,0,0,0,0
44,40,32,26,24,0,0,0,0,0,0,0,0,0,0,0,0,0,0
44,42,73,74,38,35,6,9,12,16,0,0,0,0,0,0,0,0,0
45,58,52,47,0,0,0,0,0,0,0,0,0,0,0,0,0,0,0
45,59,60,54,17,0,0,0,0,0,0,0,0,0,0,0,0,0,0
45,59,60,55,47,0,0,0,0,0,0,0,0,0,0,0,0,0,0
45,59,62,66,74,38,35,6,9,13,24,0,0,0,0,0,0,0,0
46,68,60,54,17,0,0,0,0,0,0,0,0,0,0,0,0,0,0
43,26,0,0,0,0,0,0,0,0,0,0,0,0,0,0,0,0,0
44,40,31,9,13,0,0,0,0,0,0,0,0,0,0,0,0,0,0
44,40,32,26,0,0,0,0,0,0,0,0,0,0,0,0,0,0,0
44,42,73,74,38,35,6,9,13,0,0,0,0,0,0,0,0,0,0
45,58,52,48,26,0,0,0,0,0,0,0,0,0,0,0,0,0,0
45,59,60,54,17,21,0,0,0,0,0,0,0,0,0,0,0,0,0
45,59,60,55,47,21,0,0,0,0,0,0,0,0,0,0,0,0,0
45,59,60,55,48,26,0,0,0,0,0,0,0,0,0,0,0,0,0
45,59,62,66,74,38,35,6,9,13,0,0,0,0,0,0,0,0,0
46,68,60,54,17,21,0,0,0,0,0,0,0,0,0,0,0,0,0
43,0,0,0,0,0,0,0,0,0,0,0,0,0,0,0,0,0,0
44,40,32,0,0,0,0,0,0,0,0,0,0,0,0,0,0,0,0
44,42,73,74,38,35,6,9,13,25,0,0,0,0,0,0,0,0,0
45,58,52,48,0,0,0,0,0,0,0,0,0,0,0,0,0,0,0
45,59,60,54,17,21,25,0,0,0,0,0,0,0,0,0,0,0,0
45,59,60,55,48,0,0,0,0,0,0,0,0,0,0,0,0,0,0
46,68,60,54,17,21,25,0,0,0,0,0,0,0,0,0,0,0,0
43,26,23,11,10,0,0,0,0,0,0,0,0,0,0,0,0,0,0
43,27,0,0,0,0,0,0,0,0,0,0,0,0,0,0,0,0,0
44,40,0,0,0,0,0,0,0,0,0,0,0,0,0,0,0,0,0
44,42,73,74,38,35,6,9,13,25,27,0,0,0,0,0,0,0,0
44,42,73,74,38,36,0,0,0,0,0,0,0,0,0,0,0,0,0
45,58,52,48,26,23,12,14,3,2,6,10,0,0,0,0,0,0,0
45,59,60,54,17,21,25,27,0,0,0,0,0,0,0,0,0,0,0
45,59,60,55,48,27,0,0,0,0,0,0,0,0,0,0,0,0,0
46,70,71,40,0,0,0,0,0,0,0,0,0,0,0,0,0,0,0
43,26,23,11,8,7,0,0,0,0,0,0,0,0,0,0,0,0,0
43,26,23,11,10,33,0,0,0,0,0,0,0,0,0,0,0,0,0
43,26,23,12,14,3,2,7,0,0,0,0,0,0,0,0,0,0,0
43,26,24,19,14,3,2,7,0,0,0,0,0,0,0,0,0,0,0
43,26,24,19,15,11,8,7,0,0,0,0,0,0,0,0,0,0,0
43,27,31,8,7,0,0,0,0,0,0,0,0,0,0,0,0,0,0
43,27,33,0,0,0,0,0,0,0,0,0,0,0,0,0,0,0,0
44,40,31,8,7,0,0,0,0,0,0,0,0,0,0,0,0,0,0
44,40,33,0,0,0,0,0,0,0,0,0,0,0,0,0,0,0,0
44,42,73,74,38,0,0,0,0,0,0,0,0,0,0,0,0,0,0
45,58,52,48,26,23,12,14,3,2,7,0,0,0,0,0,0,0,0
45,59,60,54,17,19,14,3,2,7,0,0,0,0,0,0,0,0,0
45,59,60,54,17,19,15,11,8,7,0,0,0,0,0,0,0,0,0
45,59,60,55,47,19,14,3,2,7,0,0,0,0,0,0,0,0,0
45,59,62,66,74,38,0,0,0,0,0,0,0,0,0,0,0,0,0
46,68,60,54,17,21,23,11,8,7,0,0,0,0,0,0,0,0,0
46,70,71,40,31,8,7,0,0,0,0,0,0,0,0,0,0,0,0
46,70,73,74,38,0,0,0,0,0,0,0,0,0,0,0,0,0,0
43,26,23,11,8,7,37,0,0,0,0,0,0,0,0,0,0,0,0
43,26,23,11,10,33,37,0,0,0,0,0,0,0,0,0,0,0,0
43,26,23,12,14,3,2,7,37,0,0,0,0,0,0,0,0,0,0
43,26,24,19,15,11,8,7,37,0,0,0,0,0,0,0,0,0,0
43,27,31,8,7,37,0,0,0,0,0,0,0,0,0,0,0,0,0
43,27,33,37,0,0,0,0,0,0,0,0,0,0,0,0,0,0,0
44,40,31,8,7,37,0,0,0,0,0,0,0,0,0,0,0,0,0
44,42,73,74,0,0,0,0,0,0,0,0,0,0,0,0,0,0,0
45,58,52,48,26,23,12,14,3,2,7,37,0,0,0,0,0,0,0
45,59,60,54,17,19,14,3,2,7,37,0,0,0,0,0,0,0,0
45,59,60,54,17,19,15,11,8,7,37,0,0,0,0,0,0,0,0
45,59,60,55,47,19,14,3,2,7,37,0,0,0,0,0,0,0,0
45,59,62,66,74,0,0,0,0,0,0,0,0,0,0,0,0,0,0
46,68,60,54,17,21,23,11,8,7,37,0,0,0,0,0,0,0,0
46,69,66,74,0,0,0,0,0,0,0,0,0,0,0,0,0,0,0
46,70,71,40,31,8,7,37,0,0,0,0,0,0,0,0,0,0,0
46,70,73,74,0,0,0,0,0,0,0,0,0,0,0,0,0,0,0
43,26,23,11,10,34,0,0,0,0,0,0,0,0,0,0,0,0,0
43,27,34,0,0,0,0,0,0,0,0,0,0,0,0,0,0,0,0
44,0,0,0,0,0,0,0,0,0,0,0,0,0,0,0,0,0,0
45,58,52,48,26,23,12,14,3,2,6,10,34,0,0,0,0,0,0
46,70,71,0,0,0,0,0,0,0,0,0,0,0,0,0,0,0,0
43,26,24,22,0,0,0,0,0,0,0,0,0,0,0,0,0,0,0
43,29,0,0,0,0,0,0,0,0,0,0,0,0,0,0,0,0,0
43,30,52,0,0,0,0,0,0,0,0,0,0,0,0,0,0,0,0
44,42,72,69,64,60,55,0,0,0,0,0,0,0,0,0,0,0,0
45,58,52,0,0,0,0,0,0,0,0,0,0,0,0,0,0,0,0
45,59,60,55,0,0,0,0,0,0,0,0,0,0,0,0,0,0,0
46,68,60,55,0,0,0,0,0,0,0,0,0,0,0,0,0,0,0
46,69,64,60,55,0,0,0,0,0,0,0,0,0,0,0,0,0,0
43,29,49,0,0,0,0,0,0,0,0,0,0,0,0,0,0,0,0
43,30,0,0,0,0,0,0,0,0,0,0,0,0,0,0,0,0,0
44,40,32,30,0,0,0,0,0,0,0,0,0,0,0,0,0,0,0
44,42,73,74,38,35,6,9,13,25,30,0,0,0,0,0,0,0,0
45,58,0,0,0,0,0,0,0,0,0,0,0,0,0,0,0,0,0
45,59,60,55,49,0,0,0,0,0,0,0,0,0,0,0,0,0,0
46,68,60,55,49,0,0,0,0,0,0,0,0,0,0,0,0,0,0
43,26,24,20,18,0,0,0,0,0,0,0,0,0,0,0,0,0,0
43,29,50,0,0,0,0,0,0,0,0,0,0,0,0,0,0,0,0
43,30,52,47,20,18,0,0,0,0,0,0,0,0,0,0,0,0,0
44,42,72,69,64,60,0,0,0,0,0,0,0,0,0,0,0,0,0
45,58,52,50,0,0,0,0,0,0,0,0,0,0,0,0,0,0,0
45,59,60,0,0,0,0,0,0,0,0,0,0,0,0,0,0,0,0
46,68,60,0,0,0,0,0,0,0,0,0,0,0,0,0,0,0,0
46,69,64,60,0,0,0,0,0,0,0,0,0,0,0,0,0,0,0
44,42,72,69,64,61,0,0,0,0,0,0,0,0,0,0,0,0,0
45,0,0,0,0,0,0,0,0,0,0,0,0,0,0,0,0,0,0
46,68,61,0,0,0,0,0,0,0,0,0,0,0,0,0,0,0,0
43,26,24,20,18,56,0,0,0,0,0,0,0,0,0,0,0,0,0
43,29,50,56,0,0,0,0,0,0,0,0,0,0,0,0,0,0,0
44,42,72,69,64,0,0,0,0,0,0,0,0,0,0,0,0,0,0
45,58,52,50,56,0,0,0,0,0,0,0,0,0,0,0,0,0,0
45,59,0,0,0,0,0,0,0,0,0,0,0,0,0,0,0,0,0
46,68,0,0,0,0,0,0,0,0,0,0,0,0,0,0,0,0,0
46,69,64,0,0,0,0,0,0,0,0,0,0,0,0,0,0,0,0
43,26,23,11,10,34,42,73,75,0,0,0,0,0,0,0,0,0,0
43,26,24,20,18,56,62,0,0,0,0,0,0,0,0,0,0,0,0
43,26,24,20,18,56,63,69,0,0,0,0,0,0,0,0,0,0,0
44,40,31,8,7,37,39,75,0,0,0,0,0,0,0,0,0,0,0
44,42,72,69,0,0,0,0,0,0,0,0,0,0,0,0,0,0,0
44,42,73,75,0,0,0,0,0,0,0,0,0,0,0,0,0,0,0
45,58,52,50,56,62,0,0,0,0,0,0,0,0,0,0,0,0,0
45,59,60,54,17,19,15,11,8,7,37,39,75,0,0,0,0,0,0
45,59,60,55,47,19,14,3,2,7,37,39,75,0,0,0,0,0,0
45,59,62,0,0,0,0,0,0,0,0,0,0,0,0,0,0,0,0
46,68,62,0,0,0,0,0,0,0,0,0,0,0,0,0,0,0,0
46,69,0,0,0,0,0,0,0,0,0,0,0,0,0,0,0,0,0
43,26,23,11,10,34,42,72,0,0,0,0,0,0,0,0,0,0,0
43,26,24,20,18,56,63,0,0,0,0,0,0,0,0,0,0,0,0
44,42,72,0,0,0,0,0,0,0,0,0,0,0,0,0,0,0,0
45,59,63,0,0,0,0,0,0,0,0,0,0,0,0,0,0,0,0
46,0,0,0,0,0,0,0,0,0,0,0,0,0,0,0,0,0,0
43,26,23,11,10,34,42,0,0,0,0,0,0,0,0,0,0,0,0
43,27,34,42,0,0,0,0,0,0,0,0,0,0,0,0,0,0,0
44,42,0,0,0,0,0,0,0,0,0,0,0,0,0,0,0,0,0
45,58,52,48,26,23,12,14,3,2,6,10,34,42,0,0,0,0,0
45,59,63,70,0,0,0,0,0,0,0,0,0,0,0,0,0,0,0
46,70,0,0,0,0,0,0,0,0,0,0,0,0,0,0,0,0,0
43,26,23,11,8,7,37,39,0,0,0,0,0,0,0,0,0,0,0
43,26,23,11,10,34,42,73,0,0,0,0,0,0,0,0,0,0,0
43,26,23,12,14,3,2,7,37,39,0,0,0,0,0,0,0,0,0
43,26,24,19,15,11,8,7,37,39,0,0,0,0,0,0,0,0,0
43,26,24,20,18,56,62,66,0,0,0,0,0,0,0,0,0,0,0
43,26,24,20,18,56,63,69,66,0,0,0,0,0,0,0,0,0,0
43,27,31,8,7,37,39,0,0,0,0,0,0,0,0,0,0,0,0
43,27,33,37,39,0,0,0,0,0,0,0,0,0,0,0,0,0,0
44,40,31,8,7,37,39,0,0,0,0,0,0,0,0,0,0,0,0
44,42,73,0,0,0,0,0,0,0,0,0,0,0,0,0,0,0,0
45,58,52,48,26,23,12,14,3,2,7,37,39,0,0,0,0,0,0
45,59,60,54,17,19,15,11,8,7,37,39,0,0,0,0,0,0,0
45,59,60,55,47,19,14,3,2,7,37,39,0,0,0,0,0,0,0
45,59,62,66,0,0,0,0,0,0,0,0,0,0,0,0,0,0,0
46,68,62,66,0,0,0,0,0,0,0,0,0,0,0,0,0,0,0
46,69,66,0,0,0,0,0,0,0,0,0,0,0,0,0,0,0,0
46,70,71,40,31,8,7,37,39,0,0,0,0,0,0,0,0,0,0
46,70,73,0,0,0,0,0,0,0,0,0,0,0,0,0,0,0,0
47,19,14,3,0,0,0,0,0,0,0,0,0,0,0,0,0,0,0
47,19,15,11,8,5,0,0,0,0,0,0,0,0,0,0,0,0,0
47,21,23,11,8,5,0,0,0,0,0,0,0,0,0,0,0,0,0
48,26,23,11,8,5,0,0,0,0,0,0,0,0,0,0,0,0,0
48,26,23,12,14,3,0,0,0,0,0,0,0,0,0,0,0,0,0
48,27,31,8,5,0,0,0,0,0,0,0,0,0,0,0,0,0,0
48,27,33,35,5,0,0,0,0,0,0,0,0,0,0,0,0,0,0
49,51,26,23,11,8,5,0,0,0,0,0,0,0,0,0,0,0,0
49,51,26,23,12,14,3,0,0,0,0,0,0,0,0,0,0,0,0
49,51,27,31,8,5,0,0,0,0,0,0,0,0,0,0,0,0,0
49,51,27,31,9,12,14,3,0,0,0,0,0,0,0,0,0,0,0
49,51,27,33,35,5,0,0,0,0,0,0,0,0,0,0,0,0,0
50,54,17,19,14,3,0,0,0,0,0,0,0,0,0,0,0,0,0
50,54,17,21,23,11,8,5,0,0,0,0,0,0,0,0,0,0,0
50,54,17,21,25,27,31,8,5,0,0,0,0,0,0,0,0,0,0
50,56,61,57,43,27,31,8,5,0,0,0,0,0,0,0,0,0,0
50,56,62,65,67,43,27,31,8,5,0,0,0,0,0,0,0,0,0
50,56,62,66,74,38,35,6,9,12,14,3,0,0,0,0,0,0,0
50,56,63,70,71,40,31,8,5,0,0,0,0,0,0,0,0,0,0
47,19,14,0,0,0,0,0,0,0,0,0,0,0,0,0,0,0,0
47,19,15,11,8,5,1,0,0,0,0,0,0,0,0,0,0,0,0
47,21,23,11,8,5,1,0,0,0,0,0,0,0,0,0,0,0,0
48,26,23,11,8,5,1,0,0,0,0,0,0,0,0,0,0,0,0
48,26,23,12,14,0,0,0,0,0,0,0,0,0,0,0,0,0,0
48,27,31,8,5,1,0,0,0,0,0,0,0,0,0,0,0,0,0
48,27,33,35,5,1,0,0,0,0,0,0,0,0,0,0,0,0,0
49,51,26,23,11,8,5,1,0,0,0,0,0,0,0,0,0,0,0
49,51,26,23,12,14,0,0,0,0,0,0,0,0,0,0,0,0,0
49,51,27,31,8,5,1,0,0,0,0,0,0,0,0,0,0,0,0
49,51,27,31,9,12,14,0,0,0,0,0,0,0,0,0,0,0,0
49,51,27,33,35,5,1,0,0,0,0,0,0,0,0,0,0,0,0
50,54,17,19,14,0,0,0,0,0,0,0,0,0,0,0,0,0,0
50,54,17,21,23,11,8,5,1,0,0,0,0,0,0,0,0,0,0
50,54,17,21,23,12,14,0,0,0,0,0,0,0,0,0,0,0,0
50,54,17,21,25,27,31,8,5,1,0,0,0,0,0,0,0,0,0
50,56,61,57,43,27,31,8,5,1,0,0,0,0,0,0,0,0,0
50,56,62,65,67,43,27,31,8,5,1,0,0,0,0,0,0,0,0
50,56,62,66,74,38,35,6,9,12,14,0,0,0,0,0,0,0,0
50,56,63,70,71,40,31,8,5,1,0,0,0,0,0,0,0,0,0
47,19,14,3,2,0,0,0,0,0,0,0,0,0,0,0,0,0,0
47,19,15,11,8,0,0,0,0,0,0,0,0,0,0,0,0,0,0
47,21,23,11,8,0,0,0,0,0,0,0,0,0,0,0,0,0,0
48,26,23,11,8,0,0,0,0,0,0,0,0,0,0,0,0,0,0
48,26,23,12,14,3,2,0,0,0,0,0,0,0,0,0,0,0,0
48,27,31,8,0,0,0,0,0,0,0,0,0,0,0,0,0,0,0
48,27,33,35,0,0,0,0,0,0,0,0,0,0,0,0,0,0,0
49,51,26,23,11,8,0,0,0,0,0,0,0,0,0,0,0,0,0
49,51,26,23,12,14,3,2,0,0,0,0,0,0,0,0,0,0,0
49,51,27,31,8,0,0,0,0,0,0,0,0,0,0,0,0,0,0
49,51,27,33,35,0,0,0,0,0,0,0,0,0,0,0,0,0,0
50,54,17,19,14,3,2,0,0,0,0,0,0,0,0,0,0,0,0
50,54,17,19,15,11,8,0,0,0,0,0,0,0,0,0,0,0,0
50,54,17,21,23,11,8,0,0,0,0,0,0,0,0,0,0,0,0
50,54,17,21,25,27,31,8,0,0,0,0,0,0,0,0,0,0,0
50,56,61,57,43,27,31,8,0,0,0,0,0,0,0,0,0,0,0
50,56,62,65,67,43,27,31,8,0,0,0,0,0,0,0,0,0,0
50,56,62,66,74,38,35,0,0,0,0,0,0,0,0,0,0,0,0
50,56,63,70,71,40,31,8,0,0,0,0,0,0,0,0,0,0,0
47,19,14,3,2,6,0,0,0,0,0,0,0,0,0,0,0,0,0
47,19,15,11,0,0,0,0,0,0,0,0,0,0,0,0,0,0,0
47,21,23,11,0,0,0,0,0,0,0,0,0,0,0,0,0,0,0
48,26,23,11,0,0,0,0,0,0,0,0,0,0,0,0,0,0,0
48,26,23,12,14,3,2,6,0,0,0,0,0,0,0,0,0,0,0
48,27,31,0,0,0,0,0,0,0,0,0,0,0,0,0,0,0,0
48,27,33,35,6,0,0,0,0,0,0,0,0,0,0,0,0,0,0
49,51,26,23,11,0,0,0,0,0,0,0,0,0,0,0,0,0,0
49,51,27,31,0,0,0,0,0,0,0,0,0,0,0,0,0,0,0
49,51,27,33,35,6,0,0,0,0,0,0,0,0,0,0,0,0,0
50,54,17,19,14,3,2,6,0,0,0,0,0,0,0,0,0,0,0
50,54,17,19,15,11,0,0,0,0,0,0,0,0,0,0,0,0,0
50,54,17,21,23,11,0,0,0,0,0,0,0,0,0,0,0,0,0
50,54,17,21,25,27,31,0,0,0,0,0,0,0,0,0,0,0,0
50,56,61,57,43,27,31,0,0,0,0,0,0,0,0,0,0,0,0
50,56,62,65,67,43,27,31,0,0,0,0,0,0,0,0,0,0,0
50,56,62,66,74,38,35,6,0,0,0,0,0,0,0,0,0,0,0
50,56,63,70,71,40,31,0,0,0,0,0,0,0,0,0,0,0,0
47,19,14,3,2,6,9,0,0,0,0,0,0,0,0,0,0,0,0
47,19,15,0,0,0,0,0,0,0,0,0,0,0,0,0,0,0,0
47,21,23,0,0,0,0,0,0,0,0,0,0,0,0,0,0,0,0
48,26,23,0,0,0,0,0,0,0,0,0,0,0,0,0,0,0,0
48,27,31,9,0,0,0,0,0,0,0,0,0,0,0,0,0,0,0
48,27,33,35,6,9,0,0,0,0,0,0,0,0,0,0,0,0,0
49,51,26,23,0,0,0,0,0,0,0,0,0,0,0,0,0,0,0
49,51,27,31,9,0,0,0,0,0,0,0,0,0,0,0,0,0,0
49,51,27,33,35,6,9,0,0,0,0,0,0,0,0,0,0,0,0
50,54,17,19,14,3,2,6,9,0,0,0,0,0,0,0,0,0,0
50,54,17,19,15,0,0,0,0,0,0,0,0,0,0,0,0,0,0
50,54,17,21,23,0,0,0,0,0,0,0,0,0,0,0,0,0,0
50,54,17,21,25,27,31,9,0,0,0,0,0,0,0,0,0,0,0
50,56,61,57,43,26,23,0,0,0,0,0,0,0,0,0,0,0,0
50,56,62,65,67,43,27,31,9,0,0,0,0,0,0,0,0,0,0
50,56,62,66,74,38,35,6,9,0,0,0,0,0,0,0,0,0,0
50,56,63,70,71,40,31,9,0,0,0,0,0,0,0,0,0,0,0
47,19,0,0,0,0,0,0,0,0,0,0,0,0,0,0,0,0,0
47,21,23,11,8,5,1,4,0,0,0,0,0,0,0,0,0,0,0
47,21,23,12,0,0,0,0,0,0,0,0,0,0,0,0,0,0,0
48,26,23,12,0,0,0,0,0,0,0,0,0,0,0,0,0,0,0
48,27,31,9,12,0,0,0,0,0,0,0,0,0,0,0,0,0,0
48,27,33,35,5,1,4,0,0,0,0,0,0,0,0,0,0,0,0
49,51,26,23,12,0,0,0,0,0,0,0,0,0,0,0,0,0,0
49,51,27,31,9,12,0,0,0,0,0,0,0,0,0,0,0,0,0
49,51,27,33,35,5,1,4,0,0,0,0,0,0,0,0,0,0,0
50,54,17,19,0,0,0,0,0,0,0,0,0,0,0,0,0,0,0
50,54,17,21,23,11,8,5,1,4,0,0,0,0,0,0,0,0,0
50,54,17,21,23,12,0,0,0,0,0,0,0,0,0,0,0,0,0
50,54,17,21,25,27,31,8,5,1,4,0,0,0,0,0,0,0,0
50,56,61,57,43,26,23,12,0,0,0,0,0,0,0,0,0,0,0
50,56,62,65,67,43,27,31,8,5,1,4,0,0,0,0,0,0,0
50,56,62,66,74,38,35,6,9,12,0,0,0,0,0,0,0,0,0
50,56,63,70,71,40,31,8,5,1,4,0,0,0,0,0,0,0,0
47,20,0,0,0,0,0,0,0,0,0,0,0,0,0,0,0,0,0
50,54,0,0,0,0,0,0,0,0,0,0,0,0,0,0,0,0,0
47,0,0,0,0,0,0,0,0,0,0,0,0,0,0,0,0,0,0
48,26,24,0,0,0,0,0,0,0,0,0,0,0,0,0,0,0,0
49,51,26,24,0,0,0,0,0,0,0,0,0,0,0,0,0,0,0
49,51,27,31,9,12,16,0,0,0,0,0,0,0,0,0,0,0,0
50,54,17,0,0,0,0,0,0,0,0,0,0,0,0,0,0,0,0
50,56,61,57,43,26,23,12,16,0,0,0,0,0,0,0,0,0,0
50,56,62,66,74,38,35,6,9,13,24,0,0,0,0,0,0,0,0
47,19,14,3,2,6,9,13,0,0,0,0,0,0,0,0,0,0,0
47,19,15,13,0,0,0,0,0,0,0,0,0,0,0,0,0,0,0
47,21,0,0,0,0,0,0,0,0,0,0,0,0,0,0,0,0,0
48,26,0,0,0,0,0,0,0,0,0,0,0,0,0,0,0,0,0
49,51,26,0,0,0,0,0,0,0,0,0,0,0,0,0,0,0,0
49,51,27,31,9,13,0,0,0,0,0,0,0,0,0,0,0,0,0
50,54,17,21,0,0,0,0,0,0,0,0,0,0,0,0,0,0,0
50,56,61,57,43,26,0,0,0,0,0,0,0,0,0,0,0,0,0
50,56,62,65,67,43,26,0,0,0,0,0,0,0,0,0,0,0,0
50,56,62,66,74,38,35,6,9,13,0,0,0,0,0,0,0,0,0
50,56,63,67,43,26,0,0,0,0,0,0,0,0,0,0,0,0,0
47,19,14,3,2,6,10,32,0,0,0,0,0,0,0,0,0,0,0
47,19,15,13,25,0,0,0,0,0,0,0,0,0,0,0,0,0,0
47,21,25,0,0,0,0,0,0,0,0,0,0,0,0,0,0,0,0
48,0,0,0,0,0,0,0,0,0,0,0,0,0,0,0,0,0,0
49,51,0,0,0,0,0,0,0,0,0,0,0,0,0,0,0,0,0
50,54,17,21,25,0,0,0,0,0,0,0,0,0,0,0,0,0,0
50,56,61,57,43,0,0,0,0,0,0,0,0,0,0,0,0,0,0
50,56,62,65,67,43,0,0,0,0,0,0,0,0,0,0,0,0,0
50,56,62,66,74,38,35,6,9,13,25,0,0,0,0,0,0,0,0
50,56,63,67,43,0,0,0,0,0,0,0,0,0,0,0,0,0,0
47,19,14,3,2,6,10,0,0,0,0,0,0,0,0,0,0,0,0
47,19,15,11,8,7,36,0,0,0,0,0,0,0,0,0,0,0,0
47,21,25,27,0,0,0,0,0,0,0,0,0,0,0,0,0,0,0
48,26,23,11,10,0,0,0,0,0,0,0,0,0,0,0,0,0,0
48,26,23,12,14,3,2,6,10,0,0,0,0,0,0,0,0,0,0
48,27,0,0,0,0,0,0,0,0,0,0,0,0,0,0,0,0,0
49,51,27,0,0,0,0,0,0,0,0,0,0,0,0,0,0,0,0
50,54,17,21,23,11,8,7,36,0,0,0,0,0,0,0,0,0,0
50,54,17,21,23,11,10,0,0,0,0,0,0,0,0,0,0,0,0
50,54,17,21,25,27,0,0,0,0,0,0,0,0,0,0,0,0,0
50,56,61,57,43,27,0,0,0,0,0,0,0,0,0,0,0,0,0
50,56,62,65,67,43,27,0,0,0,0,0,0,0,0,0,0,0,0
50,56,62,66,74,38,35,6,9,13,25,27,0,0,0,0,0,0,0
50,56,63,69,66,74,38,36,0,0,0,0,0,0,0,0,0,0,0
50,56,63,70,71,40,0,0,0,0,0,0,0,0,0,0,0,0,0
47,19,14,3,2,7,0,0,0,0,0,0,0,0,0,0,0,0,0
47,19,15,11,8,7,0,0,0,0,0,0,0,0,0,0,0,0,0
47,21,23,11,8,7,0,0,0,0,0,0,0,0,0,0,0,0,0
48,26,23,11,8,7,0,0,0,0,0,0,0,0,0,0,0,0,0
48,26,23,11,10,33,0,0,0,0,0,0,0,0,0,0,0,0,0
48,26,23,12,14,3,2,7,0,0,0,0,0,0,0,0,0,0,0
48,27,31,8,7,0,0,0,0,0,0,0,0,0,0,0,0,0,0
48,27,33,0,0,0,0,0,0,0,0,0,0,0,0,0,0,0,0
49,51,26,23,11,8,7,0,0,0,0,0,0,0,0,0,0,0,0
49,51,27,31,8,7,0,0,0,0,0,0,0,0,0,0,0,0,0
49,51,27,33,0,0,0,0,0,0,0,0,0,0,0,0,0,0,0
50,54,17,19,14,3,2,7,0,0,0,0,0,0,0,0,0,0,0
50,54,17,19,15,11,8,7,0,0,0,0,0,0,0,0,0,0,0
50,54,17,21,23,11,8,7,0,0,0,0,0,0,0,0,0,0,0
50,54,17,21,25,27,31,8,7,0,0,0,0,0,0,0,0,0,0
50,56,62,65,67,43,27,31,8,7,0,0,0,0,0,0,0,0,0
50,56,62,65,70,73,74,38,0,0,0,0,0,0,0,0,0,0,0
50,56,62,66,74,38,0,0,0,0,0,0,0,0,0,0,0,0,0
50,56,63,69,66,74,38,0,0,0,0,0,0,0,0,0,0,0,0
50,56,63,70,73,74,38,0,0,0,0,0,0,0,0,0,0,0,0
47,19,14,3,2,7,37,0,0,0,0,0,0,0,0,0,0,0,0
47,19,15,11,8,7,37,0,0,0,0,0,0,0,0,0,0,0,0
48,26,23,11,8,7,37,0,0,0,0,0,0,0,0,0,0,0,0
48,26,23,11,10,33,37,0,0,0,0,0,0,0,0,0,0,0,0
48,26,23,12,14,3,2,7,37,0,0,0,0,0,0,0,0,0,0
48,27,31,8,7,37,0,0,0,0,0,0,0,0,0,0,0,0,0
48,27,33,37,0,0,0,0,0,0,0,0,0,0,0,0,0,0,0
49,51,27,31,8,7,37,0,0,0,0,0,0,0,0,0,0,0,0
49,51,27,33,37,0,0,0,0,0,0,0,0,0,0,0,0,0,0
49,53,59,63,70,73,74,0,0,0,0,0,0,0,0,0,0,0,0
50,54,17,19,14,3,2,7,37,0,0,0,0,0,0,0,0,0,0
50,54,17,19,15,11,8,7,37,0,0,0,0,0,0,0,0,0,0
50,54,17,21,23,11,8,7,37,0,0,0,0,0,0,0,0,0,0
50,54,17,21,25,27,31,8,7,37,0,0,0,0,0,0,0,0,0
50,56,62,65,67,43,27,31,8,7,37,0,0,0,0,0,0,0,0
50,56,62,65,70,73,74,0,0,0,0,0,0,0,0,0,0,0,0
50,56,62,66,74,0,0,0,0,0,0,0,0,0,0,0,0,0,0
50,56,63,69,66,74,0,0,0,0,0,0,0,0,0,0,0,0,0
50,56,63,70,73,74,0,0,0,0,0,0,0,0,0,0,0,0,0
47,19,14,3,2,6,10,34,0,0,0,0,0,0,0,0,0,0,0
47,19,14,3,2,7,37,39,76,71,0,0,0,0,0,0,0,0,0
48,26,23,11,10,34,0,0,0,0,0,0,0,0,0,0,0,0,0
48,26,23,12,14,3,2,6,10,34,0,0,0,0,0,0,0,0,0
48,27,34,0,0,0,0,0,0,0,0,0,0,0,0,0,0,0,0
48,28,44,0,0,0,0,0,0,0,0,0,0,0,0,0,0,0,0
48,28,46,70,71,0,0,0,0,0,0,0,0,0,0,0,0,0,0
49,51,27,34,0,0,0,0,0,0,0,0,0,0,0,0,0,0,0
49,51,28,44,0,0,0,0,0,0,0,0,0,0,0,0,0,0,0
49,53,57,44,0,0,0,0,0,0,0,0,0,0,0,0,0,0,0
50,54,17,21,23,11,10,34,0,0,0,0,0,0,0,0,0,0,0
50,54,17,21,25,28,44,0,0,0,0,0,0,0,0,0,0,0,0
50,54,17,21,25,28,46,70,71,0,0,0,0,0,0,0,0,0,0
50,56,61,57,44,0,0,0,0,0,0,0,0,0,0,0,0,0,0
50,56,61,57,46,70,71,0,0,0,0,0,0,0,0,0,0,0,0
50,56,62,65,70,71,0,0,0,0,0,0,0,0,0,0,0,0,0
50,56,62,66,74,38,35,6,9,13,25,28,44,0,0,0,0,0,0
50,56,63,67,44,0,0,0,0,0,0,0,0,0,0,0,0,0,0
50,56,63,70,71,0,0,0,0,0,0,0,0,0,0,0,0,0,0
48,28,0,0,0,0,0,0,0,0,0,0,0,0,0,0,0,0,0
48,30,53,57,0,0,0,0,0,0,0,0,0,0,0,0,0,0,0
49,51,28,0,0,0,0,0,0,0,0,0,0,0,0,0,0,0,0
49,53,57,0,0,0,0,0,0,0,0,0,0,0,0,0,0,0,0
50,54,17,21,25,28,0,0,0,0,0,0,0,0,0,0,0,0,0
50,56,61,57,0,0,0,0,0,0,0,0,0,0,0,0,0,0,0
50,56,62,65,67,0,0,0,0,0,0,0,0,0,0,0,0,0,0
50,56,62,66,74,38,35,6,9,13,25,28,0,0,0,0,0,0,0
50,56,63,67,0,0,0,0,0,0,0,0,0,0,0,0,0,0,0
50,56,63,70,71,41,0,0,0,0,0,0,0,0,0,0,0,0,0
48,30,0,0,0,0,0,0,0,0,0,0,0,0,0,0,0,0,0
49,0,0,0,0,0,0,0,0,0,0,0,0,0,0,0,0,0,0
50,54,17,21,25,30,0,0,0,0,0,0,0,0,0,0,0,0,0
50,56,61,58,0,0,0,0,0,0,0,0,0,0,0,0,0,0,0
50,56,62,65,67,43,30,0,0,0,0,0,0,0,0,0,0,0,0
50,56,63,67,45,58,0,0,0,0,0,0,0,0,0,0,0,0,0
50,56,63,70,71,41,45,58,0,0,0,0,0,0,0,0,0,0,0
47,20,18,0,0,0,0,0,0,0,0,0,0,0,0,0,0,0,0
50,0,0,0,0,0,0,0,0,0,0,0,0,0,0,0,0,0,0
48,28,45,0,0,0,0,0,0,0,0,0,0,0,0,0,0,0,0
48,30,53,0,0,0,0,0,0,0,0,0,0,0,0,0,0,0,0
49,53,0,0,0,0,0,0,0,0,0,0,0,0,0,0,0,0,0
50,54,17,21,25,28,45,0,0,0,0,0,0,0,0,0,0,0,0
50,54,17,21,25,28,46,68,61,0,0,0,0,0,0,0,0,0,0
50,56,61,0,0,0,0,0,0,0,0,0,0,0,0,0,0,0,0
50,56,62,65,67,45,0,0,0,0,0,0,0,0,0,0,0,0,0
50,56,63,67,45,0,0,0,0,0,0,0,0,0,0,0,0,0,0
50,56,63,70,71,41,45,0,0,0,0,0,0,0,0,0,0,0,0
47,20,18,56,0,0,0,0,0,0,0,0,0,0,0,0,0,0,0
49,53,59,0,0,0,0,0,0,0,0,0,0,0,0,0,0,0,0
50,54,17,21,25,28,46,68,0,0,0,0,0,0,0,0,0,0,0
50,56,0,0,0,0,0,0,0,0,0,0,0,0,0,0,0,0,0
47,19,14,3,2,7,37,39,75,0,0,0,0,0,0,0,0,0,0
48,26,23,11,10,34,42,73,75,0,0,0,0,0,0,0,0,0,0
49,53,59,63,69,0,0,0,0,0,0,0,0,0,0,0,0,0,0
50,54,17,19,15,11,8,7,37,39,75,0,0,0,0,0,0,0,0
50,54,17,21,25,28,46,68,62,0,0,0,0,0,0,0,0,0,0
50,56,62,0,0,0,0,0,0,0,0,0,0,0,0,0,0,0,0
50,56,63,69,0,0,0,0,0,0,0,0,0,0,0,0,0,0,0
50,56,63,70,73,75,0,0,0,0,0,0,0,0,0,0,0,0,0
47,19,14,3,2,7,37,39,76,72,0,0,0,0,0,0,0,0,0
48,26,23,11,10,34,42,72,0,0,0,0,0,0,0,0,0,0,0
48,28,46,0,0,0,0,0,0,0,0,0,0,0,0,0,0,0,0
49,53,59,63,0,0,0,0,0,0,0,0,0,0,0,0,0,0,0
50,54,17,21,25,28,46,0,0,0,0,0,0,0,0,0,0,0,0
50,56,61,57,46,0,0,0,0,0,0,0,0,0,0,0,0,0,0
50,56,62,65,0,0,0,0,0,0,0,0,0,0,0,0,0,0,0
50,56,63,0,0,0,0,0,0,0,0,0,0,0,0,0,0,0,0
47,19,14,3,2,7,37,39,76,0,0,0,0,0,0,0,0,0,0
48,26,23,11,10,34,42,0,0,0,0,0,0,0,0,0,0,0,0
48,26,23,12,14,3,2,6,10,34,42,0,0,0,0,0,0,0,0
48,28,46,70,0,0,0,0,0,0,0,0,0,0,0,0,0,0,0
49,53,59,63,70,0,0,0,0,0,0,0,0,0,0,0,0,0,0
50,54,17,21,25,28,46,70,0,0,0,0,0,0,0,0,0,0,0
50,56,61,57,44,42,0,0,0,0,0,0,0,0,0,0,0,0,0
50,56,61,57,46,70,0,0,0,0,0,0,0,0,0,0,0,0,0
50,56,62,65,70,0,0,0,0,0,0,0,0,0,0,0,0,0,0
50,56,62,66,76,0,0,0,0,0,0,0,0,0,0,0,0,0,0
50,56,63,67,44,42,0,0,0,0,0,0,0,0,0,0,0,0,0
50,56,63,69,66,76,0,0,0,0,0,0,0,0,0,0,0,0,0
50,56,63,70,0,0,0,0,0,0,0,0,0,0,0,0,0,0,0
47,19,14,3,2,7,37,39,0,0,0,0,0,0,0,0,0,0,0
47,19,15,11,8,7,37,39,0,0,0,0,0,0,0,0,0,0,0
48,26,23,11,8,7,37,39,0,0,0,0,0,0,0,0,0,0,0
48,26,23,11,10,34,42,73,0,0,0,0,0,0,0,0,0,0,0
48,26,23,12,14,3,2,7,37,39,0,0,0,0,0,0,0,0,0
48,27,31,8,7,37,39,0,0,0,0,0,0,0,0,0,0,0,0
48,27,33,37,39,0,0,0,0,0,0,0,0,0,0,0,0,0,0
49,53,59,63,70,73,0,0,0,0,0,0,0,0,0,0,0,0,0
50,54,17,19,14,3,2,7,37,39,0,0,0,0,0,0,0,0,0
50,54,17,19,15,11,8,7,37,39,0,0,0,0,0,0,0,0,0
50,54,17,21,25,27,31,8,7,37,39,0,0,0,0,0,0,0,0
50,56,62,65,67,43,27,31,8,7,37,39,0,0,0,0,0,0,0
50,56,62,65,70,73,0,0,0,0,0,0,0,0,0,0,0,0,0
50,56,62,66,0,0,0,0,0,0,0,0,0,0,0,0,0,0,0
50,56,63,69,66,0,0,0,0,0,0,0,0,0,0,0,0,0,0
50,56,63,70,73,0,0,0,0,0,0,0,0,0,0,0,0,0,0
51,26,23,11,8,5,0,0,0,0,0,0,0,0,0,0,0,0,0
51,26,23,12,14,3,0,0,0,0,0,0,0,0,0,0,0,0,0
51,26,24,19,14,3,0,0,0,0,0,0,0,0,0,0,0,0,0
51,26,24,19,15,11,8,5,0,0,0,0,0,0,0,0,0,0,0
51,27,31,8,5,0,0,0,0,0,0,0,0,0,0,0,0,0,0
51,27,31,9,12,14,3,0,0,0,0,0,0,0,0,0,0,0,0
51,27,33,35,5,0,0,0,0,0,0,0,0,0,0,0,0,0,0
51,28,46,68,60,54,17,21,23,11,8,5,0,0,0,0,0,0,0
52,47,19,14,3,0,0,0,0,0,0,0,0,0,0,0,0,0,0
52,47,19,15,11,8,5,0,0,0,0,0,0,0,0,0,0,0,0
52,48,26,23,12,14,3,0,0,0,0,0,0,0,0,0,0,0,0
52,48,27,31,8,5,0,0,0,0,0,0,0,0,0,0,0,0,0
52,48,27,33,35,5,0,0,0,0,0,0,0,0,0,0,0,0,0
52,50,54,17,19,14,3,0,0,0,0,0,0,0,0,0,0,0,0
53,57,43,26,23,12,14,3,0,0,0,0,0,0,0,0,0,0,0
53,57,43,27,31,8,5,0,0,0,0,0,0,0,0,0,0,0,0
53,57,43,27,33,35,5,0,0,0,0,0,0,0,0,0,0,0,0
53,59,60,54,17,19,14,3,0,0,0,0,0,0,0,0,0,0,0
53,59,60,55,47,19,14,3,0,0,0,0,0,0,0,0,0,0,0
53,59,62,66,74,38,35,6,9,12,14,3,0,0,0,0,0,0,0
51,26,23,11,8,5,1,0,0,0,0,0,0,0,0,0,0,0,0
51,26,23,12,14,0,0,0,0,0,0,0,0,0,0,0,0,0,0
51,26,24,19,14,0,0,0,0,0,0,0,0,0,0,0,0,0,0
51,26,24,19,15,11,8,5,1,0,0,0,0,0,0,0,0,0,0
51,27,31,8,5,1,0,0,0,0,0,0,0,0,0,0,0,0,0
51,27,31,9,12,14,0,0,0,0,0,0,0,0,0,0,0,0,0
51,27,33,35,5,1,0,0,0,0,0,0,0,0,0,0,0,0,0
51,28,46,68,60,54,17,21,23,12,14,0,0,0,0,0,0,0,0
52,47,19,14,0,0,0,0,0,0,0,0,0,0,0,0,0,0,0
52,47,19,15,11,8,5,1,0,0,0,0,0,0,0,0,0,0,0
52,48,26,23,12,14,0,0,0,0,0,0,0,0,0,0,0,0,0
52,48,27,31,8,5,1,0,0,0,0,0,0,0,0,0,0,0,0
52,48,27,33,35,5,1,0,0,0,0,0,0,0,0,0,0,0,0
52,50,54,17,19,14,0,0,0,0,0,0,0,0,0,0,0,0,0
53,57,43,26,23,12,14,0,0,0,0,0,0,0,0,0,0,0,0
53,57,43,27,31,8,5,1,0,0,0,0,0,0,0,0,0,0,0
53,59,60,54,17,19,14,0,0,0,0,0,0,0,0,0,0,0,0
53,59,60,55,47,19,14,0,0,0,0,0,0,0,0,0,0,0,0
53,59,62,66,74,38,35,6,9,12,14,0,0,0,0,0,0,0,0
51,26,23,11,8,0,0,0,0,0,0,0,0,0,0,0,0,0,0
51,26,23,12,14,3,2,0,0,0,0,0,0,0,0,0,0,0,0
51,26,24,19,14,3,2,0,0,0,0,0,0,0,0,0,0,0,0
51,26,24,19,15,11,8,0,0,0,0,0,0,0,0,0,0,0,0
51,27,31,8,0,0,0,0,0,0,0,0,0,0,0,0,0,0,0
51,27,33,35,0,0,0,0,0,0,0,0,0,0,0,0,0,0,0
51,28,46,68,60,54,17,21,23,11,8,0,0,0,0,0,0,0,0
52,47,19,14,3,2,0,0,0,0,0,0,0,0,0,0,0,0,0
52,47,19,15,11,8,0,0,0,0,0,0,0,0,0,0,0,0,0
52,48,26,23,12,14,3,2,0,0,0,0,0,0,0,0,0,0,0
52,48,27,31,8,0,0,0,0,0,0,0,0,0,0,0,0,0,0
52,48,27,33,35,0,0,0,0,0,0,0,0,0,0,0,0,0,0
52,50,54,17,19,14,3,2,0,0,0,0,0,0,0,0,0,0,0
52,50,54,17,19,15,11,8,0,0,0,0,0,0,0,0,0,0,0
53,57,43,26,23,12,14,3,2,0,0,0,0,0,0,0,0,0,0
53,57,43,27,31,8,0,0,0,0,0,0,0,0,0,0,0,0,0
53,57,43,27,33,35,0,0,0,0,0,0,0,0,0,0,0,0,0
53,59,60,54,17,19,14,3,2,0,0,0,0,0,0,0,0,0,0
53,59,60,55,47,19,14,3,2,0,0,0,0,0,0,0,0,0,0
53,59,62,66,74,38,35,0,0,0,0,0,0,0,0,0,0,0,0
51,26,23,11,0,0,0,0,0,0,0,0,0,0,0,0,0,0,0
51,26,23,12,14,3,2,6,0,0,0,0,0,0,0,0,0,0,0
51,26,24,19,14,3,2,6,0,0,0,0,0,0,0,0,0,0,0
51,26,24,19,15,11,0,0,0,0,0,0,0,0,0,0,0,0,0
51,27,31,0,0,0,0,0,0,0,0,0,0,0,0,0,0,0,0
51,27,33,35,6,0,0,0,0,0,0,0,0,0,0,0,0,0,0
51,28,46,68,60,54,17,21,23,11,0,0,0,0,0,0,0,0,0
52,47,19,14,3,2,6,0,0,0,0,0,0,0,0,0,0,0,0
52,47,19,15,11,0,0,0,0,0,0,0,0,0,0,0,0,0,0
52,48,26,23,12,14,3,2,6,0,0,0,0,0,0,0,0,0,0
52,48,27,31,0,0,0,0,0,0,0,0,0,0,0,0,0,0,0
52,48,27,33,35,6,0,0,0,0,0,0,0,0,0,0,0,0,0
52,50,54,17,19,15,11,0,0,0,0,0,0,0,0,0,0,0,0
53,57,43,26,23,11,0,0,0,0,0,0,0,0,0,0,0,0,0
53,57,43,27,31,0,0,0,0,0,0,0,0,0,0,0,0,0,0
53,59,60,54,17,19,14,3,2,6,0,0,0,0,0,0,0,0,0
53,59,60,55,47,19,14,3,2,6,0,0,0,0,0,0,0,0,0
53,59,62,66,74,38,35,6,0,0,0,0,0,0,0,0,0,0,0
51,26,23,0,0,0,0,0,0,0,0,0,0,0,0,0,0,0,0
51,26,24,19,15,0,0,0,0,0,0,0,0,0,0,0,0,0,0
51,27,31,9,0,0,0,0,0,0,0,0,0,0,0,0,0,0,0
51,27,33,35,6,9,0,0,0,0,0,0,0,0,0,0,0,0,0
51,28,46,68,60,54,17,21,23,0,0,0,0,0,0,0,0,0,0
52,47,19,14,3,2,6,9,0,0,0,0,0,0,0,0,0,0,0
52,47,19,15,0,0,0,0,0,0,0,0,0,0,0,0,0,0,0
52,48,26,23,0,0,0,0,0,0,0,0,0,0,0,0,0,0,0
52,48,27,31,9,0,0,0,0,0,0,0,0,0,0,0,0,0,0
52,48,27,33,35,6,9,0,0,0,0,0,0,0,0,0,0,0,0
52,50,54,17,19,15,0,0,0,0,0,0,0,0,0,0,0,0,0
53,57,43,26,23,0,0,0,0,0,0,0,0,0,0,0,0,0,0
53,57,43,27,31,9,0,0,0,0,0,0,0,0,0,0,0,0,0
53,59,60,54,17,19,14,3,2,6,9,0,0,0,0,0,0,0,0
53,59,60,55,47,19,14,3,2,6,9,0,0,0,0,0,0,0,0
53,59,62,66,74,38,35,6,9,0,0,0,0,0,0,0,0,0,0
51,26,23,11,8,5,1,4,0,0,0,0,0,0,0,0,0,0,0
51,26,23,12,0,0,0,0,0,0,0,0,0,0,0,0,0,0,0
51,26,24,19,0,0,0,0,0,0,0,0,0,0,0,0,0,0,0
51,27,31,8,5,1,4,0,0,0,0,0,0,0,0,0,0,0,0
51,27,31,9,12,0,0,0,0,0,0,0,0,0,0,0,0,0,0
51,27,33,35,5,1,4,0,0,0,0,0,0,0,0,0,0,0,0
51,28,46,68,60,54,17,21,23,12,0,0,0,0,0,0,0,0,0
52,47,19,0,0,0,0,0,0,0,0,0,0,0,0,0,0,0,0
52,48,26,23,12,0,0,0,0,0,0,0,0,0,0,0,0,0,0
52,48,27,31,9,12,0,0,0,0,0,0,0,0,0,0,0,0,0
52,48,27,33,35,5,1,4,0,0,0,0,0,0,0,0,0,0,0
52,50,54,17,19,0,0,0,0,0,0,0,0,0,0,0,0,0,0
53,57,43,26,23,12,0,0,0,0,0,0,0,0,0,0,0,0,0
53,59,60,54,17,19,0,0,0,0,0,0,0,0,0,0,0,0,0
53,59,60,55,47,19,0,0,0,0,0,0,0,0,0,0,0,0,0
53,59,62,66,74,38,35,6,9,12,0,0,0,0,0,0,0,0,0
51,26,24,20,0,0,0,0,0,0,0,0,0,0,0,0,0,0,0
51,28,46,68,60,54,0,0,0,0,0,0,0,0,0,0,0,0,0
52,47,20,0,0,0,0,0,0,0,0,0,0,0,0,0,0,0,0
52,50,54,0,0,0,0,0,0,0,0,0,0,0,0,0,0,0,0
53,57,46,68,60,54,0,0,0,0,0,0,0,0,0,0,0,0,0
53,59,60,54,0,0,0,0,0,0,0,0,0,0,0,0,0,0,0
51,26,23,12,16,0,0,0,0,0,0,0,0,0,0,0,0,0,0
51,26,24,0,0,0,0,0,0,0,0,0,0,0,0,0,0,0,0
51,27,31,9,12,16,0,0,0,0,0,0,0,0,0,0,0,0,0
51,28,46,68,60,54,17,0,0,0,0,0,0,0,0,0,0,0,0
52,47,0,0,0,0,0,0,0,0,0,0,0,0,0,0,0,0,0
52,48,26,24,0,0,0,0,0,0,0,0,0,0,0,0,0,0,0
52,50,54,17,0,0,0,0,0,0,0,0,0,0,0,0,0,0,0
53,57,43,26,23,12,16,0,0,0,0,0,0,0,0,0,0,0,0
53,57,46,68,60,54,17,0,0,0,0,0,0,0,0,0,0,0,0
53,59,60,54,17,0,0,0,0,0,0,0,0,0,0,0,0,0,0
53,59,60,55,47,0,0,0,0,0,0,0,0,0,0,0,0,0,0
53,59,62,66,74,38,35,6,9,13,24,0,0,0,0,0,0,0,0
51,26,0,0,0,0,0,0,0,0,0,0,0,0,0,0,0,0,0
51,27,31,9,13,0,0,0,0,0,0,0,0,0,0,0,0,0,0
51,28,46,68,60,54,17,21,0,0,0,0,0,0,0,0,0,0,0
52,47,21,0,0,0,0,0,0,0,0,0,0,0,0,0,0,0,0
52,48,26,0,0,0,0,0,0,0,0,0,0,0,0,0,0,0,0
52,50,54,17,21,0,0,0,0,0,0,0,0,0,0,0,0,0,0
53,57,43,26,0,0,0,0,0,0,0,0,0,0,0,0,0,0,0
53,59,60,54,17,21,0,0,0,0,0,0,0,0,0,0,0,0,0
53,59,60,55,47,21,0,0,0,0,0,0,0,0,0,0,0,0,0
53,59,62,66,74,38,35,6,9,13,0,0,0,0,0,0,0,0,0
51,0,0,0,0,0,0,0,0,0,0,0,0,0,0,0,0,0,0
52,48,0,0,0,0,0,0,0,0,0,0,0,0,0,0,0,0,0
52,50,54,17,21,25,0,0,0,0,0,0,0,0,0,0,0,0,0
53,57,43,0,0,0,0,0,0,0,0,0,0,0,0,0,0,0,0
53,59,60,55,47,21,25,0,0,0,0,0,0,0,0,0,0,0,0
53,59,60,55,48,0,0,0,0,0,0,0,0,0,0,0,0,0,0
53,59,62,66,74,38,35,6,9,13,25,0,0,0,0,0,0,0,0
51,27,0,0,0,0,0,0,0,0,0,0,0,0,0,0,0,0,0
51,28,44,40,0,0,0,0,0,0,0,0,0,0,0,0,0,0,0
52,48,26,23,12,14,3,2,6,10,0,0,0,0,0,0,0,0,0
52,48,27,0,0,0,0,0,0,0,0,0,0,0,0,0,0,0,0
52,50,54,17,21,25,27,0,0,0,0,0,0,0,0,0,0,0,0
52,50,56,63,69,66,74,38,36,0,0,0,0,0,0,0,0,0,0
53,57,43,26,23,11,10,0,0,0,0,0,0,0,0,0,0,0,0
53,57,43,27,0,0,0,0,0,0,0,0,0,0,0,0,0,0,0
53,57,44,40,0,0,0,0,0,0,0,0,0,0,0,0,0,0,0
53,59,60,55,47,21,25,27,0,0,0,0,0,0,0,0,0,0,0
53,59,60,55,48,27,0,0,0,0,0,0,0,0,0,0,0,0,0
53,59,62,66,74,38,35,6,9,13,25,27,0,0,0,0,0,0,0
51,26,23,11,8,7,0,0,0,0,0,0,0,0,0,0,0,0,0
51,26,23,12,14,3,2,7,0,0,0,0,0,0,0,0,0,0,0
51,26,24,19,14,3,2,7,0,0,0,0,0,0,0,0,0,0,0
51,26,24,19,15,11,8,7,0,0,0,0,0,0,0,0,0,0,0
51,27,31,8,7,0,0,0,0,0,0,0,0,0,0,0,0,0,0
51,27,33,0,0,0,0,0,0,0,0,0,0,0,0,0,0,0,0
51,28,46,68,60,54,17,21,23,11,8,7,0,0,0,0,0,0,0
52,47,19,14,3,2,7,0,0,0,0,0,0,0,0,0,0,0,0
52,47,19,15,11,8,7,0,0,0,0,0,0,0,0,0,0,0,0
52,48,26,23,12,14,3,2,7,0,0,0,0,0,0,0,0,0,0
52,48,27,31,8,7,0,0,0,0,0,0,0,0,0,0,0,0,0
52,48,27,33,0,0,0,0,0,0,0,0,0,0,0,0,0,0,0
52,50,54,17,19,14,3,2,7,0,0,0,0,0,0,0,0,0,0
52,50,54,17,19,15,11,8,7,0,0,0,0,0,0,0,0,0,0
52,50,56,63,69,66,74,38,0,0,0,0,0,0,0,0,0,0,0
53,57,43,26,23,11,10,33,0,0,0,0,0,0,0,0,0,0,0
53,57,43,27,33,0,0,0,0,0,0,0,0,0,0,0,0,0,0
53,57,46,70,73,74,38,0,0,0,0,0,0,0,0,0,0,0,0
53,59,60,55,47,19,14,3,2,7,0,0,0,0,0,0,0,0,0
53,59,62,65,70,73,74,38,0,0,0,0,0,0,0,0,0,0,0
53,59,62,66,74,38,0,0,0,0,0,0,0,0,0,0,0,0,0
53,59,63,70,73,74,38,0,0,0,0,0,0,0,0,0,0,0,0
51,26,23,11,8,7,37,0,0,0,0,0,0,0,0,0,0,0,0
51,26,23,12,14,3,2,7,37,0,0,0,0,0,0,0,0,0,0
51,26,24,19,15,11,8,7,37,0,0,0,0,0,0,0,0,0,0
51,27,31,8,7,37,0,0,0,0,0,0,0,0,0,0,0,0,0
51,27,33,37,0,0,0,0,0,0,0,0,0,0,0,0,0,0,0
51,28,46,68,60,54,17,21,23,11,8,7,37,0,0,0,0,0,0
52,47,19,14,3,2,7,37,0,0,0,0,0,0,0,0,0,0,0
52,47,19,15,11,8,7,37,0,0,0,0,0,0,0,0,0,0,0
52,48,26,23,12,14,3,2,7,37,0,0,0,0,0,0,0,0,0
52,48,27,31,8,7,37,0,0,0,0,0,0,0,0,0,0,0,0
52,50,54,17,19,14,3,2,7,37,0,0,0,0,0,0,0,0,0
52,50,54,17,19,15,11,8,7,37,0,0,0,0,0,0,0,0,0
52,50,56,62,66,74,0,0,0,0,0,0,0,0,0,0,0,0,0
52,50,56,63,69,66,74,0,0,0,0,0,0,0,0,0,0,0,0
53,57,43,26,23,11,10,33,37,0,0,0,0,0,0,0,0,0,0
53,57,46,70,73,74,0,0,0,0,0,0,0,0,0,0,0,0,0
53,59,60,55,47,19,14,3,2,7,37,0,0,0,0,0,0,0,0
53,59,62,65,70,73,74,0,0,0,0,0,0,0,0,0,0,0,0
53,59,62,66,74,0,0,0,0,0,0,0,0,0,0,0,0,0,0
53,59,63,70,73,74,0,0,0,0,0,0,0,0,0,0,0,0,0
51,27,34,0,0,0,0,0,0,0,0,0,0,0,0,0,0,0,0
51,28,44,0,0,0,0,0,0,0,0,0,0,0,0,0,0,0,0
51,28,46,70,71,0,0,0,0,0,0,0,0,0,0,0,0,0,0
52,48,26,23,12,14,3,2,6,10,34,0,0,0,0,0,0,0,0
52,50,56,61,57,44,0,0,0,0,0,0,0,0,0,0,0,0,0
52,50,56,63,67,44,0,0,0,0,0,0,0,0,0,0,0,0,0
52,50,56,63,70,71,0,0,0,0,0,0,0,0,0,0,0,0,0
53,57,43,26,23,11,10,34,0,0,0,0,0,0,0,0,0,0,0
53,57,44,0,0,0,0,0,0,0,0,0,0,0,0,0,0,0,0
53,57,46,70,71,0,0,0,0,0,0,0,0,0,0,0,0,0,0
53,59,60,55,47,19,14,3,2,7,37,39,76,71,0,0,0,0,0
53,59,62,65,70,71,0,0,0,0,0,0,0,0,0,0,0,0,0
53,59,62,66,74,38,35,6,9,13,25,28,44,0,0,0,0,0,0
53,59,63,70,71,0,0,0,0,0,0,0,0,0,0,0,0,0,0
51,28,0,0,0,0,0,0,0,0,0,0,0,0,0,0,0,0,0
52,48,28,0,0,0,0,0,0,0,0,0,0,0,0,0,0,0,0
52,50,56,61,57,0,0,0,0,0,0,0,0,0,0,0,0,0,0
52,50,56,63,67,0,0,0,0,0,0,0,0,0,0,0,0,0,0
52,50,56,63,70,71,41,0,0,0,0,0,0,0,0,0,0,0,0
53,57,0,0,0,0,0,0,0,0,0,0,0,0,0,0,0,0,0
53,59,62,66,74,38,35,6,9,13,25,28,0,0,0,0,0,0,0
51,26,24,22,0,0,0,0,0,0,0,0,0,0,0,0,0,0,0
51,28,46,68,60,55,0,0,0,0,0,0,0,0,0,0,0,0,0
52,0,0,0,0,0,0,0,0,0,0,0,0,0,0,0,0,0,0
53,57,46,68,60,55,0,0,0,0,0,0,0,0,0,0,0,0,0
53,59,60,55,0,0,0,0,0,0,0,0,0,0,0,0,0,0,0
51,26,24,20,18,0,0,0,0,0,0,0,0,0,0,0,0,0,0
51,28,46,68,60,0,0,0,0,0,0,0,0,0,0,0,0,0,0
52,47,20,18,0,0,0,0,0,0,0,0,0,0,0,0,0,0,0
52,50,0,0,0,0,0,0,0,0,0,0,0,0,0,0,0,0,0
53,57,46,68,60,0,0,0,0,0,0,0,0,0,0,0,0,0,0
53,59,60,0,0,0,0,0,0,0,0,0,0,0,0,0,0,0,0
51,28,45,0,0,0,0,0,0,0,0,0,0,0,0,0,0,0,0
51,28,46,68,61,0,0,0,0,0,0,0,0,0,0,0,0,0,0
52,48,28,45,0,0,0,0,0,0,0,0,0,0,0,0,0,0,0
52,50,56,61,0,0,0,0,0,0,0,0,0,0,0,0,0,0,0
52,50,56,63,70,71,41,45,0,0,0,0,0,0,0,0,0,0,0
53,0,0,0,0,0,0,0,0,0,0,0,0,0,0,0,0,0,0
51,26,24,20,18,56,0,0,0,0,0,0,0,0,0,0,0,0,0
51,28,46,68,0,0,0,0,0,0,0,0,0,0,0,0,0,0,0
52,50,56,0,0,0,0,0,0,0,0,0,0,0,0,0,0,0,0
53,57,46,68,0,0,0,0,0,0,0,0,0,0,0,0,0,0,0
53,59,0,0,0,0,0,0,0,0,0,0,0,0,0,0,0,0,0
51,27,31,8,7,37,39,75,0,0,0,0,0,0,0,0,0,0,0
51,28,46,68,62,0,0,0,0,0,0,0,0,0,0,0,0,0,0
51,28,46,69,0,0,0,0,0,0,0,0,0,0,0,0,0,0,0
52,50,54,17,19,15,11,8,7,37,39,75,0,0,0,0,0,0,0
52,50,56,62,0,0,0,0,0,0,0,0,0,0,0,0,0,0,0
52,50,56,63,69,0,0,0,0,0,0,0,0,0,0,0,0,0,0
53,57,43,26,23,11,10,34,42,73,75,0,0,0,0,0,0,0,0
53,57,46,69,0,0,0,0,0,0,0,0,0,0,0,0,0,0,0
53,59,60,55,47,19,14,3,2,7,37,39,75,0,0,0,0,0,0
53,59,62,0,0,0,0,0,0,0,0,0,0,0,0,0,0,0,0
53,59,63,69,0,0,0,0,0,0,0,0,0,0,0,0,0,0,0
51,28,46,0,0,0,0,0,0,0,0,0,0,0,0,0,0,0,0
52,50,56,63,0,0,0,0,0,0,0,0,0,0,0,0,0,0,0
53,57,43,26,23,11,10,34,42,72,0,0,0,0,0,0,0,0,0
53,57,46,0,0,0,0,0,0,0,0,0,0,0,0,0,0,0,0
53,59,62,65,0,0,0,0,0,0,0,0,0,0,0,0,0,0,0
53,59,63,0,0,0,0,0,0,0,0,0,0,0,0,0,0,0,0
51,28,46,70,0,0,0,0,0,0,0,0,0,0,0,0,0,0,0
52,48,26,23,12,14,3,2,6,10,34,42,0,0,0,0,0,0,0
52,50,56,61,57,44,42,0,0,0,0,0,0,0,0,0,0,0,0
52,50,56,62,66,76,0,0,0,0,0,0,0,0,0,0,0,0,0
52,50,56,63,67,44,42,0,0,0,0,0,0,0,0,0,0,0,0
52,50,56,63,70,0,0,0,0,0,0,0,0,0,0,0,0,0,0
53,57,43,26,23,11,10,34,42,0,0,0,0,0,0,0,0,0,0
53,57,44,42,0,0,0,0,0,0,0,0,0,0,0,0,0,0,0
53,57,46,70,0,0,0,0,0,0,0,0,0,0,0,0,0,0,0
53,59,60,55,47,19,14,3,2,7,37,39,76,0,0,0,0,0,0
53,59,62,65,70,0,0,0,0,0,0,0,0,0,0,0,0,0,0
53,59,63,70,0,0,0,0,0,0,0,0,0,0,0,0,0,0,0
51,26,23,11,8,7,37,39,0,0,0,0,0,0,0,0,0,0,0
51,26,23,12,14,3,2,7,37,39,0,0,0,0,0,0,0,0,0
51,26,24,19,15,11,8,7,37,39,0,0,0,0,0,0,0,0,0
51,27,31,8,7,37,39,0,0,0,0,0,0,0,0,0,0,0,0
51,27,33,37,39,0,0,0,0,0,0,0,0,0,0,0,0,0,0
51,28,46,68,62,66,0,0,0,0,0,0,0,0,0,0,0,0,0
51,28,46,69,66,0,0,0,0,0,0,0,0,0,0,0,0,0,0
52,47,19,15,11,8,7,37,39,0,0,0,0,0,0,0,0,0,0
52,48,26,23,12,14,3,2,7,37,39,0,0,0,0,0,0,0,0
52,50,54,17,19,15,11,8,7,37,39,0,0,0,0,0,0,0,0
52,50,56,62,66,0,0,0,0,0,0,0,0,0,0,0,0,0,0
52,50,56,63,69,66,0,0,0,0,0,0,0,0,0,0,0,0,0
53,57,43,26,23,11,10,34,42,73,0,0,0,0,0,0,0,0,0
53,57,44,42,73,0,0,0,0,0,0,0,0,0,0,0,0,0,0
53,57,46,69,66,0,0,0,0,0,0,0,0,0,0,0,0,0,0
53,57,46,70,73,0,0,0,0,0,0,0,0,0,0,0,0,0,0
53,59,60,55,47,19,14,3,2,7,37,39,0,0,0,0,0,0,0
53,59,62,65,70,73,0,0,0,0,0,0,0,0,0,0,0,0,0
53,59,62,66,0,0,0,0,0,0,0,0,0,0,0,0,0,0,0
53,59,63,70,73,0,0,0,0,0,0,0,0,0,0,0,0,0,0
54,17,19,14,3,0,0,0,0,0,0,0,0,0,0,0,0,0,0
54,17,19,15,11,8,5,0,0,0,0,0,0,0,0,0,0,0,0
54,17,21,23,11,8,5,0,0,0,0,0,0,0,0,0,0,0,0
54,17,21,25,27,31,8,5,0,0,0,0,0,0,0,0,0,0,0
55,47,19,14,3,0,0,0,0,0,0,0,0,0,0,0,0,0,0
55,47,19,15,11,8,5,0,0,0,0,0,0,0,0,0,0,0,0
55,47,21,23,11,8,5,0,0,0,0,0,0,0,0,0,0,0,0
55,48,26,23,11,8,5,0,0,0,0,0,0,0,0,0,0,0,0
55,48,26,23,12,14,3,0,0,0,0,0,0,0,0,0,0,0,0
55,48,27,31,8,5,0,0,0,0,0,0,0,0,0,0,0,0,0
55,48,27,33,35,5,0,0,0,0,0,0,0,0,0,0,0,0,0
55,49,51,27,31,9,12,14,3,0,0,0,0,0,0,0,0,0,0
55,49,51,27,33,35,5,0,0,0,0,0,0,0,0,0,0,0,0
56,61,57,43,26,23,11,8,5,0,0,0,0,0,0,0,0,0,0
56,61,57,43,27,31,8,5,0,0,0,0,0,0,0,0,0,0,0
56,62,65,67,43,27,31,8,5,0,0,0,0,0,0,0,0,0,0
56,62,66,74,38,35,6,9,12,14,3,0,0,0,0,0,0,0,0
56,63,67,43,27,33,35,5,0,0,0,0,0,0,0,0,0,0,0
56,63,70,71,40,31,8,5,0,0,0,0,0,0,0,0,0,0,0
56,63,70,71,41,43,27,33,35,5,0,0,0,0,0,0,0,0,0
54,17,19,14,3,2,6,0,0,0,0,0,0,0,0,0,0,0,0
54,17,19,15,11,0,0,0,0,0,0,0,0,0,0,0,0,0,0
54,17,21,23,11,0,0,0,0,0,0,0,0,0,0,0,0,0,0
54,17,21,25,27,31,0,0,0,0,0,0,0,0,0,0,0,0,0
55,47,19,14,3,2,6,0,0,0,0,0,0,0,0,0,0,0,0
55,47,19,15,11,0,0,0,0,0,0,0,0,0,0,0,0,0,0
55,47,21,23,11,0,0,0,0,0,0,0,0,0,0,0,0,0,0
55,48,26,23,11,0,0,0,0,0,0,0,0,0,0,0,0,0,0
55,48,26,23,12,14,3,2,6,0,0,0,0,0,0,0,0,0,0
55,48,27,31,0,0,0,0,0,0,0,0,0,0,0,0,0,0,0
55,48,27,33,35,6,0,0,0,0,0,0,0,0,0,0,0,0,0
55,49,51,27,31,0,0,0,0,0,0,0,0,0,0,0,0,0,0
55,49,51,27,33,35,6,0,0,0,0,0,0,0,0,0,0,0,0
56,61,57,43,26,23,11,0,0,0,0,0,0,0,0,0,0,0,0
56,61,57,43,27,31,0,0,0,0,0,0,0,0,0,0,0,0,0
56,62,65,67,43,27,31,0,0,0,0,0,0,0,0,0,0,0,0
56,62,66,74,38,35,6,0,0,0,0,0,0,0,0,0,0,0,0
56,63,67,43,27,31,0,0,0,0,0,0,0,0,0,0,0,0,0
56,63,69,66,74,38,36,31,0,0,0,0,0,0,0,0,0,0,0
56,63,70,71,40,31,0,0,0,0,0,0,0,0,0,0,0,0,0
56,63,70,71,41,43,27,31,0,0,0,0,0,0,0,0,0,0,0
54,17,19,0,0,0,0,0,0,0,0,0,0,0,0,0,0,0,0
54,17,21,23,11,8,5,1,4,0,0,0,0,0,0,0,0,0,0
54,17,21,23,12,0,0,0,0,0,0,0,0,0,0,0,0,0,0
54,17,21,25,27,31,8,5,1,4,0,0,0,0,0,0,0,0,0
55,47,19,0,0,0,0,0,0,0,0,0,0,0,0,0,0,0,0
55,47,21,23,12,0,0,0,0,0,0,0,0,0,0,0,0,0,0
55,48,26,23,12,0,0,0,0,0,0,0,0,0,0,0,0,0,0
55,48,27,31,9,12,0,0,0,0,0,0,0,0,0,0,0,0,0
55,48,27,33,35,5,1,4,0,0,0,0,0,0,0,0,0,0,0
55,49,51,27,31,9,12,0,0,0,0,0,0,0,0,0,0,0,0
55,49,51,27,33,35,5,1,4,0,0,0,0,0,0,0,0,0,0
56,61,57,43,26,23,11,8,5,1,4,0,0,0,0,0,0,0,0
56,61,57,43,26,23,12,0,0,0,0,0,0,0,0,0,0,0,0
56,62,65,67,43,27,31,8,5,1,4,0,0,0,0,0,0,0,0
56,62,66,74,38,35,6,9,12,0,0,0,0,0,0,0,0,0,0
56,63,67,43,27,31,9,12,0,0,0,0,0,0,0,0,0,0,0
56,63,70,71,40,31,8,5,1,4,0,0,0,0,0,0,0,0,0
56,63,70,71,41,43,27,31,9,12,0,0,0,0,0,0,0,0,0
54,0,0,0,0,0,0,0,0,0,0,0,0,0,0,0,0,0,0
54,17,0,0,0,0,0,0,0,0,0,0,0,0,0,0,0,0,0
55,47,0,0,0,0,0,0,0,0,0,0,0,0,0,0,0,0,0
55,48,26,24,0,0,0,0,0,0,0,0,0,0,0,0,0,0,0
55,49,51,27,31,9,12,16,0,0,0,0,0,0,0,0,0,0,0
56,61,57,43,26,23,12,16,0,0,0,0,0,0,0,0,0,0,0
56,62,66,74,38,35,6,9,13,24,0,0,0,0,0,0,0,0,0
56,63,67,43,26,24,0,0,0,0,0,0,0,0,0,0,0,0,0
56,63,70,71,41,43,26,24,0,0,0,0,0,0,0,0,0,0,0
54,17,19,14,3,2,6,9,13,0,0,0,0,0,0,0,0,0,0
54,17,19,15,11,10,32,26,0,0,0,0,0,0,0,0,0,0,0
54,17,19,15,13,0,0,0,0,0,0,0,0,0,0,0,0,0,0
54,17,21,0,0,0,0,0,0,0,0,0,0,0,0,0,0,0,0
55,47,21,0,0,0,0,0,0,0,0,0,0,0,0,0,0,0,0
55,48,26,0,0,0,0,0,0,0,0,0,0,0,0,0,0,0,0
55,49,51,26,0,0,0,0,0,0,0,0,0,0,0,0,0,0,0
55,49,51,27,31,9,13,0,0,0,0,0,0,0,0,0,0,0,0
56,61,57,43,26,0,0,0,0,0,0,0,0,0,0,0,0,0,0
56,62,65,67,43,26,0,0,0,0,0,0,0,0,0,0,0,0,0
56,62,66,74,38,35,6,9,13,0,0,0,0,0,0,0,0,0,0
56,63,67,43,26,0,0,0,0,0,0,0,0,0,0,0,0,0,0
56,63,69,66,74,38,36,32,26,0,0,0,0,0,0,0,0,0,0
56,63,70,71,41,43,26,0,0,0,0,0,0,0,0,0,0,0,0
54,17,19,15,11,10,32,0,0,0,0,0,0,0,0,0,0,0,0
54,17,19,15,13,25,0,0,0,0,0,0,0,0,0,0,0,0,0
54,17,21,25,0,0,0,0,0,0,0,0,0,0,0,0,0,0,0
55,47,21,25,0,0,0,0,0,0,0,0,0,0,0,0,0,0,0
55,48,0,0,0,0,0,0,0,0,0,0,0,0,0,0,0,0,0
55,49,51,0,0,0,0,0,0,0,0,0,0,0,0,0,0,0,0
56,61,57,43,0,0,0,0,0,0,0,0,0,0,0,0,0,0,0
56,61,58,51,0,0,0,0,0,0,0,0,0,0,0,0,0,0,0
56,62,65,67,43,0,0,0,0,0,0,0,0,0,0,0,0,0,0
56,62,66,74,38,35,6,9,13,25,0,0,0,0,0,0,0,0,0
56,63,67,43,0,0,0,0,0,0,0,0,0,0,0,0,0,0,0
56,63,69,66,74,38,36,32,0,0,0,0,0,0,0,0,0,0,0
56,63,70,71,41,43,0,0,0,0,0,0,0,0,0,0,0,0,0
54,17,19,14,3,2,6,10,0,0,0,0,0,0,0,0,0,0,0
54,17,19,14,3,2,7,36,0,0,0,0,0,0,0,0,0,0,0
54,17,19,15,11,8,7,36,0,0,0,0,0,0,0,0,0,0,0
54,17,19,15,11,10,0,0,0,0,0,0,0,0,0,0,0,0,0
54,17,21,23,11,8,7,36,0,0,0,0,0,0,0,0,0,0,0
54,17,21,23,11,10,0,0,0,0,0,0,0,0,0,0,0,0,0
54,17,21,25,27,0,0,0,0,0,0,0,0,0,0,0,0,0,0
55,47,21,25,27,0,0,0,0,0,0,0,0,0,0,0,0,0,0
55,48,26,23,11,10,0,0,0,0,0,0,0,0,0,0,0,0,0
55,48,26,23,12,14,3,2,6,10,0,0,0,0,0,0,0,0,0
55,48,27,0,0,0,0,0,0,0,0,0,0,0,0,0,0,0,0
55,49,51,27,0,0,0,0,0,0,0,0,0,0,0,0,0,0,0
56,61,57,43,27,0,0,0,0,0,0,0,0,0,0,0,0,0,0
56,62,65,67,43,27,0,0,0,0,0,0,0,0,0,0,0,0,0
56,62,66,74,38,35,6,9,13,25,27,0,0,0,0,0,0,0,0
56,63,67,43,27,0,0,0,0,0,0,0,0,0,0,0,0,0,0
56,63,69,66,74,38,36,0,0,0,0,0,0,0,0,0,0,0,0
56,63,70,71,40,0,0,0,0,0,0,0,0,0,0,0,0,0,0
56,63,70,71,41,43,27,0,0,0,0,0,0,0,0,0,0,0,0
54,17,19,14,3,2,7,0,0,0,0,0,0,0,0,0,0,0,0
54,17,19,15,11,8,7,0,0,0,0,0,0,0,0,0,0,0,0
54,17,21,23,11,8,7,0,0,0,0,0,0,0,0,0,0,0,0
54,17,21,25,27,31,8,7,0,0,0,0,0,0,0,0,0,0,0
55,47,19,14,3,2,7,0,0,0,0,0,0,0,0,0,0,0,0
55,47,19,15,11,8,7,0,0,0,0,0,0,0,0,0,0,0,0
55,47,21,23,11,8,7,0,0,0,0,0,0,0,0,0,0,0,0
55,48,26,23,11,8,7,0,0,0,0,0,0,0,0,0,0,0,0
55,48,26,23,11,10,33,0,0,0,0,0,0,0,0,0,0,0,0
55,48,26,23,12,14,3,2,7,0,0,0,0,0,0,0,0,0,0
55,48,27,31,8,7,0,0,0,0,0,0,0,0,0,0,0,0,0
55,48,27,33,0,0,0,0,0,0,0,0,0,0,0,0,0,0,0
55,49,51,27,31,8,7,0,0,0,0,0,0,0,0,0,0,0,0
55,49,51,27,33,0,0,0,0,0,0,0,0,0,0,0,0,0,0
56,61,57,43,27,33,0,0,0,0,0,0,0,0,0,0,0,0,0
56,62,65,67,43,27,31,8,7,0,0,0,0,0,0,0,0,0,0
56,62,65,70,73,74,38,0,0,0,0,0,0,0,0,0,0,0,0
56,62,66,74,38,0,0,0,0,0,0,0,0,0,0,0,0,0,0
56,63,67,43,27,33,0,0,0,0,0,0,0,0,0,0,0,0,0
56,63,69,66,74,38,0,0,0,0,0,0,0,0,0,0,0,0,0
56,63,70,71,41,43,27,33,0,0,0,0,0,0,0,0,0,0,0
56,63,70,73,74,38,0,0,0,0,0,0,0,0,0,0,0,0,0
54,17,19,14,3,2,7,37,0,0,0,0,0,0,0,0,0,0,0
54,17,19,15,11,8,7,37,0,0,0,0,0,0,0,0,0,0,0
54,17,21,23,11,8,7,37,0,0,0,0,0,0,0,0,0,0,0
54,17,21,25,27,31,8,7,37,0,0,0,0,0,0,0,0,0,0
55,47,19,14,3,2,7,37,0,0,0,0,0,0,0,0,0,0,0
55,47,19,15,11,8,7,37,0,0,0,0,0,0,0,0,0,0,0
55,48,26,23,11,8,7,37,0,0,0,0,0,0,0,0,0,0,0
55,48,26,23,11,10,33,37,0,0,0,0,0,0,0,0,0,0,0
55,48,26,23,12,14,3,2,7,37,0,0,0,0,0,0,0,0,0
55,48,27,31,8,7,37,0,0,0,0,0,0,0,0,0,0,0,0
55,48,27,33,37,0,0,0,0,0,0,0,0,0,0,0,0,0,0
55,49,51,27,31,8,7,37,0,0,0,0,0,0,0,0,0,0,0
55,49,51,27,33,37,0,0,0,0,0,0,0,0,0,0,0,0,0
56,62,65,67,43,27,31,8,7,37,0,0,0,0,0,0,0,0,0
56,62,65,70,73,74,0,0,0,0,0,0,0,0,0,0,0,0,0
56,62,66,74,0,0,0,0,0,0,0,0,0,0,0,0,0,0,0
56,63,69,66,74,0,0,0,0,0,0,0,0,0,0,0,0,0,0
56,63,70,73,74,0,0,0,0,0,0,0,0,0,0,0,0,0,0
54,17,19,15,11,10,34,0,0,0,0,0,0,0,0,0,0,0,0
54,17,21,23,11,10,34,0,0,0,0,0,0,0,0,0,0,0,0
54,17,21,25,28,44,0,0,0,0,0,0,0,0,0,0,0,0,0
54,17,21,25,28,46,70,71,0,0,0,0,0,0,0,0,0,0,0
55,47,19,14,3,2,7,37,39,76,71,0,0,0,0,0,0,0,0
55,48,26,23,11,10,34,0,0,0,0,0,0,0,0,0,0,0,0
55,48,26,23,12,14,3,2,6,10,34,0,0,0,0,0,0,0,0
55,48,27,34,0,0,0,0,0,0,0,0,0,0,0,0,0,0,0
55,48,28,46,70,71,0,0,0,0,0,0,0,0,0,0,0,0,0
55,49,51,28,44,0,0,0,0,0,0,0,0,0,0,0,0,0,0
55,49,53,57,44,0,0,0,0,0,0,0,0,0,0,0,0,0,0
56,61,57,44,0,0,0,0,0,0,0,0,0,0,0,0,0,0,0
56,61,57,46,70,71,0,0,0,0,0,0,0,0,0,0,0,0,0
56,62,65,70,71,0,0,0,0,0,0,0,0,0,0,0,0,0,0
56,62,66,74,38,35,6,9,13,25,28,44,0,0,0,0,0,0,0
56,63,67,44,0,0,0,0,0,0,0,0,0,0,0,0,0,0,0
56,63,70,71,0,0,0,0,0,0,0,0,0,0,0,0,0,0,0
54,17,19,15,11,10,32,28,0,0,0,0,0,0,0,0,0,0,0
54,17,21,25,28,0,0,0,0,0,0,0,0,0,0,0,0,0,0
55,48,28,0,0,0,0,0,0,0,0,0,0,0,0,0,0,0,0
55,48,30,53,57,0,0,0,0,0,0,0,0,0,0,0,0,0,0
55,49,51,28,0,0,0,0,0,0,0,0,0,0,0,0,0,0,0
55,49,53,57,0,0,0,0,0,0,0,0,0,0,0,0,0,0,0
56,61,57,0,0,0,0,0,0,0,0,0,0,0,0,0,0,0,0
56,62,65,67,0,0,0,0,0,0,0,0,0,0,0,0,0,0,0
56,62,66,74,38,35,6,9,13,25,28,0,0,0,0,0,0,0,0
56,63,67,0,0,0,0,0,0,0,0,0,0,0,0,0,0,0,0
56,63,70,71,41,0,0,0,0,0,0,0,0,0,0,0,0,0,0
54,17,22,0,0,0,0,0,0,0,0,0,0,0,0,0,0,0,0
55,0,0,0,0,0,0,0,0,0,0,0,0,0,0,0,0,0,0
56,63,70,71,41,43,29,0,0,0,0,0,0,0,0,0,0,0,0
54,17,21,25,30,0,0,0,0,0,0,0,0,0,0,0,0,0,0
54,17,22,49,0,0,0,0,0,0,0,0,0,0,0,0,0,0,0
55,48,30,0,0,0,0,0,0,0,0,0,0,0,0,0,0,0,0
55,49,0,0,0,0,0,0,0,0,0,0,0,0,0,0,0,0,0
56,61,58,0,0,0,0,0,0,0,0,0,0,0,0,0,0,0,0
56,62,65,67,43,30,0,0,0,0,0,0,0,0,0,0,0,0,0
56,63,67,45,58,0,0,0,0,0,0,0,0,0,0,0,0,0,0
56,63,70,71,41,45,58,0,0,0,0,0,0,0,0,0,0,0,0
54,17,21,25,28,45,0,0,0,0,0,0,0,0,0,0,0,0,0
54,17,21,25,28,46,68,61,0,0,0,0,0,0,0,0,0,0,0
54,17,22,49,53,0,0,0,0,0,0,0,0,0,0,0,0,0,0
55,48,28,45,0,0,0,0,0,0,0,0,0,0,0,0,0,0,0
55,48,30,53,0,0,0,0,0,0,0,0,0,0,0,0,0,0,0
55,49,53,0,0,0,0,0,0,0,0,0,0,0,0,0,0,0,0
56,61,0,0,0,0,0,0,0,0,0,0,0,0,0,0,0,0,0
56,62,65,67,45,0,0,0,0,0,0,0,0,0,0,0,0,0,0
56,63,67,45,0,0,0,0,0,0,0,0,0,0,0,0,0,0,0
56,63,70,71,41,45,0,0,0,0,0,0,0,0,0,0,0,0,0
54,17,21,25,28,46,68,0,0,0,0,0,0,0,0,0,0,0,0
56,0,0,0,0,0,0,0,0,0,0,0,0,0,0,0,0,0,0
54,17,19,15,11,8,7,37,39,75,0,0,0,0,0,0,0,0,0
54,17,21,25,28,46,68,62,0,0,0,0,0,0,0,0,0,0,0
55,47,19,14,3,2,7,37,39,75,0,0,0,0,0,0,0,0,0
55,48,26,23,11,10,34,42,73,75,0,0,0,0,0,0,0,0,0
56,62,0,0,0,0,0,0,0,0,0,0,0,0,0,0,0,0,0
56,63,69,0,0,0,0,0,0,0,0,0,0,0,0,0,0,0,0
56,63,70,73,75,0,0,0,0,0,0,0,0,0,0,0,0,0,0
54,17,21,25,28,46,0,0,0,0,0,0,0,0,0,0,0,0,0
55,47,19,14,3,2,7,37,39,76,72,0,0,0,0,0,0,0,0
55,48,26,23,11,10,34,42,72,0,0,0,0,0,0,0,0,0,0
55,48,28,46,0,0,0,0,0,0,0,0,0,0,0,0,0,0,0
56,61,57,46,0,0,0,0,0,0,0,0,0,0,0,0,0,0,0
56,62,65,0,0,0,0,0,0,0,0,0,0,0,0,0,0,0,0
56,63,0,0,0,0,0,0,0,0,0,0,0,0,0,0,0,0,0
54,17,21,25,28,46,70,0,0,0,0,0,0,0,0,0,0,0,0
55,47,19,14,3,2,7,37,39,76,0,0,0,0,0,0,0,0,0
55,48,26,23,11,10,34,42,0,0,0,0,0,0,0,0,0,0,0
55,48,26,23,12,14,3,2,6,10,34,42,0,0,0,0,0,0,0
55,48,28,46,70,0,0,0,0,0,0,0,0,0,0,0,0,0,0
56,61,57,44,42,0,0,0,0,0,0,0,0,0,0,0,0,0,0
56,61,57,46,70,0,0,0,0,0,0,0,0,0,0,0,0,0,0
56,62,65,70,0,0,0,0,0,0,0,0,0,0,0,0,0,0,0
56,62,66,76,0,0,0,0,0,0,0,0,0,0,0,0,0,0,0
56,63,67,44,42,0,0,0,0,0,0,0,0,0,0,0,0,0,0
56,63,69,66,76,0,0,0,0,0,0,0,0,0,0,0,0,0,0
56,63,70,0,0,0,0,0,0,0,0,0,0,0,0,0,0,0,0
57,43,26,23,11,8,5,0,0,0,0,0,0,0,0,0,0,0,0
57,43,26,23,12,14,3,0,0,0,0,0,0,0,0,0,0,0,0
57,43,26,24,19,14,3,0,0,0,0,0,0,0,0,0,0,0,0
57,43,26,24,19,15,11,8,5,0,0,0,0,0,0,0,0,0,0
57,43,27,31,8,5,0,0,0,0,0,0,0,0,0,0,0,0,0
57,43,27,33,35,5,0,0,0,0,0,0,0,0,0,0,0,0,0
58,51,26,23,11,8,5,0,0,0,0,0,0,0,0,0,0,0,0
58,51,26,23,12,14,3,0,0,0,0,0,0,0,0,0,0,0,0
58,51,27,31,8,5,0,0,0,0,0,0,0,0,0,0,0,0,0
58,51,27,31,9,12,14,3,0,0,0,0,0,0,0,0,0,0,0
58,51,27,33,35,5,0,0,0,0,0,0,0,0,0,0,0,0,0
58,51,28,46,68,60,54,17,21,23,11,8,5,0,0,0,0,0,0
58,52,47,19,14,3,0,0,0,0,0,0,0,0,0,0,0,0,0
58,52,48,26,23,12,14,3,0,0,0,0,0,0,0,0,0,0,0
58,52,48,27,33,35,5,0,0,0,0,0,0,0,0,0,0,0,0
59,60,54,17,19,14,3,0,0,0,0,0,0,0,0,0,0,0,0
59,60,55,47,19,14,3,0,0,0,0,0,0,0,0,0,0,0,0
59,60,55,48,27,31,8,5,0,0,0,0,0,0,0,0,0,0,0
59,62,65,70,71,40,31,8,5,0,0,0,0,0,0,0,0,0,0
59,62,66,74,38,35,6,9,12,14,3,0,0,0,0,0,0,0,0
59,63,70,73,74,38,35,5,0,0,0,0,0,0,0,0,0,0,0
57,43,26,23,11,8,5,1,0,0,0,0,0,0,0,0,0,0,0
57,43,26,23,12,14,0,0,0,0,0,0,0,0,0,0,0,0,0
57,43,26,24,19,14,0,0,0,0,0,0,0,0,0,0,0,0,0
57,43,26,24,19,15,11,8,5,1,0,0,0,0,0,0,0,0,0
57,43,27,31,8,5,1,0,0,0,0,0,0,0,0,0,0,0,0
57,43,27,33,35,5,1,0,0,0,0,0,0,0,0,0,0,0,0
58,51,26,23,11,8,5,1,0,0,0,0,0,0,0,0,0,0,0
58,51,26,23,12,14,0,0,0,0,0,0,0,0,0,0,0,0,0
58,51,27,31,8,5,1,0,0,0,0,0,0,0,0,0,0,0,0
58,51,27,31,9,12,14,0,0,0,0,0,0,0,0,0,0,0,0
58,51,27,33,35,5,1,0,0,0,0,0,0,0,0,0,0,0,0
58,51,28,46,68,60,54,17,21,23,12,14,0,0,0,0,0,0,0
58,52,47,19,14,0,0,0,0,0,0,0,0,0,0,0,0,0,0
58,52,48,26,23,12,14,0,0,0,0,0,0,0,0,0,0,0,0
58,52,48,27,33,35,5,1,0,0,0,0,0,0,0,0,0,0,0
59,60,54,17,19,14,0,0,0,0,0,0,0,0,0,0,0,0,0
59,60,55,47,19,14,0,0,0,0,0,0,0,0,0,0,0,0,0
59,60,55,48,27,31,8,5,1,0,0,0,0,0,0,0,0,0,0
59,62,65,70,71,40,31,8,5,1,0,0,0,0,0,0,0,0,0
59,62,66,74,38,35,6,9,12,14,0,0,0,0,0,0,0,0,0
57,43,26,23,11,0,0,0,0,0,0,0,0,0,0,0,0,0,0
57,43,26,23,12,14,3,2,6,0,0,0,0,0,0,0,0,0,0
57,43,26,24,19,14,3,2,6,0,0,0,0,0,0,0,0,0,0
57,43,26,24,19,15,11,0,0,0,0,0,0,0,0,0,0,0,0
57,43,27,31,0,0,0,0,0,0,0,0,0,0,0,0,0,0,0
57,43,27,33,35,6,0,0,0,0,0,0,0,0,0,0,0,0,0
58,51,26,23,11,0,0,0,0,0,0,0,0,0,0,0,0,0,0
58,51,27,31,0,0,0,0,0,0,0,0,0,0,0,0,0,0,0
58,51,27,33,35,6,0,0,0,0,0,0,0,0,0,0,0,0,0
58,51,28,46,68,60,54,17,21,23,11,0,0,0,0,0,0,0,0
58,52,47,19,15,11,0,0,0,0,0,0,0,0,0,0,0,0,0
58,52,48,26,23,12,14,3,2,6,0,0,0,0,0,0,0,0,0
58,52,48,27,31,0,0,0,0,0,0,0,0,0,0,0,0,0,0
59,60,54,17,19,14,3,2,6,0,0,0,0,0,0,0,0,0,0
59,60,54,17,19,15,11,0,0,0,0,0,0,0,0,0,0,0,0
59,60,54,17,21,23,11,0,0,0,0,0,0,0,0,0,0,0,0
59,60,55,47,19,14,3,2,6,0,0,0,0,0,0,0,0,0,0
59,60,55,47,19,15,11,0,0,0,0,0,0,0,0,0,0,0,0
59,60,55,48,26,23,11,0,0,0,0,0,0,0,0,0,0,0,0
59,60,55,48,27,31,0,0,0,0,0,0,0,0,0,0,0,0,0
59,62,65,70,71,40,31,0,0,0,0,0,0,0,0,0,0,0,0
59,62,66,74,38,35,6,0,0,0,0,0,0,0,0,0,0,0,0
57,43,26,23,0,0,0,0,0,0,0,0,0,0,0,0,0,0,0
57,43,26,24,19,15,0,0,0,0,0,0,0,0,0,0,0,0,0
57,43,27,31,9,0,0,0,0,0,0,0,0,0,0,0,0,0,0
57,43,27,33,35,6,9,0,0,0,0,0,0,0,0,0,0,0,0
58,51,26,23,0,0,0,0,0,0,0,0,0,0,0,0,0,0,0
58,51,27,31,9,0,0,0,0,0,0,0,0,0,0,0,0,0,0
58,51,27,33,35,6,9,0,0,0,0,0,0,0,0,0,0,0,0
58,51,28,46,68,60,54,17,21,23,0,0,0,0,0,0,0,0,0
58,52,47,19,15,0,0,0,0,0,0,0,0,0,0,0,0,0,0
58,52,48,26,23,0,0,0,0,0,0,0,0,0,0,0,0,0,0
58,52,48,27,31,9,0,0,0,0,0,0,0,0,0,0,0,0,0
59,60,54,17,19,14,3,2,6,9,0,0,0,0,0,0,0,0,0
59,60,54,17,19,15,0,0,0,0,0,0,0,0,0,0,0,0,0
59,60,54,17,21,23,0,0,0,0,0,0,0,0,0,0,0,0,0
59,60,55,47,19,14,3,2,6,9,0,0,0,0,0,0,0,0,0
59,60,55,47,19,15,0,0,0,0,0,0,0,0,0,0,0,0,0
59,60,55,48,26,23,0,0,0,0,0,0,0,0,0,0,0,0,0
59,60,55,48,27,31,9,0,0,0,0,0,0,0,0,0,0,0,0
59,62,65,70,71,40,31,9,0,0,0,0,0,0,0,0,0,0,0
59,62,66,74,38,35,6,9,0,0,0,0,0,0,0,0,0,0,0
57,43,26,23,11,8,5,1,4,0,0,0,0,0,0,0,0,0,0
57,43,26,23,12,0,0,0,0,0,0,0,0,0,0,0,0,0,0
57,43,26,24,19,0,0,0,0,0,0,0,0,0,0,0,0,0,0
57,43,27,31,8,5,1,4,0,0,0,0,0,0,0,0,0,0,0
57,43,27,31,9,12,0,0,0,0,0,0,0,0,0,0,0,0,0
57,43,27,33,35,5,1,4,0,0,0,0,0,0,0,0,0,0,0
58,51,26,23,11,8,5,1,4,0,0,0,0,0,0,0,0,0,0
58,51,26,23,12,0,0,0,0,0,0,0,0,0,0,0,0,0,0
58,51,27,31,8,5,1,4,0,0,0,0,0,0,0,0,0,0,0
58,51,27,31,9,12,0,0,0,0,0,0,0,0,0,0,0,0,0
58,51,27,33,35,5,1,4,0,0,0,0,0,0,0,0,0,0,0
58,51,28,46,68,60,54,17,21,23,12,0,0,0,0,0,0,0,0
58,52,47,19,0,0,0,0,0,0,0,0,0,0,0,0,0,0,0
58,52,48,26,23,12,0,0,0,0,0,0,0,0,0,0,0,0,0
58,52,48,27,31,9,12,0,0,0,0,0,0,0,0,0,0,0,0
59,60,54,17,19,0,0,0,0,0,0,0,0,0,0,0,0,0,0
59,60,55,47,19,0,0,0,0,0,0,0,0,0,0,0,0,0,0
59,60,55,48,27,31,9,12,0,0,0,0,0,0,0,0,0,0,0
59,62,65,70,71,40,31,8,5,1,4,0,0,0,0,0,0,0,0
59,62,66,74,38,35,6,9,12,0,0,0,0,0,0,0,0,0,0
57,43,26,24,20,0,0,0,0,0,0,0,0,0,0,0,0,0,0
57,43,29,50,54,0,0,0,0,0,0,0,0,0,0,0,0,0,0
57,43,30,52,47,20,0,0,0,0,0,0,0,0,0,0,0,0,0
57,46,68,60,54,0,0,0,0,0,0,0,0,0,0,0,0,0,0
57,46,69,64,60,54,0,0,0,0,0,0,0,0,0,0,0,0,0
58,51,28,46,68,60,54,0,0,0,0,0,0,0,0,0,0,0,0
58,52,47,20,0,0,0,0,0,0,0,0,0,0,0,0,0,0,0
58,52,50,54,0,0,0,0,0,0,0,0,0,0,0,0,0,0,0
59,60,54,0,0,0,0,0,0,0,0,0,0,0,0,0,0,0,0
57,43,26,23,12,16,0,0,0,0,0,0,0,0,0,0,0,0,0
57,43,26,24,0,0,0,0,0,0,0,0,0,0,0,0,0,0,0
57,43,30,52,47,0,0,0,0,0,0,0,0,0,0,0,0,0,0
57,46,68,60,54,17,0,0,0,0,0,0,0,0,0,0,0,0,0
58,51,26,24,0,0,0,0,0,0,0,0,0,0,0,0,0,0,0
58,51,27,31,9,12,16,0,0,0,0,0,0,0,0,0,0,0,0
58,51,28,46,68,60,54,17,0,0,0,0,0,0,0,0,0,0,0
58,52,47,0,0,0,0,0,0,0,0,0,0,0,0,0,0,0,0
58,52,48,26,24,0,0,0,0,0,0,0,0,0,0,0,0,0,0
59,60,54,17,0,0,0,0,0,0,0,0,0,0,0,0,0,0,0
59,60,55,47,0,0,0,0,0,0,0,0,0,0,0,0,0,0,0
59,62,66,74,38,35,6,9,13,24,0,0,0,0,0,0,0,0,0
57,43,26,0,0,0,0,0,0,0,0,0,0,0,0,0,0,0,0
58,51,26,0,0,0,0,0,0,0,0,0,0,0,0,0,0,0,0
58,51,27,31,9,13,0,0,0,0,0,0,0,0,0,0,0,0,0
58,51,28,46,68,60,54,17,21,0,0,0,0,0,0,0,0,0,0
58,52,48,26,0,0,0,0,0,0,0,0,0,0,0,0,0,0,0
59,60,54,17,21,0,0,0,0,0,0,0,0,0,0,0,0,0,0
59,60,55,47,21,0,0,0,0,0,0,0,0,0,0,0,0,0,0
59,60,55,48,26,0,0,0,0,0,0,0,0,0,0,0,0,0,0
59,62,66,74,38,35,6,9,13,0,0,0,0,0,0,0,0,0,0
57,43,0,0,0,0,0,0,0,0,0,0,0,0,0,0,0,0,0
58,51,0,0,0,0,0,0,0,0,0,0,0,0,0,0,0,0,0
58,52,48,0,0,0,0,0,0,0,0,0,0,0,0,0,0,0,0
59,60,54,17,21,25,0,0,0,0,0,0,0,0,0,0,0,0,0
59,60,55,47,21,25,0,0,0,0,0,0,0,0,0,0,0,0,0
59,60,55,48,0,0,0,0,0,0,0,0,0,0,0,0,0,0,0
59,62,66,74,38,35,6,9,13,25,0,0,0,0,0,0,0,0,0
57,43,26,23,11,10,0,0,0,0,0,0,0,0,0,0,0,0,0
57,43,27,0,0,0,0,0,0,0,0,0,0,0,0,0,0,0,0
57,44,40,0,0,0,0,0,0,0,0,0,0,0,0,0,0,0,0
57,44,42,73,74,38,36,0,0,0,0,0,0,0,0,0,0,0,0
58,51,27,0,0,0,0,0,0,0,0,0,0,0,0,0,0,0,0
58,51,28,44,40,0,0,0,0,0,0,0,0,0,0,0,0,0,0
58,52,48,26,23,12,14,3,2,6,10,0,0,0,0,0,0,0,0
58,52,48,27,0,0,0,0,0,0,0,0,0,0,0,0,0,0,0
59,60,54,17,21,25,27,0,0,0,0,0,0,0,0,0,0,0,0
59,60,55,47,21,25,27,0,0,0,0,0,0,0,0,0,0,0,0
59,60,55,48,27,0,0,0,0,0,0,0,0,0,0,0,0,0,0
59,62,65,70,71,40,0,0,0,0,0,0,0,0,0,0,0,0,0
59,62,66,74,38,35,6,9,13,25,27,0,0,0,0,0,0,0,0
57,43,26,23,11,8,7,0,0,0,0,0,0,0,0,0,0,0,0
57,43,26,23,11,10,33,0,0,0,0,0,0,0,0,0,0,0,0
57,43,26,23,12,14,3,2,7,0,0,0,0,0,0,0,0,0,0
57,43,26,24,19,14,3,2,7,0,0,0,0,0,0,0,0,0,0
57,43,26,24,19,15,11,8,7,0,0,0,0,0,0,0,0,0,0
57,43,27,31,8,7,0,0,0,0,0,0,0,0,0,0,0,0,0
57,43,27,33,0,0,0,0,0,0,0,0,0,0,0,0,0,0,0
57,44,42,73,74,38,0,0,0,0,0,0,0,0,0,0,0,0,0
57,46,70,73,74,38,0,0,0,0,0,0,0,0,0,0,0,0,0
58,51,26,23,11,8,7,0,0,0,0,0,0,0,0,0,0,0,0
58,51,27,31,8,7,0,0,0,0,0,0,0,0,0,0,0,0,0
58,51,27,33,0,0,0,0,0,0,0,0,0,0,0,0,0,0,0
58,51,28,46,68,60,54,17,21,23,11,8,7,0,0,0,0,0,0
58,52,48,26,23,12,14,3,2,7,0,0,0,0,0,0,0,0,0
58,52,48,27,33,0,0,0,0,0,0,0,0,0,0,0,0,0,0
59,60,54,17,19,14,3,2,7,0,0,0,0,0,0,0,0,0,0
59,60,54,17,19,15,11,8,7,0,0,0,0,0,0,0,0,0,0
59,60,55,47,19,14,3,2,7,0,0,0,0,0,0,0,0,0,0
59,60,55,48,27,31,8,7,0,0,0,0,0,0,0,0,0,0,0
59,62,65,70,71,40,31,8,7,0,0,0,0,0,0,0,0,0,0
59,62,65,70,73,74,38,0,0,0,0,0,0,0,0,0,0,0,0
59,62,66,74,38,0,0,0,0,0,0,0,0,0,0,0,0,0,0
59,63,70,73,74,38,0,0,0,0,0,0,0,0,0,0,0,0,0
57,43,26,23,11,8,7,37,0,0,0,0,0,0,0,0,0,0,0
57,43,26,23,11,10,33,37,0,0,0,0,0,0,0,0,0,0,0
57,43,26,23,12,14,3,2,7,37,0,0,0,0,0,0,0,0,0
57,43,26,24,19,15,11,8,7,37,0,0,0,0,0,0,0,0,0
57,43,27,31,8,7,37,0,0,0,0,0,0,0,0,0,0,0,0
57,43,27,33,37,0,0,0,0,0,0,0,0,0,0,0,0,0,0
57,44,42,73,74,0,0,0,0,0,0,0,0,0,0,0,0,0,0
57,46,69,66,74,0,0,0,0,0,0,0,0,0,0,0,0,0,0
57,46,70,73,74,0,0,0,0,0,0,0,0,0,0,0,0,0,0
58,51,27,31,8,7,37,0,0,0,0,0,0,0,0,0,0,0,0
58,51,28,46,68,60,54,17,21,23,11,8,7,37,0,0,0,0,0
58,52,48,26,23,12,14,3,2,7,37,0,0,0,0,0,0,0,0
58,52,50,56,63,69,66,74,0,0,0,0,0,0,0,0,0,0,0
59,60,54,17,19,14,3,2,7,37,0,0,0,0,0,0,0,0,0
59,60,54,17,19,15,11,8,7,37,0,0,0,0,0,0,0,0,0
59,60,55,47,19,14,3,2,7,37,0,0,0,0,0,0,0,0,0
59,60,55,48,27,31,8,7,37,0,0,0,0,0,0,0,0,0,0
59,62,65,70,71,40,31,8,7,37,0,0,0,0,0,0,0,0,0
59,62,65,70,73,74,0,0,0,0,0,0,0,0,0,0,0,0,0
59,62,66,74,0,0,0,0,0,0,0,0,0,0,0,0,0,0,0
59,63,70,73,74,0,0,0,0,0,0,0,0,0,0,0,0,0,0
57,43,26,23,11,10,34,0,0,0,0,0,0,0,0,0,0,0,0
57,44,0,0,0,0,0,0,0,0,0,0,0,0,0,0,0,0,0
57,46,70,71,0,0,0,0,0,0,0,0,0,0,0,0,0,0,0
58,51,27,34,0,0,0,0,0,0,0,0,0,0,0,0,0,0,0
58,51,28,44,0,0,0,0,0,0,0,0,0,0,0,0,0,0,0
58,52,48,26,23,12,14,3,2,6,10,34,0,0,0,0,0,0,0
58,52,50,56,63,70,71,0,0,0,0,0,0,0,0,0,0,0,0
59,60,55,47,19,14,3,2,7,37,39,76,71,0,0,0,0,0,0
59,62,65,70,71,0,0,0,0,0,0,0,0,0,0,0,0,0,0
59,62,66,74,38,35,6,9,13,25,28,44,0,0,0,0,0,0,0
59,63,70,71,0,0,0,0,0,0,0,0,0,0,0,0,0,0,0
57,0,0,0,0,0,0,0,0,0,0,0,0,0,0,0,0,0,0
58,51,28,0,0,0,0,0,0,0,0,0,0,0,0,0,0,0,0
58,52,50,56,63,70,71,41,0,0,0,0,0,0,0,0,0,0,0
59,62,65,70,71,41,0,0,0,0,0,0,0,0,0,0,0,0,0
59,62,66,74,38,35,6,9,13,25,28,0,0,0,0,0,0,0,0
57,43,26,24,22,0,0,0,0,0,0,0,0,0,0,0,0,0,0
57,43,29,0,0,0,0,0,0,0,0,0,0,0,0,0,0,0,0
57,43,30,52,0,0,0,0,0,0,0,0,0,0,0,0,0,0,0
57,46,68,60,55,0,0,0,0,0,0,0,0,0,0,0,0,0,0
57,46,69,64,60,55,0,0,0,0,0,0,0,0,0,0,0,0,0
58,51,28,46,68,60,55,0,0,0,0,0,0,0,0,0,0,0,0
58,52,0,0,0,0,0,0,0,0,0,0,0,0,0,0,0,0,0
59,60,55,0,0,0,0,0,0,0,0,0,0,0,0,0,0,0,0
57,43,30,0,0,0,0,0,0,0,0,0,0,0,0,0,0,0,0
58,0,0,0,0,0,0,0,0,0,0,0,0,0,0,0,0,0,0
59,60,55,48,30,0,0,0,0,0,0,0,0,0,0,0,0,0,0
59,60,55,49,0,0,0,0,0,0,0,0,0,0,0,0,0,0,0
57,43,26,24,20,18,0,0,0,0,0,0,0,0,0,0,0,0,0
57,43,29,50,0,0,0,0,0,0,0,0,0,0,0,0,0,0,0
57,43,30,52,47,20,18,0,0,0,0,0,0,0,0,0,0,0,0
57,46,68,60,0,0,0,0,0,0,0,0,0,0,0,0,0,0,0
57,46,69,64,60,0,0,0,0,0,0,0,0,0,0,0,0,0,0
58,51,28,46,68,60,0,0,0,0,0,0,0,0,0,0,0,0,0
58,52,50,0,0,0,0,0,0,0,0,0,0,0,0,0,0,0,0
59,60,0,0,0,0,0,0,0,0,0,0,0,0,0,0,0,0,0
57,43,26,24,20,18,56,0,0,0,0,0,0,0,0,0,0,0,0
57,43,29,50,56,0,0,0,0,0,0,0,0,0,0,0,0,0,0
57,46,68,0,0,0,0,0,0,0,0,0,0,0,0,0,0,0,0
57,46,69,64,0,0,0,0,0,0,0,0,0,0,0,0,0,0,0
58,51,28,46,68,0,0,0,0,0,0,0,0,0,0,0,0,0,0
58,52,50,56,0,0,0,0,0,0,0,0,0,0,0,0,0,0,0
59,0,0,0,0,0,0,0,0,0,0,0,0,0,0,0,0,0,0
57,43,26,23,11,10,34,42,73,75,0,0,0,0,0,0,0,0,0
57,44,42,72,69,0,0,0,0,0,0,0,0,0,0,0,0,0,0
57,46,69,0,0,0,0,0,0,0,0,0,0,0,0,0,0,0,0
58,51,27,31,8,7,37,39,75,0,0,0,0,0,0,0,0,0,0
58,51,28,46,68,62,0,0,0,0,0,0,0,0,0,0,0,0,0
58,52,50,56,62,0,0,0,0,0,0,0,0,0,0,0,0,0,0
58,52,50,56,63,69,0,0,0,0,0,0,0,0,0,0,0,0,0
59,60,54,17,19,15,11,8,7,37,39,75,0,0,0,0,0,0,0
59,60,55,47,19,14,3,2,7,37,39,75,0,0,0,0,0,0,0
59,62,0,0,0,0,0,0,0,0,0,0,0,0,0,0,0,0,0
59,63,69,0,0,0,0,0,0,0,0,0,0,0,0,0,0,0,0
57,43,26,23,11,10,34,42,72,0,0,0,0,0,0,0,0,0,0
57,44,42,72,0,0,0,0,0,0,0,0,0,0,0,0,0,0,0
57,46,0,0,0,0,0,0,0,0,0,0,0,0,0,0,0,0,0
58,51,28,46,0,0,0,0,0,0,0,0,0,0,0,0,0,0,0
58,52,50,56,63,0,0,0,0,0,0,0,0,0,0,0,0,0,0
59,62,65,0,0,0,0,0,0,0,0,0,0,0,0,0,0,0,0
59,63,0,0,0,0,0,0,0,0,0,0,0,0,0,0,0,0,0
57,43,26,23,11,10,34,42,0,0,0,0,0,0,0,0,0,0,0
57,44,42,0,0,0,0,0,0,0,0,0,0,0,0,0,0,0,0
57,46,70,0,0,0,0,0,0,0,0,0,0,0,0,0,0,0,0
58,51,28,46,70,0,0,0,0,0,0,0,0,0,0,0,0,0,0
58,52,48,26,23,12,14,3,2,6,10,34,42,0,0,0,0,0,0
58,52,50,56,63,70,0,0,0,0,0,0,0,0,0,0,0,0,0
59,60,55,47,19,14,3,2,7,37,39,76,0,0,0,0,0,0,0
59,62,65,70,0,0,0,0,0,0,0,0,0,0,0,0,0,0,0
59,62,66,76,0,0,0,0,0,0,0,0,0,0,0,0,0,0,0
59,63,70,0,0,0,0,0,0,0,0,0,0,0,0,0,0,0,0
57,43,26,23,11,8,7,37,39,0,0,0,0,0,0,0,0,0,0
57,43,26,23,11,10,34,42,73,0,0,0,0,0,0,0,0,0,0
57,43,26,23,12,14,3,2,7,37,39,0,0,0,0,0,0,0,0
57,43,26,24,19,15,11,8,7,37,39,0,0,0,0,0,0,0,0
57,43,27,31,8,7,37,39,0,0,0,0,0,0,0,0,0,0,0
57,43,27,33,37,39,0,0,0,0,0,0,0,0,0,0,0,0,0
57,44,42,73,0,0,0,0,0,0,0,0,0,0,0,0,0,0,0
57,46,69,66,0,0,0,0,0,0,0,0,0,0,0,0,0,0,0
57,46,70,73,0,0,0,0,0,0,0,0,0,0,0,0,0,0,0
58,51,27,31,8,7,37,39,0,0,0,0,0,0,0,0,0,0,0
58,51,28,46,68,62,66,0,0,0,0,0,0,0,0,0,0,0,0
58,52,48,26,23,12,14,3,2,7,37,39,0,0,0,0,0,0,0
58,52,50,56,63,69,66,0,0,0,0,0,0,0,0,0,0,0,0
59,60,54,17,19,15,11,8,7,37,39,0,0,0,0,0,0,0,0
59,60,55,47,19,14,3,2,7,37,39,0,0,0,0,0,0,0,0
59,62,65,70,71,40,31,8,7,37,39,0,0,0,0,0,0,0,0
59,62,65,70,73,0,0,0,0,0,0,0,0,0,0,0,0,0,0
59,62,66,0,0,0,0,0,0,0,0,0,0,0,0,0,0,0,0
59,63,70,73,0,0,0,0,0,0,0,0,0,0,0,0,0,0,0
60,54,17,19,14,3,0,0,0,0,0,0,0,0,0,0,0,0,0
60,54,17,19,15,11,8,5,0,0,0,0,0,0,0,0,0,0,0
60,54,17,21,23,11,8,5,0,0,0,0,0,0,0,0,0,0,0
60,55,47,19,14,3,0,0,0,0,0,0,0,0,0,0,0,0,0
60,55,47,19,15,11,8,5,0,0,0,0,0,0,0,0,0,0,0
60,55,47,21,23,11,8,5,0,0,0,0,0,0,0,0,0,0,0
60,55,48,26,23,11,8,5,0,0,0,0,0,0,0,0,0,0,0
60,55,48,26,23,12,14,3,0,0,0,0,0,0,0,0,0,0,0
60,55,48,27,31,8,5,0,0,0,0,0,0,0,0,0,0,0,0
60,55,48,27,33,35,5,0,0,0,0,0,0,0,0,0,0,0,0
60,55,49,51,27,31,9,12,14,3,0,0,0,0,0,0,0,0,0
61,57,43,26,23,11,8,5,0,0,0,0,0,0,0,0,0,0,0
61,57,43,26,23,12,14,3,0,0,0,0,0,0,0,0,0,0,0
61,57,43,27,31,8,5,0,0,0,0,0,0,0,0,0,0,0,0
61,57,43,27,33,35,5,0,0,0,0,0,0,0,0,0,0,0,0
62,65,67,43,27,31,8,5,0,0,0,0,0,0,0,0,0,0,0
62,65,70,71,40,31,8,5,0,0,0,0,0,0,0,0,0,0,0
62,66,74,38,35,6,9,12,14,3,0,0,0,0,0,0,0,0,0
63,67,43,27,31,8,5,0,0,0,0,0,0,0,0,0,0,0,0
63,67,43,27,33,35,5,0,0,0,0,0,0,0,0,0,0,0,0
63,69,66,74,38,35,5,0,0,0,0,0,0,0,0,0,0,0,0
63,70,71,40,31,8,5,0,0,0,0,0,0,0,0,0,0,0,0
63,70,71,41,43,27,33,35,5,0,0,0,0,0,0,0,0,0,0
63,70,73,74,38,35,5,0,0,0,0,0,0,0,0,0,0,0,0
60,54,17,19,14,0,0,0,0,0,0,0,0,0,0,0,0,0,0
60,54,17,19,15,11,8,5,1,0,0,0,0,0,0,0,0,0,0
60,54,17,21,23,11,8,5,1,0,0,0,0,0,0,0,0,0,0
60,54,17,21,23,12,14,0,0,0,0,0,0,0,0,0,0,0,0
60,55,47,19,14,0,0,0,0,0,0,0,0,0,0,0,0,0,0
60,55,47,19,15,11,8,5,1,0,0,0,0,0,0,0,0,0,0
60,55,47,21,23,11,8,5,1,0,0,0,0,0,0,0,0,0,0
60,55,48,26,23,11,8,5,1,0,0,0,0,0,0,0,0,0,0
60,55,48,26,23,12,14,0,0,0,0,0,0,0,0,0,0,0,0
60,55,48,27,31,8,5,1,0,0,0,0,0,0,0,0,0,0,0
60,55,48,27,33,35,5,1,0,0,0,0,0,0,0,0,0,0,0
60,55,49,51,27,31,9,12,14,0,0,0,0,0,0,0,0,0,0
61,57,43,26,23,11,8,5,1,0,0,0,0,0,0,0,0,0,0
61,57,43,26,23,12,14,0,0,0,0,0,0,0,0,0,0,0,0
61,57,43,27,31,8,5,1,0,0,0,0,0,0,0,0,0,0,0
61,57,43,27,33,35,5,1,0,0,0,0,0,0,0,0,0,0,0
61,58,52,47,19,14,0,0,0,0,0,0,0,0,0,0,0,0,0
62,65,67,43,27,31,8,5,1,0,0,0,0,0,0,0,0,0,0
62,65,70,71,40,31,8,5,1,0,0,0,0,0,0,0,0,0,0
62,66,74,38,35,6,9,12,14,0,0,0,0,0,0,0,0,0,0
63,67,43,27,31,8,5,1,0,0,0,0,0,0,0,0,0,0,0
63,67,43,27,33,35,5,1,0,0,0,0,0,0,0,0,0,0,0
63,69,66,74,38,36,31,9,12,14,0,0,0,0,0,0,0,0,0
63,70,71,40,31,8,5,1,0,0,0,0,0,0,0,0,0,0,0
63,70,71,41,43,27,33,35,5,1,0,0,0,0,0,0,0,0,0
60,54,17,19,14,3,2,6,0,0,0,0,0,0,0,0,0,0,0
60,54,17,19,15,11,0,0,0,0,0,0,0,0,0,0,0,0,0
60,54,17,21,23,11,0,0,0,0,0,0,0,0,0,0,0,0,0
60,55,47,19,14,3,2,6,0,0,0,0,0,0,0,0,0,0,0
60,55,47,19,15,11,0,0,0,0,0,0,0,0,0,0,0,0,0
60,55,47,21,23,11,0,0,0,0,0,0,0,0,0,0,0,0,0
60,55,48,26,23,11,0,0,0,0,0,0,0,0,0,0,0,0,0
60,55,48,26,23,12,14,3,2,6,0,0,0,0,0,0,0,0,0
60,55,48,27,31,0,0,0,0,0,0,0,0,0,0,0,0,0,0
60,55,48,27,33,35,6,0,0,0,0,0,0,0,0,0,0,0,0
60,55,49,51,27,31,0,0,0,0,0,0,0,0,0,0,0,0,0
61,57,43,26,23,11,0,0,0,0,0,0,0,0,0,0,0,0,0
61,57,43,27,31,0,0,0,0,0,0,0,0,0,0,0,0,0,0
61,57,43,27,33,35,6,0,0,0,0,0,0,0,0,0,0,0,0
62,65,67,43,27,31,0,0,0,0,0,0,0,0,0,0,0,0,0
62,65,70,71,40,31,0,0,0,0,0,0,0,0,0,0,0,0,0
62,66,74,38,35,6,0,0,0,0,0,0,0,0,0,0,0,0,0
63,67,43,27,31,0,0,0,0,0,0,0,0,0,0,0,0,0,0
63,67,43,27,33,35,6,0,0,0,0,0,0,0,0,0,0,0,0
63,69,66,74,38,36,31,0,0,0,0,0,0,0,0,0,0,0,0
63,70,71,40,31,0,0,0,0,0,0,0,0,0,0,0,0,0,0
63,70,71,41,43,27,31,0,0,0,0,0,0,0,0,0,0,0,0
63,70,73,74,38,35,6,0,0,0,0,0,0,0,0,0,0,0,0
60,54,17,19,14,3,2,6,9,0,0,0,0,0,0,0,0,0,0
60,54,17,19,15,0,0,0,0,0,0,0,0,0,0,0,0,0,0
60,54,17,21,23,0,0,0,0,0,0,0,0,0,0,0,0,0,0
60,55,47,19,14,3,2,6,9,0,0,0,0,0,0,0,0,0,0
60,55,47,19,15,0,0,0,0,0,0,0,0,0,0,0,0,0,0
60,55,47,21,23,0,0,0,0,0,0,0,0,0,0,0,0,0,0
60,55,48,26,23,0,0,0,0,0,0,0,0,0,0,0,0,0,0
60,55,48,27,31,9,0,0,0,0,0,0,0,0,0,0,0,0,0
60,55,48,27,33,35,6,9,0,0,0,0,0,0,0,0,0,0,0
60,55,49,51,27,31,9,0,0,0,0,0,0,0,0,0,0,0,0
61,57,43,26,23,0,0,0,0,0,0,0,0,0,0,0,0,0,0
61,58,52,47,19,15,0,0,0,0,0,0,0,0,0,0,0,0,0
62,65,67,43,27,31,9,0,0,0,0,0,0,0,0,0,0,0,0
62,65,70,71,40,31,9,0,0,0,0,0,0,0,0,0,0,0,0
62,66,74,38,35,6,9,0,0,0,0,0,0,0,0,0,0,0,0
63,67,43,26,23,0,0,0,0,0,0,0,0,0,0,0,0,0,0
63,67,43,27,31,9,0,0,0,0,0,0,0,0,0,0,0,0,0
63,67,43,27,33,35,6,9,0,0,0,0,0,0,0,0,0,0,0
63,69,66,74,38,36,31,9,0,0,0,0,0,0,0,0,0,0,0
63,70,71,40,31,9,0,0,0,0,0,0,0,0,0,0,0,0,0
63,70,71,41,43,27,31,9,0,0,0,0,0,0,0,0,0,0,0
60,54,17,19,0,0,0,0,0,0,0,0,0,0,0,0,0,0,0
60,54,17,21,23,11,8,5,1,4,0,0,0,0,0,0,0,0,0
60,54,17,21,23,12,0,0,0,0,0,0,0,0,0,0,0,0,0
60,55,47,19,0,0,0,0,0,0,0,0,0,0,0,0,0,0,0
60,55,47,21,23,12,0,0,0,0,0,0,0,0,0,0,0,0,0
60,55,48,26,23,12,0,0,0,0,0,0,0,0,0,0,0,0,0
60,55,48,27,31,9,12,0,0,0,0,0,0,0,0,0,0,0,0
60,55,48,27,33,35,5,1,4,0,0,0,0,0,0,0,0,0,0
60,55,49,51,27,31,9,12,0,0,0,0,0,0,0,0,0,0,0
61,57,43,26,23,11,8,5,1,4,0,0,0,0,0,0,0,0,0
61,57,43,26,23,12,0,0,0,0,0,0,0,0,0,0,0,0,0
61,58,52,47,19,0,0,0,0,0,0,0,0,0,0,0,0,0,0
62,65,67,43,27,31,8,5,1,4,0,0,0,0,0,0,0,0,0
62,65,70,71,40,31,8,5,1,4,0,0,0,0,0,0,0,0,0
62,66,74,38,35,6,9,12,0,0,0,0,0,0,0,0,0,0,0
63,67,43,26,23,12,0,0,0,0,0,0,0,0,0,0,0,0,0
63,67,43,27,31,9,12,0,0,0,0,0,0,0,0,0,0,0,0
63,67,43,27,33,35,5,1,4,0,0,0,0,0,0,0,0,0,0
63,69,66,74,38,36,31,9,12,0,0,0,0,0,0,0,0,0,0
63,70,71,40,31,8,5,1,4,0,0,0,0,0,0,0,0,0,0
63,70,71,41,43,27,31,9,12,0,0,0,0,0,0,0,0,0,0
60,54,0,0,0,0,0,0,0,0,0,0,0,0,0,0,0,0,0
61,57,43,30,52,47,20,0,0,0,0,0,0,0,0,0,0,0,0
60,54,17,0,0,0,0,0,0,0,0,0,0,0,0,0,0,0,0
60,55,47,0,0,0,0,0,0,0,0,0,0,0,0,0,0,0,0
60,55,48,26,24,0,0,0,0,0,0,0,0,0,0,0,0,0,0
60,55,49,51,27,31,9,12,16,0,0,0,0,0,0,0,0,0,0
61,57,43,26,23,12,16,0,0,0,0,0,0,0,0,0,0,0,0
61,57,43,30,52,47,0,0,0,0,0,0,0,0,0,0,0,0,0
61,58,52,47,0,0,0,0,0,0,0,0,0,0,0,0,0,0,0
62,66,74,38,35,6,9,13,24,0,0,0,0,0,0,0,0,0,0
63,67,43,26,24,0,0,0,0,0,0,0,0,0,0,0,0,0,0
63,70,71,41,43,26,24,0,0,0,0,0,0,0,0,0,0,0,0
60,54,17,19,14,3,2,6,9,13,0,0,0,0,0,0,0,0,0
60,54,17,19,15,11,10,32,26,0,0,0,0,0,0,0,0,0,0
60,54,17,19,15,13,0,0,0,0,0,0,0,0,0,0,0,0,0
60,54,17,21,0,0,0,0,0,0,0,0,0,0,0,0,0,0,0
60,55,47,21,0,0,0,0,0,0,0,0,0,0,0,0,0,0,0
60,55,48,26,0,0,0,0,0,0,0,0,0,0,0,0,0,0,0
60,55,49,51,26,0,0,0,0,0,0,0,0,0,0,0,0,0,0
60,55,49,51,27,31,9,13,0,0,0,0,0,0,0,0,0,0,0
61,57,43,26,0,0,0,0,0,0,0,0,0,0,0,0,0,0,0
61,58,51,26,0,0,0,0,0,0,0,0,0,0,0,0,0,0,0
62,65,67,43,26,0,0,0,0,0,0,0,0,0,0,0,0,0,0
62,66,74,38,35,6,9,13,0,0,0,0,0,0,0,0,0,0,0
63,67,43,26,0,0,0,0,0,0,0,0,0,0,0,0,0,0,0
63,69,66,74,38,36,32,26,0,0,0,0,0,0,0,0,0,0,0
63,70,71,41,43,26,0,0,0,0,0,0,0,0,0,0,0,0,0
60,54,17,19,15,11,10,32,0,0,0,0,0,0,0,0,0,0,0
60,54,17,21,25,0,0,0,0,0,0,0,0,0,0,0,0,0,0
60,55,47,21,25,0,0,0,0,0,0,0,0,0,0,0,0,0,0
60,55,48,0,0,0,0,0,0,0,0,0,0,0,0,0,0,0,0
60,55,49,51,0,0,0,0,0,0,0,0,0,0,0,0,0,0,0
61,57,43,0,0,0,0,0,0,0,0,0,0,0,0,0,0,0,0
61,58,51,0,0,0,0,0,0,0,0,0,0,0,0,0,0,0,0
62,65,67,43,0,0,0,0,0,0,0,0,0,0,0,0,0,0,0
62,66,74,38,35,6,9,13,25,0,0,0,0,0,0,0,0,0,0
63,67,43,0,0,0,0,0,0,0,0,0,0,0,0,0,0,0,0
63,69,66,74,38,36,32,0,0,0,0,0,0,0,0,0,0,0,0
63,70,71,41,43,0,0,0,0,0,0,0,0,0,0,0,0,0,0
60,54,17,19,14,3,2,6,10,0,0,0,0,0,0,0,0,0,0
60,54,17,19,14,3,2,7,36,0,0,0,0,0,0,0,0,0,0
60,54,17,19,15,11,8,7,36,0,0,0,0,0,0,0,0,0,0
60,54,17,19,15,11,10,0,0,0,0,0,0,0,0,0,0,0,0
60,54,17,21,23,11,8,7,36,0,0,0,0,0,0,0,0,0,0
60,54,17,21,23,11,10,0,0,0,0,0,0,0,0,0,0,0,0
60,54,17,21,25,27,0,0,0,0,0,0,0,0,0,0,0,0,0
60,55,47,21,25,27,0,0,0,0,0,0,0,0,0,0,0,0,0
60,55,48,26,23,12,14,3,2,6,10,0,0,0,0,0,0,0,0
60,55,48,27,0,0,0,0,0,0,0,0,0,0,0,0,0,0,0
60,55,49,51,27,0,0,0,0,0,0,0,0,0,0,0,0,0,0
61,57,43,26,23,11,10,0,0,0,0,0,0,0,0,0,0,0,0
61,57,43,27,0,0,0,0,0,0,0,0,0,0,0,0,0,0,0
61,57,44,40,0,0,0,0,0,0,0,0,0,0,0,0,0,0,0
61,58,51,27,0,0,0,0,0,0,0,0,0,0,0,0,0,0,0
62,65,67,43,27,0,0,0,0,0,0,0,0,0,0,0,0,0,0
62,65,70,71,40,0,0,0,0,0,0,0,0,0,0,0,0,0,0
62,66,74,38,35,6,9,13,25,27,0,0,0,0,0,0,0,0,0
63,67,43,27,0,0,0,0,0,0,0,0,0,0,0,0,0,0,0
63,69,66,74,38,36,0,0,0,0,0,0,0,0,0,0,0,0,0
63,70,71,40,0,0,0,0,0,0,0,0,0,0,0,0,0,0,0
63,70,71,41,43,27,0,0,0,0,0,0,0,0,0,0,0,0,0
60,54,17,19,14,3,2,7,0,0,0,0,0,0,0,0,0,0,0
60,54,17,19,15,11,8,7,0,0,0,0,0,0,0,0,0,0,0
60,54,17,21,23,11,8,7,0,0,0,0,0,0,0,0,0,0,0
60,55,47,19,14,3,2,7,0,0,0,0,0,0,0,0,0,0,0
60,55,47,19,15,11,8,7,0,0,0,0,0,0,0,0,0,0,0
60,55,47,21,23,11,8,7,0,0,0,0,0,0,0,0,0,0,0
60,55,48,26,23,11,8,7,0,0,0,0,0,0,0,0,0,0,0
60,55,48,26,23,12,14,3,2,7,0,0,0,0,0,0,0,0,0
60,55,48,27,31,8,7,0,0,0,0,0,0,0,0,0,0,0,0
60,55,48,27,33,0,0,0,0,0,0,0,0,0,0,0,0,0,0
60,55,49,51,27,31,8,7,0,0,0,0,0,0,0,0,0,0,0
61,57,43,26,23,11,10,33,0,0,0,0,0,0,0,0,0,0,0
61,57,43,27,33,0,0,0,0,0,0,0,0,0,0,0,0,0,0
62,65,67,43,27,31,8,7,0,0,0,0,0,0,0,0,0,0,0
62,65,70,71,40,31,8,7,0,0,0,0,0,0,0,0,0,0,0
62,65,70,73,74,38,0,0,0,0,0,0,0,0,0,0,0,0,0
62,66,74,38,0,0,0,0,0,0,0,0,0,0,0,0,0,0,0
63,67,43,27,31,8,7,0,0,0,0,0,0,0,0,0,0,0,0
63,67,43,27,33,0,0,0,0,0,0,0,0,0,0,0,0,0,0
63,69,66,74,38,0,0,0,0,0,0,0,0,0,0,0,0,0,0
63,70,71,41,43,27,33,0,0,0,0,0,0,0,0,0,0,0,0
63,70,73,74,38,0,0,0,0,0,0,0,0,0,0,0,0,0,0
60,54,17,19,14,3,2,7,37,0,0,0,0,0,0,0,0,0,0
60,54,17,19,15,11,8,7,37,0,0,0,0,0,0,0,0,0,0
60,54,17,21,23,11,8,7,37,0,0,0,0,0,0,0,0,0,0
60,55,47,19,14,3,2,7,37,0,0,0,0,0,0,0,0,0,0
60,55,47,19,15,11,8,7,37,0,0,0,0,0,0,0,0,0,0
60,55,48,26,23,11,8,7,37,0,0,0,0,0,0,0,0,0,0
60,55,48,26,23,12,14,3,2,7,37,0,0,0,0,0,0,0,0
60,55,48,27,31,8,7,37,0,0,0,0,0,0,0,0,0,0,0
60,55,48,27,33,37,0,0,0,0,0,0,0,0,0,0,0,0,0
60,55,49,51,27,31,8,7,37,0,0,0,0,0,0,0,0,0,0
61,57,43,26,23,11,10,33,37,0,0,0,0,0,0,0,0,0,0
61,57,43,27,33,37,0,0,0,0,0,0,0,0,0,0,0,0,0
62,65,67,43,27,31,8,7,37,0,0,0,0,0,0,0,0,0,0
62,65,70,71,40,31,8,7,37,0,0,0,0,0,0,0,0,0,0
62,65,70,73,74,0,0,0,0,0,0,0,0,0,0,0,0,0,0
62,66,74,0,0,0,0,0,0,0,0,0,0,0,0,0,0,0,0
63,67,43,27,31,8,7,37,0,0,0,0,0,0,0,0,0,0,0
63,67,43,27,33,37,0,0,0,0,0,0,0,0,0,0,0,0,0
63,69,66,74,0,0,0,0,0,0,0,0,0,0,0,0,0,0,0
63,70,73,74,0,0,0,0,0,0,0,0,0,0,0,0,0,0,0
60,54,17,19,15,11,10,34,0,0,0,0,0,0,0,0,0,0,0
60,54,17,21,23,11,10,34,0,0,0,0,0,0,0,0,0,0,0
60,54,17,21,25,28,44,0,0,0,0,0,0,0,0,0,0,0,0
60,55,47,19,14,3,2,7,37,39,76,71,0,0,0,0,0,0,0
60,55,48,26,23,12,14,3,2,6,10,34,0,0,0,0,0,0,0
60,55,49,51,28,44,0,0,0,0,0,0,0,0,0,0,0,0,0
60,55,49,53,57,44,0,0,0,0,0,0,0,0,0,0,0,0,0
61,57,43,26,23,11,10,34,0,0,0,0,0,0,0,0,0,0,0
61,57,44,0,0,0,0,0,0,0,0,0,0,0,0,0,0,0,0
61,57,46,70,71,0,0,0,0,0,0,0,0,0,0,0,0,0,0
62,65,70,71,0,0,0,0,0,0,0,0,0,0,0,0,0,0,0
62,66,74,38,35,6,9,13,25,28,44,0,0,0,0,0,0,0,0
63,67,44,0,0,0,0,0,0,0,0,0,0,0,0,0,0,0,0
63,70,71,0,0,0,0,0,0,0,0,0,0,0,0,0,0,0,0
60,54,17,19,15,11,10,32,28,0,0,0,0,0,0,0,0,0,0
60,54,17,21,25,28,0,0,0,0,0,0,0,0,0,0,0,0,0
60,55,48,28,0,0,0,0,0,0,0,0,0,0,0,0,0,0,0
60,55,49,51,28,0,0,0,0,0,0,0,0,0,0,0,0,0,0
60,55,49,53,57,0,0,0,0,0,0,0,0,0,0,0,0,0,0
61,57,0,0,0,0,0,0,0,0,0,0,0,0,0,0,0,0,0
62,65,67,0,0,0,0,0,0,0,0,0,0,0,0,0,0,0,0
62,65,70,71,41,0,0,0,0,0,0,0,0,0,0,0,0,0,0
62,66,74,38,35,6,9,13,25,28,0,0,0,0,0,0,0,0,0
63,67,0,0,0,0,0,0,0,0,0,0,0,0,0,0,0,0,0
63,70,71,41,0,0,0,0,0,0,0,0,0,0,0,0,0,0,0
60,54,17,22,0,0,0,0,0,0,0,0,0,0,0,0,0,0,0
60,55,0,0,0,0,0,0,0,0,0,0,0,0,0,0,0,0,0
61,57,43,30,52,0,0,0,0,0,0,0,0,0,0,0,0,0,0
61,58,52,0,0,0,0,0,0,0,0,0,0,0,0,0,0,0,0
63,70,71,41,43,29,0,0,0,0,0,0,0,0,0,0,0,0,0
60,54,17,21,25,30,0,0,0,0,0,0,0,0,0,0,0,0,0
60,54,17,22,49,0,0,0,0,0,0,0,0,0,0,0,0,0,0
60,55,48,30,0,0,0,0,0,0,0,0,0,0,0,0,0,0,0
60,55,49,0,0,0,0,0,0,0,0,0,0,0,0,0,0,0,0
61,57,43,30,0,0,0,0,0,0,0,0,0,0,0,0,0,0,0
61,58,0,0,0,0,0,0,0,0,0,0,0,0,0,0,0,0,0
62,65,67,43,30,0,0,0,0,0,0,0,0,0,0,0,0,0,0
63,67,45,58,0,0,0,0,0,0,0,0,0,0,0,0,0,0,0
63,70,71,41,45,58,0,0,0,0,0,0,0,0,0,0,0,0,0
60,0,0,0,0,0,0,0,0,0,0,0,0,0,0,0,0,0,0
61,57,43,30,52,47,20,18,0,0,0,0,0,0,0,0,0,0,0
60,54,17,21,25,28,45,0,0,0,0,0,0,0,0,0,0,0,0
60,54,17,22,49,53,0,0,0,0,0,0,0,0,0,0,0,0,0
60,55,48,28,45,0,0,0,0,0,0,0,0,0,0,0,0,0,0
60,55,49,53,0,0,0,0,0,0,0,0,0,0,0,0,0,0,0
61,0,0,0,0,0,0,0,0,0,0,0,0,0,0,0,0,0,0
62,65,67,45,0,0,0,0,0,0,0,0,0,0,0,0,0,0,0
63,67,45,0,0,0,0,0,0,0,0,0,0,0,0,0,0,0,0
63,70,71,41,45,0,0,0,0,0,0,0,0,0,0,0,0,0,0
60,54,17,19,15,11,8,7,37,39,75,0,0,0,0,0,0,0,0
60,55,47,19,14,3,2,7,37,39,75,0,0,0,0,0,0,0,0
61,57,43,26,23,11,10,34,42,73,75,0,0,0,0,0,0,0,0
62,0,0,0,0,0,0,0,0,0,0,0,0,0,0,0,0,0,0
63,69,0,0,0,0,0,0,0,0,0,0,0,0,0,0,0,0,0
63,70,73,75,0,0,0,0,0,0,0,0,0,0,0,0,0,0,0
61,57,43,26,23,11,10,34,42,72,0,0,0,0,0,0,0,0,0
61,57,46,0,0,0,0,0,0,0,0,0,0,0,0,0,0,0,0
62,65,0,0,0,0,0,0,0,0,0,0,0,0,0,0,0,0,0
63,0,0,0,0,0,0,0,0,0,0,0,0,0,0,0,0,0,0
60,55,47,19,14,3,2,7,37,39,76,0,0,0,0,0,0,0,0
60,55,48,26,23,12,14,3,2,6,10,34,42,0,0,0,0,0,0
61,57,43,26,23,11,10,34,42,0,0,0,0,0,0,0,0,0,0
61,57,44,42,0,0,0,0,0,0,0,0,0,0,0,0,0,0,0
61,57,46,70,0,0,0,0,0,0,0,0,0,0,0,0,0,0,0
62,65,70,0,0,0,0,0,0,0,0,0,0,0,0,0,0,0,0
62,66,76,0,0,0,0,0,0,0,0,0,0,0,0,0,0,0,0
63,67,44,42,0,0,0,0,0,0,0,0,0,0,0,0,0,0,0
63,69,66,76,0,0,0,0,0,0,0,0,0,0,0,0,0,0,0
63,70,0,0,0,0,0,0,0,0,0,0,0,0,0,0,0,0,0
60,54,17,19,14,3,2,7,37,39,0,0,0,0,0,0,0,0,0
60,54,17,19,15,11,8,7,37,39,0,0,0,0,0,0,0,0,0
60,55,47,19,14,3,2,7,37,39,0,0,0,0,0,0,0,0,0
60,55,47,19,15,11,8,7,37,39,0,0,0,0,0,0,0,0,0
60,55,48,26,23,12,14,3,2,7,37,39,0,0,0,0,0,0,0
60,55,48,27,33,37,39,0,0,0,0,0,0,0,0,0,0,0,0
61,57,43,26,23,11,10,34,42,73,0,0,0,0,0,0,0,0,0
61,57,43,27,33,37,39,0,0,0,0,0,0,0,0,0,0,0,0
62,65,67,43,27,31,8,7,37,39,0,0,0,0,0,0,0,0,0
62,65,70,71,40,31,8,7,37,39,0,0,0,0,0,0,0,0,0
62,65,70,73,0,0,0,0,0,0,0,0,0,0,0,0,0,0,0
62,66,0,0,0,0,0,0,0,0,0,0,0,0,0,0,0,0,0
63,67,43,27,31,8,7,37,39,0,0,0,0,0,0,0,0,0,0
63,69,66,0,0,0,0,0,0,0,0,0,0,0,0,0,0,0,0
63,70,73,0,0,0,0,0,0,0,0,0,0,0,0,0,0,0,0
64,60,54,17,19,14,3,0,0,0,0,0,0,0,0,0,0,0,0
64,60,54,17,19,15,11,8,5,0,0,0,0,0,0,0,0,0,0
64,60,54,17,21,23,11,8,5,0,0,0,0,0,0,0,0,0,0
64,60,55,47,19,14,3,0,0,0,0,0,0,0,0,0,0,0,0
64,60,55,48,27,31,8,5,0,0,0,0,0,0,0,0,0,0,0
64,60,55,48,27,33,35,5,0,0,0,0,0,0,0,0,0,0,0
64,60,55,49,51,27,31,9,12,14,3,0,0,0,0,0,0,0,0
64,61,57,43,26,23,12,14,3,0,0,0,0,0,0,0,0,0,0
64,61,57,43,27,33,35,5,0,0,0,0,0,0,0,0,0,0,0
65,67,43,26,23,11,8,5,0,0,0,0,0,0,0,0,0,0,0
65,67,43,26,23,12,14,3,0,0,0,0,0,0,0,0,0,0,0
65,67,43,26,24,19,15,11,8,5,0,0,0,0,0,0,0,0,0
65,67,43,27,31,8,5,0,0,0,0,0,0,0,0,0,0,0,0
65,67,43,27,33,35,5,0,0,0,0,0,0,0,0,0,0,0,0
65,68,60,54,17,19,14,3,0,0,0,0,0,0,0,0,0,0,0
65,68,60,54,17,19,15,11,8,5,0,0,0,0,0,0,0,0,0
65,68,60,54,17,21,23,11,8,5,0,0,0,0,0,0,0,0,0
65,68,60,55,47,21,23,11,8,5,0,0,0,0,0,0,0,0,0
65,68,60,55,48,26,23,12,14,3,0,0,0,0,0,0,0,0,0
65,70,71,40,31,8,5,0,0,0,0,0,0,0,0,0,0,0,0
65,70,71,40,33,35,5,0,0,0,0,0,0,0,0,0,0,0,0
65,70,71,41,43,27,33,35,5,0,0,0,0,0,0,0,0,0,0
66,74,38,35,5,0,0,0,0,0,0,0,0,0,0,0,0,0,0
66,74,38,35,6,9,12,14,3,0,0,0,0,0,0,0,0,0,0
64,60,54,17,19,14,3,2,6,0,0,0,0,0,0,0,0,0,0
64,60,54,17,19,15,11,0,0,0,0,0,0,0,0,0,0,0,0
64,60,54,17,21,23,11,0,0,0,0,0,0,0,0,0,0,0,0
64,60,55,47,19,14,3,2,6,0,0,0,0,0,0,0,0,0,0
64,60,55,47,19,15,11,0,0,0,0,0,0,0,0,0,0,0,0
64,60,55,48,27,31,0,0,0,0,0,0,0,0,0,0,0,0,0
64,60,55,48,27,33,35,6,0,0,0,0,0,0,0,0,0,0,0
64,60,55,49,51,27,31,0,0,0,0,0,0,0,0,0,0,0,0
64,61,57,43,26,23,11,0,0,0,0,0,0,0,0,0,0,0,0
64,61,57,43,27,31,0,0,0,0,0,0,0,0,0,0,0,0,0
65,67,43,26,23,11,0,0,0,0,0,0,0,0,0,0,0,0,0
65,67,43,26,23,12,14,3,2,6,0,0,0,0,0,0,0,0,0
65,67,43,26,24,19,15,11,0,0,0,0,0,0,0,0,0,0,0
65,67,43,27,31,0,0,0,0,0,0,0,0,0,0,0,0,0,0
65,67,43,27,33,35,6,0,0,0,0,0,0,0,0,0,0,0,0
65,68,60,54,17,19,14,3,2,6,0,0,0,0,0,0,0,0,0
65,68,60,54,17,19,15,11,0,0,0,0,0,0,0,0,0,0,0
65,68,60,54,17,21,23,11,0,0,0,0,0,0,0,0,0,0,0
65,68,60,55,47,21,23,11,0,0,0,0,0,0,0,0,0,0,0
65,68,60,55,48,26,23,12,14,3,2,6,0,0,0,0,0,0,0
65,70,71,40,31,0,0,0,0,0,0,0,0,0,0,0,0,0,0
65,70,71,40,33,35,6,0,0,0,0,0,0,0,0,0,0,0,0
65,70,71,41,43,27,31,0,0,0,0,0,0,0,0,0,0,0,0
65,70,73,74,38,35,6,0,0,0,0,0,0,0,0,0,0,0,0
66,74,38,35,6,0,0,0,0,0,0,0,0,0,0,0,0,0,0
66,74,38,36,31,0,0,0,0,0,0,0,0,0,0,0,0,0,0
64,60,54,17,19,14,3,2,6,9,0,0,0,0,0,0,0,0,0
64,60,54,17,19,15,0,0,0,0,0,0,0,0,0,0,0,0,0
64,60,54,17,21,23,0,0,0,0,0,0,0,0,0,0,0,0,0
64,60,55,47,19,14,3,2,6,9,0,0,0,0,0,0,0,0,0
64,60,55,47,19,15,0,0,0,0,0,0,0,0,0,0,0,0,0
64,60,55,48,26,23,0,0,0,0,0,0,0,0,0,0,0,0,0
64,60,55,48,27,31,9,0,0,0,0,0,0,0,0,0,0,0,0
64,60,55,48,27,33,35,6,9,0,0,0,0,0,0,0,0,0,0
64,60,55,49,51,27,31,9,0,0,0,0,0,0,0,0,0,0,0
64,61,57,43,26,23,0,0,0,0,0,0,0,0,0,0,0,0,0
64,61,58,52,47,19,15,0,0,0,0,0,0,0,0,0,0,0,0
65,67,43,26,23,0,0,0,0,0,0,0,0,0,0,0,0,0,0
65,67,43,26,24,19,15,0,0,0,0,0,0,0,0,0,0,0,0
65,67,43,27,31,9,0,0,0,0,0,0,0,0,0,0,0,0,0
65,67,43,27,33,35,6,9,0,0,0,0,0,0,0,0,0,0,0
65,68,60,54,17,19,14,3,2,6,9,0,0,0,0,0,0,0,0
65,68,60,54,17,19,15,0,0,0,0,0,0,0,0,0,0,0,0
65,68,60,54,17,21,23,0,0,0,0,0,0,0,0,0,0,0,0
65,68,60,55,47,21,23,0,0,0,0,0,0,0,0,0,0,0,0
65,68,60,55,48,26,23,0,0,0,0,0,0,0,0,0,0,0,0
65,70,71,40,31,9,0,0,0,0,0,0,0,0,0,0,0,0,0
65,70,71,40,33,35,6,9,0,0,0,0,0,0,0,0,0,0,0
65,70,71,41,43,27,31,9,0,0,0,0,0,0,0,0,0,0,0
65,70,73,74,38,35,6,9,0,0,0,0,0,0,0,0,0,0,0
66,74,38,35,6,9,0,0,0,0,0,0,0,0,0,0,0,0,0
66,74,38,36,31,9,0,0,0,0,0,0,0,0,0,0,0,0,0
64,60,54,17,19,0,0,0,0,0,0,0,0,0,0,0,0,0,0
64,60,54,17,21,23,12,0,0,0,0,0,0,0,0,0,0,0,0
64,60,55,47,19,0,0,0,0,0,0,0,0,0,0,0,0,0,0
64,60,55,48,27,33,35,5,1,4,0,0,0,0,0,0,0,0,0
64,60,55,49,51,27,31,9,12,0,0,0,0,0,0,0,0,0,0
64,61,57,43,26,23,12,0,0,0,0,0,0,0,0,0,0,0,0
64,61,58,52,47,19,0,0,0,0,0,0,0,0,0,0,0,0,0
65,67,43,26,23,11,8,5,1,4,0,0,0,0,0,0,0,0,0
65,67,43,26,23,12,0,0,0,0,0,0,0,0,0,0,0,0,0
65,67,43,26,24,19,0,0,0,0,0,0,0,0,0,0,0,0,0
65,67,43,27,31,8,5,1,4,0,0,0,0,0,0,0,0,0,0
65,67,43,27,31,9,12,0,0,0,0,0,0,0,0,0,0,0,0
65,67,43,27,33,35,5,1,4,0,0,0,0,0,0,0,0,0,0
65,68,60,54,17,19,0,0,0,0,0,0,0,0,0,0,0,0,0
65,68,60,54,17,21,23,11,8,5,1,4,0,0,0,0,0,0,0
65,68,60,54,17,21,23,12,0,0,0,0,0,0,0,0,0,0,0
65,68,60,55,47,21,23,12,0,0,0,0,0,0,0,0,0,0,0
65,68,60,55,48,26,23,12,0,0,0,0,0,0,0,0,0,0,0
65,70,71,40,31,8,5,1,4,0,0,0,0,0,0,0,0,0,0
65,70,71,40,33,35,5,1,4,0,0,0,0,0,0,0,0,0,0
65,70,71,41,43,27,31,9,12,0,0,0,0,0,0,0,0,0,0
66,74,38,35,5,1,4,0,0,0,0,0,0,0,0,0,0,0,0
66,74,38,35,6,9,12,0,0,0,0,0,0,0,0,0,0,0,0
66,74,38,36,31,9,12,0,0,0,0,0,0,0,0,0,0,0,0
64,60,54,0,0,0,0,0,0,0,0,0,0,0,0,0,0,0,0
64,61,57,43,30,52,47,20,0,0,0,0,0,0,0,0,0,0,0
65,67,43,26,24,20,0,0,0,0,0,0,0,0,0,0,0,0,0
65,68,60,54,0,0,0,0,0,0,0,0,0,0,0,0,0,0,0
65,70,71,41,43,26,24,20,0,0,0,0,0,0,0,0,0,0,0
64,60,54,17,0,0,0,0,0,0,0,0,0,0,0,0,0,0,0
64,60,55,47,0,0,0,0,0,0,0,0,0,0,0,0,0,0,0
64,60,55,48,26,24,0,0,0,0,0,0,0,0,0,0,0,0,0
64,60,55,49,51,27,31,9,12,16,0,0,0,0,0,0,0,0,0
64,61,57,43,30,52,47,0,0,0,0,0,0,0,0,0,0,0,0
64,61,58,52,47,0,0,0,0,0,0,0,0,0,0,0,0,0,0
65,67,43,26,24,0,0,0,0,0,0,0,0,0,0,0,0,0,0
65,68,60,54,17,0,0,0,0,0,0,0,0,0,0,0,0,0,0
65,68,60,55,47,0,0,0,0,0,0,0,0,0,0,0,0,0,0
65,70,71,41,43,26,24,0,0,0,0,0,0,0,0,0,0,0,0
66,74,38,35,6,9,12,16,0,0,0,0,0,0,0,0,0,0,0
66,74,38,35,6,9,13,24,0,0,0,0,0,0,0,0,0,0,0
66,74,38,36,32,26,24,0,0,0,0,0,0,0,0,0,0,0,0
64,60,54,17,19,14,3,2,6,9,13,0,0,0,0,0,0,0,0
64,60,54,17,21,0,0,0,0,0,0,0,0,0,0,0,0,0,0
64,60,55,47,21,0,0,0,0,0,0,0,0,0,0,0,0,0,0
64,60,55,48,26,0,0,0,0,0,0,0,0,0,0,0,0,0,0
64,60,55,49,51,27,31,9,13,0,0,0,0,0,0,0,0,0,0
64,61,57,43,26,0,0,0,0,0,0,0,0,0,0,0,0,0,0
65,67,43,26,0,0,0,0,0,0,0,0,0,0,0,0,0,0,0
65,68,60,54,17,21,0,0,0,0,0,0,0,0,0,0,0,0,0
65,68,60,55,47,21,0,0,0,0,0,0,0,0,0,0,0,0,0
65,68,60,55,48,26,0,0,0,0,0,0,0,0,0,0,0,0,0
65,70,71,40,32,26,0,0,0,0,0,0,0,0,0,0,0,0,0
65,70,71,41,43,26,0,0,0,0,0,0,0,0,0,0,0,0,0
66,74,38,35,6,9,13,0,0,0,0,0,0,0,0,0,0,0,0
66,74,38,35,6,10,32,26,0,0,0,0,0,0,0,0,0,0,0
66,74,38,36,32,26,0,0,0,0,0,0,0,0,0,0,0,0,0
64,60,54,17,21,25,0,0,0,0,0,0,0,0,0,0,0,0,0
64,60,55,47,21,25,0,0,0,0,0,0,0,0,0,0,0,0,0
64,60,55,48,0,0,0,0,0,0,0,0,0,0,0,0,0,0,0
64,60,55,49,51,0,0,0,0,0,0,0,0,0,0,0,0,0,0
64,61,57,43,0,0,0,0,0,0,0,0,0,0,0,0,0,0,0
64,61,58,51,0,0,0,0,0,0,0,0,0,0,0,0,0,0,0
65,67,43,0,0,0,0,0,0,0,0,0,0,0,0,0,0,0,0
65,68,60,54,17,21,25,0,0,0,0,0,0,0,0,0,0,0,0
65,68,60,55,48,0,0,0,0,0,0,0,0,0,0,0,0,0,0
65,68,60,55,49,51,0,0,0,0,0,0,0,0,0,0,0,0,0
65,68,61,57,43,0,0,0,0,0,0,0,0,0,0,0,0,0,0
65,68,61,58,51,0,0,0,0,0,0,0,0,0,0,0,0,0,0
65,70,71,40,32,0,0,0,0,0,0,0,0,0,0,0,0,0,0
65,70,71,41,43,0,0,0,0,0,0,0,0,0,0,0,0,0,0
66,74,38,35,6,9,13,25,0,0,0,0,0,0,0,0,0,0,0
66,74,38,35,6,10,32,0,0,0,0,0,0,0,0,0,0,0,0
66,74,38,36,32,0,0,0,0,0,0,0,0,0,0,0,0,0,0
64,60,54,17,19,14,3,2,6,10,0,0,0,0,0,0,0,0,0
64,60,54,17,21,23,11,10,0,0,0,0,0,0,0,0,0,0,0
64,60,54,17,21,25,27,0,0,0,0,0,0,0,0,0,0,0,0
64,60,55,47,21,25,27,0,0,0,0,0,0,0,0,0,0,0,0
64,60,55,48,27,0,0,0,0,0,0,0,0,0,0,0,0,0,0
64,60,55,49,51,27,0,0,0,0,0,0,0,0,0,0,0,0,0
64,61,57,43,26,23,11,10,0,0,0,0,0,0,0,0,0,0,0
64,61,57,43,27,0,0,0,0,0,0,0,0,0,0,0,0,0,0
65,67,43,27,0,0,0,0,0,0,0,0,0,0,0,0,0,0,0
65,67,44,40,0,0,0,0,0,0,0,0,0,0,0,0,0,0,0
65,68,60,54,17,19,14,3,2,6,10,0,0,0,0,0,0,0,0
65,68,60,54,17,21,23,11,8,7,36,0,0,0,0,0,0,0,0
65,68,60,54,17,21,23,11,10,0,0,0,0,0,0,0,0,0,0
65,68,60,55,48,26,23,12,14,3,2,6,10,0,0,0,0,0,0
65,68,60,55,49,51,27,0,0,0,0,0,0,0,0,0,0,0,0
65,70,71,40,0,0,0,0,0,0,0,0,0,0,0,0,0,0,0
65,70,71,41,43,27,0,0,0,0,0,0,0,0,0,0,0,0,0
66,74,38,35,6,9,13,25,27,0,0,0,0,0,0,0,0,0,0
66,74,38,35,6,10,0,0,0,0,0,0,0,0,0,0,0,0,0
66,74,38,36,0,0,0,0,0,0,0,0,0,0,0,0,0,0,0
66,76,71,40,0,0,0,0,0,0,0,0,0,0,0,0,0,0,0
64,60,54,17,19,14,3,2,7,0,0,0,0,0,0,0,0,0,0
64,60,54,17,21,23,11,8,7,0,0,0,0,0,0,0,0,0,0
64,60,55,47,19,14,3,2,7,0,0,0,0,0,0,0,0,0,0
64,60,55,48,27,33,0,0,0,0,0,0,0,0,0,0,0,0,0
64,61,57,43,26,23,11,10,33,0,0,0,0,0,0,0,0,0,0
64,61,57,43,27,33,0,0,0,0,0,0,0,0,0,0,0,0,0
65,67,43,26,23,11,8,7,0,0,0,0,0,0,0,0,0,0,0
65,67,43,26,23,12,14,3,2,7,0,0,0,0,0,0,0,0,0
65,67,43,26,24,19,15,11,8,7,0,0,0,0,0,0,0,0,0
65,67,43,27,31,8,7,0,0,0,0,0,0,0,0,0,0,0,0
65,67,43,27,33,0,0,0,0,0,0,0,0,0,0,0,0,0,0
65,68,60,54,17,19,14,3,2,7,0,0,0,0,0,0,0,0,0
65,68,60,54,17,19,15,11,8,7,0,0,0,0,0,0,0,0,0
65,68,60,54,17,21,23,11,8,7,0,0,0,0,0,0,0,0,0
65,68,60,55,47,21,23,11,8,7,0,0,0,0,0,0,0,0,0
65,68,60,55,48,26,23,12,14,3,2,7,0,0,0,0,0,0,0
65,70,71,40,31,8,7,0,0,0,0,0,0,0,0,0,0,0,0
65,70,71,40,33,0,0,0,0,0,0,0,0,0,0,0,0,0,0
65,70,71,41,43,27,33,0,0,0,0,0,0,0,0,0,0,0,0
65,70,73,74,38,0,0,0,0,0,0,0,0,0,0,0,0,0,0
66,74,38,0,0,0,0,0,0,0,0,0,0,0,0,0,0,0,0
64,60,55,47,19,14,3,2,7,37,0,0,0,0,0,0,0,0,0
64,61,57,43,26,23,11,10,33,37,0,0,0,0,0,0,0,0,0
65,67,43,26,23,11,8,7,37,0,0,0,0,0,0,0,0,0,0
65,67,43,26,23,12,14,3,2,7,37,0,0,0,0,0,0,0,0
65,67,43,26,24,19,15,11,8,7,37,0,0,0,0,0,0,0,0
65,67,43,27,31,8,7,37,0,0,0,0,0,0,0,0,0,0,0
65,67,43,27,33,37,0,0,0,0,0,0,0,0,0,0,0,0,0
65,68,60,54,17,19,15,11,8,7,37,0,0,0,0,0,0,0,0
65,68,60,54,17,21,23,11,8,7,37,0,0,0,0,0,0,0,0
65,68,60,55,48,26,23,12,14,3,2,7,37,0,0,0,0,0,0
65,70,71,40,31,8,7,37,0,0,0,0,0,0,0,0,0,0,0
65,70,73,74,0,0,0,0,0,0,0,0,0,0,0,0,0,0,0
66,74,0,0,0,0,0,0,0,0,0,0,0,0,0,0,0,0,0
64,60,55,49,51,28,44,0,0,0,0,0,0,0,0,0,0,0,0
64,61,57,43,26,23,11,10,34,0,0,0,0,0,0,0,0,0,0
64,61,57,44,0,0,0,0,0,0,0,0,0,0,0,0,0,0,0
65,67,44,0,0,0,0,0,0,0,0,0,0,0,0,0,0,0,0
65,68,60,54,17,21,25,28,44,0,0,0,0,0,0,0,0,0,0
65,68,60,55,48,26,23,12,14,3,2,6,10,34,0,0,0,0,0
65,70,71,0,0,0,0,0,0,0,0,0,0,0,0,0,0,0,0
66,74,38,35,6,9,13,25,28,44,0,0,0,0,0,0,0,0,0
66,74,38,36,34,0,0,0,0,0,0,0,0,0,0,0,0,0,0
66,76,71,0,0,0,0,0,0,0,0,0,0,0,0,0,0,0,0
64,60,54,17,21,25,28,0,0,0,0,0,0,0,0,0,0,0,0
64,60,55,49,51,28,0,0,0,0,0,0,0,0,0,0,0,0,0
64,61,57,0,0,0,0,0,0,0,0,0,0,0,0,0,0,0,0
65,67,0,0,0,0,0,0,0,0,0,0,0,0,0,0,0,0,0
65,68,60,54,17,21,25,28,0,0,0,0,0,0,0,0,0,0,0
65,68,60,55,48,28,0,0,0,0,0,0,0,0,0,0,0,0,0
65,68,60,55,49,53,57,0,0,0,0,0,0,0,0,0,0,0,0
65,68,61,57,0,0,0,0,0,0,0,0,0,0,0,0,0,0,0
65,70,71,41,0,0,0,0,0,0,0,0,0,0,0,0,0,0,0
66,74,38,35,6,9,13,25,28,0,0,0,0,0,0,0,0,0,0
66,74,38,35,6,10,32,28,0,0,0,0,0,0,0,0,0,0,0
66,76,71,41,0,0,0,0,0,0,0,0,0,0,0,0,0,0,0
64,60,55,0,0,0,0,0,0,0,0,0,0,0,0,0,0,0,0
64,61,57,43,30,52,0,0,0,0,0,0,0,0,0,0,0,0,0
64,61,58,52,0,0,0,0,0,0,0,0,0,0,0,0,0,0,0
65,67,43,26,24,22,0,0,0,0,0,0,0,0,0,0,0,0,0
65,67,43,29,0,0,0,0,0,0,0,0,0,0,0,0,0,0,0
65,68,60,55,0,0,0,0,0,0,0,0,0,0,0,0,0,0,0
65,68,61,58,52,0,0,0,0,0,0,0,0,0,0,0,0,0,0
65,70,71,41,43,29,0,0,0,0,0,0,0,0,0,0,0,0,0
66,74,38,35,6,10,32,29,0,0,0,0,0,0,0,0,0,0,0
66,74,38,36,32,29,0,0,0,0,0,0,0,0,0,0,0,0,0
64,60,55,48,30,0,0,0,0,0,0,0,0,0,0,0,0,0,0
64,60,55,49,0,0,0,0,0,0,0,0,0,0,0,0,0,0,0
64,61,57,43,30,0,0,0,0,0,0,0,0,0,0,0,0,0,0
64,61,58,0,0,0,0,0,0,0,0,0,0,0,0,0,0,0,0
65,67,43,30,0,0,0,0,0,0,0,0,0,0,0,0,0,0,0
65,67,45,58,0,0,0,0,0,0,0,0,0,0,0,0,0,0,0
65,68,60,54,17,21,25,30,0,0,0,0,0,0,0,0,0,0,0
65,68,60,55,48,30,0,0,0,0,0,0,0,0,0,0,0,0,0
65,68,60,55,49,0,0,0,0,0,0,0,0,0,0,0,0,0,0
65,68,61,58,0,0,0,0,0,0,0,0,0,0,0,0,0,0,0
65,70,71,41,45,58,0,0,0,0,0,0,0,0,0,0,0,0,0
66,74,38,35,6,10,32,29,49,0,0,0,0,0,0,0,0,0,0
64,60,0,0,0,0,0,0,0,0,0,0,0,0,0,0,0,0,0
64,61,57,43,30,52,47,20,18,0,0,0,0,0,0,0,0,0,0
65,67,43,26,24,20,18,0,0,0,0,0,0,0,0,0,0,0,0
65,68,60,0,0,0,0,0,0,0,0,0,0,0,0,0,0,0,0
65,70,71,41,43,26,24,20,18,0,0,0,0,0,0,0,0,0,0
64,60,55,49,53,0,0,0,0,0,0,0,0,0,0,0,0,0,0
64,61,0,0,0,0,0,0,0,0,0,0,0,0,0,0,0,0,0
65,67,45,0,0,0,0,0,0,0,0,0,0,0,0,0,0,0,0
65,68,60,54,17,21,25,28,45,0,0,0,0,0,0,0,0,0,0
65,68,60,55,48,28,45,0,0,0,0,0,0,0,0,0,0,0,0
65,68,60,55,49,53,0,0,0,0,0,0,0,0,0,0,0,0,0
65,68,61,0,0,0,0,0,0,0,0,0,0,0,0,0,0,0,0
65,70,71,41,45,0,0,0,0,0,0,0,0,0,0,0,0,0,0
66,74,38,35,6,10,32,29,49,53,0,0,0,0,0,0,0,0,0
64,0,0,0,0,0,0,0,0,0,0,0,0,0,0,0,0,0,0
65,67,43,26,24,20,18,56,0,0,0,0,0,0,0,0,0,0,0
65,68,0,0,0,0,0,0,0,0,0,0,0,0,0,0,0,0,0
65,70,71,41,43,26,24,20,18,56,0,0,0,0,0,0,0,0,0
64,61,57,43,26,23,11,10,34,42,72,0,0,0,0,0,0,0,0
64,63,0,0,0,0,0,0,0,0,0,0,0,0,0,0,0,0,0
65,0,0,0,0,0,0,0,0,0,0,0,0,0,0,0,0,0,0
64,61,57,43,26,23,11,10,34,42,0,0,0,0,0,0,0,0,0
64,63,70,0,0,0,0,0,0,0,0,0,0,0,0,0,0,0,0
65,67,44,42,0,0,0,0,0,0,0,0,0,0,0,0,0,0,0
65,68,60,55,48,26,23,12,14,3,2,6,10,34,42,0,0,0,0
65,70,0,0,0,0,0,0,0,0,0,0,0,0,0,0,0,0,0
66,76,0,0,0,0,0,0,0,0,0,0,0,0,0,0,0,0,0
64,61,57,43,26,23,11,10,34,42,73,0,0,0,0,0,0,0,0
65,67,43,26,23,12,14,3,2,7,37,39,0,0,0,0,0,0,0
65,67,43,26,24,19,15,11,8,7,37,39,0,0,0,0,0,0,0
65,67,43,27,31,8,7,37,39,0,0,0,0,0,0,0,0,0,0
65,67,43,27,33,37,39,0,0,0,0,0,0,0,0,0,0,0,0
65,68,60,54,17,19,15,11,8,7,37,39,0,0,0,0,0,0,0
65,68,60,55,48,26,23,12,14,3,2,7,37,39,0,0,0,0,0
65,70,71,40,31,8,7,37,39,0,0,0,0,0,0,0,0,0,0
65,70,73,0,0,0,0,0,0,0,0,0,0,0,0,0,0,0,0
66,0,0,0,0,0,0,0,0,0,0,0,0,0,0,0,0,0,0
67,43,26,23,11,8,5,0,0,0,0,0,0,0,0,0,0,0,0
67,43,26,23,12,14,3,0,0,0,0,0,0,0,0,0,0,0,0
67,43,26,24,19,15,11,8,5,0,0,0,0,0,0,0,0,0,0
67,43,27,31,8,5,0,0,0,0,0,0,0,0,0,0,0,0,0
67,43,27,33,35,5,0,0,0,0,0,0,0,0,0,0,0,0,0
68,60,54,17,19,14,3,0,0,0,0,0,0,0,0,0,0,0,0
68,60,54,17,19,15,11,8,5,0,0,0,0,0,0,0,0,0,0
68,60,54,17,21,23,11,8,5,0,0,0,0,0,0,0,0,0,0
68,60,55,47,19,14,3,0,0,0,0,0,0,0,0,0,0,0,0
68,60,55,47,21,23,11,8,5,0,0,0,0,0,0,0,0,0,0
68,60,55,48,26,23,12,14,3,0,0,0,0,0,0,0,0,0,0
69,66,74,38,35,5,0,0,0,0,0,0,0,0,0,0,0,0,0
69,66,74,38,35,6,9,12,14,3,0,0,0,0,0,0,0,0,0
70,71,40,31,8,5,0,0,0,0,0,0,0,0,0,0,0,0,0
70,71,40,31,9,12,14,3,0,0,0,0,0,0,0,0,0,0,0
70,71,40,33,35,5,0,0,0,0,0,0,0,0,0,0,0,0,0
70,71,41,43,27,33,35,5,0,0,0,0,0,0,0,0,0,0,0
70,73,74,38,35,5,0,0,0,0,0,0,0,0,0,0,0,0,0
67,43,26,23,11,8,5,1,0,0,0,0,0,0,0,0,0,0,0
67,43,26,23,12,14,0,0,0,0,0,0,0,0,0,0,0,0,0
67,43,26,24,19,15,11,8,5,1,0,0,0,0,0,0,0,0,0
67,43,27,31,8,5,1,0,0,0,0,0,0,0,0,0,0,0,0
67,43,27,33,35,5,1,0,0,0,0,0,0,0,0,0,0,0,0
68,60,54,17,19,14,0,0,0,0,0,0,0,0,0,0,0,0,0
68,60,54,17,19,15,11,8,5,1,0,0,0,0,0,0,0,0,0
68,60,54,17,21,23,11,8,5,1,0,0,0,0,0,0,0,0,0
68,60,54,17,21,23,12,14,0,0,0,0,0,0,0,0,0,0,0
68,60,55,47,19,14,0,0,0,0,0,0,0,0,0,0,0,0,0
68,60,55,47,21,23,11,8,5,1,0,0,0,0,0,0,0,0,0
68,60,55,48,26,23,12,14,0,0,0,0,0,0,0,0,0,0,0
68,61,58,52,47,19,14,0,0,0,0,0,0,0,0,0,0,0,0
69,66,74,38,35,6,9,12,14,0,0,0,0,0,0,0,0,0,0
69,66,74,38,36,31,9,12,14,0,0,0,0,0,0,0,0,0,0
70,71,40,31,8,5,1,0,0,0,0,0,0,0,0,0,0,0,0
70,71,40,31,9,12,14,0,0,0,0,0,0,0,0,0,0,0,0
70,71,40,33,35,5,1,0,0,0,0,0,0,0,0,0,0,0,0
70,71,41,43,27,33,35,5,1,0,0,0,0,0,0,0,0,0,0
70,73,74,38,35,5,1,0,0,0,0,0,0,0,0,0,0,0,0
67,43,26,23,11,8,0,0,0,0,0,0,0,0,0,0,0,0,0
67,43,26,23,12,14,3,2,0,0,0,0,0,0,0,0,0,0,0
67,43,26,24,19,15,11,8,0,0,0,0,0,0,0,0,0,0,0
67,43,27,31,8,0,0,0,0,0,0,0,0,0,0,0,0,0,0
67,43,27,33,35,0,0,0,0,0,0,0,0,0,0,0,0,0,0
68,60,54,17,19,14,3,2,0,0,0,0,0,0,0,0,0,0,0
68,60,54,17,19,15,11,8,0,0,0,0,0,0,0,0,0,0,0
68,60,54,17,21,23,11,8,0,0,0,0,0,0,0,0,0,0,0
68,60,55,47,19,14,3,2,0,0,0,0,0,0,0,0,0,0,0
68,60,55,47,21,23,11,8,0,0,0,0,0,0,0,0,0,0,0
68,60,55,48,26,23,12,14,3,2,0,0,0,0,0,0,0,0,0
69,66,74,38,35,0,0,0,0,0,0,0,0,0,0,0,0,0,0
70,71,40,31,8,0,0,0,0,0,0,0,0,0,0,0,0,0,0
70,71,40,31,9,12,14,3,2,0,0,0,0,0,0,0,0,0,0
70,71,40,33,35,0,0,0,0,0,0,0,0,0,0,0,0,0,0
70,71,41,43,27,33,35,0,0,0,0,0,0,0,0,0,0,0,0
70,73,74,38,35,0,0,0,0,0,0,0,0,0,0,0,0,0,0
67,43,26,23,11,0,0,0,0,0,0,0,0,0,0,0,0,0,0
67,43,26,23,12,14,3,2,6,0,0,0,0,0,0,0,0,0,0
67,43,26,24,19,15,11,0,0,0,0,0,0,0,0,0,0,0,0
67,43,27,31,0,0,0,0,0,0,0,0,0,0,0,0,0,0,0
67,43,27,33,35,6,0,0,0,0,0,0,0,0,0,0,0,0,0
68,60,54,17,19,14,3,2,6,0,0,0,0,0,0,0,0,0,0
68,60,54,17,19,15,11,0,0,0,0,0,0,0,0,0,0,0,0
68,60,54,17,21,23,11,0,0,0,0,0,0,0,0,0,0,0,0
68,60,55,47,19,14,3,2,6,0,0,0,0,0,0,0,0,0,0
68,60,55,47,21,23,11,0,0,0,0,0,0,0,0,0,0,0,0
68,60,55,48,26,23,12,14,3,2,6,0,0,0,0,0,0,0,0
69,66,74,38,35,6,0,0,0,0,0,0,0,0,0,0,0,0,0
69,66,74,38,36,31,0,0,0,0,0,0,0,0,0,0,0,0,0
70,71,40,31,0,0,0,0,0,0,0,0,0,0,0,0,0,0,0
70,71,40,33,35,6,0,0,0,0,0,0,0,0,0,0,0,0,0
70,71,41,43,27,31,0,0,0,0,0,0,0,0,0,0,0,0,0
70,73,74,38,35,6,0,0,0,0,0,0,0,0,0,0,0,0,0
67,43,26,23,0,0,0,0,0,0,0,0,0,0,0,0,0,0,0
67,43,26,24,19,15,0,0,0,0,0,0,0,0,0,0,0,0,0
67,43,27,31,9,0,0,0,0,0,0,0,0,0,0,0,0,0,0
67,43,27,33,35,6,9,0,0,0,0,0,0,0,0,0,0,0,0
68,60,54,17,19,14,3,2,6,9,0,0,0,0,0,0,0,0,0
68,60,54,17,19,15,0,0,0,0,0,0,0,0,0,0,0,0,0
68,60,54,17,21,23,0,0,0,0,0,0,0,0,0,0,0,0,0
68,60,55,47,19,14,3,2,6,9,0,0,0,0,0,0,0,0,0
68,60,55,47,19,15,0,0,0,0,0,0,0,0,0,0,0,0,0
68,60,55,47,21,23,0,0,0,0,0,0,0,0,0,0,0,0,0
68,60,55,48,26,23,0,0,0,0,0,0,0,0,0,0,0,0,0
69,66,74,38,35,6,9,0,0,0,0,0,0,0,0,0,0,0,0
69,66,74,38,36,31,9,0,0,0,0,0,0,0,0,0,0,0,0
70,71,40,31,9,0,0,0,0,0,0,0,0,0,0,0,0,0,0
70,71,40,33,35,6,9,0,0,0,0,0,0,0,0,0,0,0,0
70,71,41,43,27,31,9,0,0,0,0,0,0,0,0,0,0,0,0
70,73,74,38,35,6,9,0,0,0,0,0,0,0,0,0,0,0,0
67,43,26,23,11,8,5,1,4,0,0,0,0,0,0,0,0,0,0
67,43,26,23,12,0,0,0,0,0,0,0,0,0,0,0,0,0,0
67,43,26,24,19,0,0,0,0,0,0,0,0,0,0,0,0,0,0
67,43,27,31,8,5,1,4,0,0,0,0,0,0,0,0,0,0,0
67,43,27,31,9,12,0,0,0,0,0,0,0,0,0,0,0,0,0
67,43,27,33,35,5,1,4,0,0,0,0,0,0,0,0,0,0,0
68,60,54,17,19,0,0,0,0,0,0,0,0,0,0,0,0,0,0
68,60,54,17,21,23,11,8,5,1,4,0,0,0,0,0,0,0,0
68,60,54,17,21,23,12,0,0,0,0,0,0,0,0,0,0,0,0
68,60,55,47,19,0,0,0,0,0,0,0,0,0,0,0,0,0,0
68,60,55,47,21,23,12,0,0,0,0,0,0,0,0,0,0,0,0
68,60,55,48,26,23,12,0,0,0,0,0,0,0,0,0,0,0,0
68,61,58,52,47,19,0,0,0,0,0,0,0,0,0,0,0,0,0
69,66,74,38,35,6,9,12,0,0,0,0,0,0,0,0,0,0,0
69,66,74,38,36,31,9,12,0,0,0,0,0,0,0,0,0,0,0
70,71,40,31,8,5,1,4,0,0,0,0,0,0,0,0,0,0,0
70,71,40,31,9,12,0,0,0,0,0,0,0,0,0,0,0,0,0
70,71,40,33,35,5,1,4,0,0,0,0,0,0,0,0,0,0,0
70,71,41,43,27,31,9,12,0,0,0,0,0,0,0,0,0,0,0
70,73,74,38,35,6,9,12,0,0,0,0,0,0,0,0,0,0,0
67,43,26,24,20,0,0,0,0,0,0,0,0,0,0,0,0,0,0
67,43,30,52,47,20,0,0,0,0,0,0,0,0,0,0,0,0,0
68,60,54,0,0,0,0,0,0,0,0,0,0,0,0,0,0,0,0
69,64,60,54,0,0,0,0,0,0,0,0,0,0,0,0,0,0,0
70,71,40,32,28,45,59,60,54,0,0,0,0,0,0,0,0,0,0
70,71,41,43,26,24,20,0,0,0,0,0,0,0,0,0,0,0,0
67,43,26,23,12,16,0,0,0,0,0,0,0,0,0,0,0,0,0
67,43,26,24,0,0,0,0,0,0,0,0,0,0,0,0,0,0,0
67,43,30,52,47,0,0,0,0,0,0,0,0,0,0,0,0,0,0
67,45,58,52,47,0,0,0,0,0,0,0,0,0,0,0,0,0,0
68,60,54,17,0,0,0,0,0,0,0,0,0,0,0,0,0,0,0
68,60,55,47,0,0,0,0,0,0,0,0,0,0,0,0,0,0,0
68,61,58,52,47,0,0,0,0,0,0,0,0,0,0,0,0,0,0
69,64,60,54,17,0,0,0,0,0,0,0,0,0,0,0,0,0,0
69,66,74,38,35,6,9,13,24,0,0,0,0,0,0,0,0,0,0
70,71,40,31,9,12,16,0,0,0,0,0,0,0,0,0,0,0,0
70,71,40,33,35,5,1,4,16,0,0,0,0,0,0,0,0,0,0
70,71,41,43,26,24,0,0,0,0,0,0,0,0,0,0,0,0,0
70,73,74,38,35,6,9,12,16,0,0,0,0,0,0,0,0,0,0
67,43,26,0,0,0,0,0,0,0,0,0,0,0,0,0,0,0,0
68,60,54,17,21,0,0,0,0,0,0,0,0,0,0,0,0,0,0
68,60,55,47,21,0,0,0,0,0,0,0,0,0,0,0,0,0,0
68,60,55,48,26,0,0,0,0,0,0,0,0,0,0,0,0,0,0
69,66,74,38,35,6,9,13,0,0,0,0,0,0,0,0,0,0,0
69,66,74,38,36,32,26,0,0,0,0,0,0,0,0,0,0,0,0
70,71,40,31,9,13,0,0,0,0,0,0,0,0,0,0,0,0,0
70,71,40,32,26,0,0,0,0,0,0,0,0,0,0,0,0,0,0
70,71,40,33,35,6,9,13,0,0,0,0,0,0,0,0,0,0,0
70,71,41,43,26,0,0,0,0,0,0,0,0,0,0,0,0,0,0
70,73,74,38,35,6,9,13,0,0,0,0,0,0,0,0,0,0,0
67,43,0,0,0,0,0,0,0,0,0,0,0,0,0,0,0,0,0
68,60,54,17,21,25,0,0,0,0,0,0,0,0,0,0,0,0,0
68,60,55,47,21,25,0,0,0,0,0,0,0,0,0,0,0,0,0
68,60,55,48,0,0,0,0,0,0,0,0,0,0,0,0,0,0,0
68,60,55,49,51,0,0,0,0,0,0,0,0,0,0,0,0,0,0
68,61,57,43,0,0,0,0,0,0,0,0,0,0,0,0,0,0,0
68,61,58,51,0,0,0,0,0,0,0,0,0,0,0,0,0,0,0
69,66,74,38,35,6,9,13,25,0,0,0,0,0,0,0,0,0,0
69,66,74,38,36,32,0,0,0,0,0,0,0,0,0,0,0,0,0
70,71,40,32,0,0,0,0,0,0,0,0,0,0,0,0,0,0,0
70,71,40,33,35,6,9,13,25,0,0,0,0,0,0,0,0,0,0
70,71,41,43,0,0,0,0,0,0,0,0,0,0,0,0,0,0,0
70,73,74,38,35,6,9,13,25,0,0,0,0,0,0,0,0,0,0
67,43,26,23,11,10,0,0,0,0,0,0,0,0,0,0,0,0,0
67,43,27,0,0,0,0,0,0,0,0,0,0,0,0,0,0,0,0
67,44,40,0,0,0,0,0,0,0,0,0,0,0,0,0,0,0,0
68,60,54,17,19,14,3,2,6,10,0,0,0,0,0,0,0,0,0
68,60,54,17,21,23,11,8,7,36,0,0,0,0,0,0,0,0,0
68,60,54,17,21,23,11,10,0,0,0,0,0,0,0,0,0,0,0
68,60,54,17,21,25,27,0,0,0,0,0,0,0,0,0,0,0,0
68,60,55,47,21,25,27,0,0,0,0,0,0,0,0,0,0,0,0
68,60,55,48,26,23,12,14,3,2,6,10,0,0,0,0,0,0,0
68,60,55,49,51,27,0,0,0,0,0,0,0,0,0,0,0,0,0
69,66,74,38,35,6,9,13,25,27,0,0,0,0,0,0,0,0,0
69,66,74,38,36,0,0,0,0,0,0,0,0,0,0,0,0,0,0
70,71,40,0,0,0,0,0,0,0,0,0,0,0,0,0,0,0,0
70,71,41,43,27,0,0,0,0,0,0,0,0,0,0,0,0,0,0
70,73,74,38,35,6,9,13,25,27,0,0,0,0,0,0,0,0,0
67,43,26,23,11,8,7,0,0,0,0,0,0,0,0,0,0,0,0
67,43,26,23,11,10,33,0,0,0,0,0,0,0,0,0,0,0,0
67,43,26,23,12,14,3,2,7,0,0,0,0,0,0,0,0,0,0
67,43,26,24,19,15,11,8,7,0,0,0,0,0,0,0,0,0,0
67,43,27,31,8,7,0,0,0,0,0,0,0,0,0,0,0,0,0
67,43,27,33,0,0,0,0,0,0,0,0,0,0,0,0,0,0,0
68,60,54,17,19,14,3,2,7,0,0,0,0,0,0,0,0,0,0
68,60,54,17,19,15,11,8,7,0,0,0,0,0,0,0,0,0,0
68,60,54,17,21,23,11,8,7,0,0,0,0,0,0,0,0,0,0
68,60,55,47,19,14,3,2,7,0,0,0,0,0,0,0,0,0,0
68,60,55,47,21,23,11,8,7,0,0,0,0,0,0,0,0,0,0
68,60,55,48,26,23,12,14,3,2,7,0,0,0,0,0,0,0,0
69,66,74,38,0,0,0,0,0,0,0,0,0,0,0,0,0,0,0
70,71,40,31,8,7,0,0,0,0,0,0,0,0,0,0,0,0,0
70,71,40,33,0,0,0,0,0,0,0,0,0,0,0,0,0,0,0
70,71,41,43,27,33,0,0,0,0,0,0,0,0,0,0,0,0,0
70,73,74,38,0,0,0,0,0,0,0,0,0,0,0,0,0,0,0
67,43,26,23,11,8,7,37,0,0,0,0,0,0,0,0,0,0,0
67,43,26,23,11,10,33,37,0,0,0,0,0,0,0,0,0,0,0
67,43,26,23,12,14,3,2,7,37,0,0,0,0,0,0,0,0,0
67,43,26,24,19,15,11,8,7,37,0,0,0,0,0,0,0,0,0
67,43,27,31,8,7,37,0,0,0,0,0,0,0,0,0,0,0,0
67,43,27,33,37,0,0,0,0,0,0,0,0,0,0,0,0,0,0
68,60,54,17,19,15,11,8,7,37,0,0,0,0,0,0,0,0,0
68,60,54,17,21,23,11,8,7,37,0,0,0,0,0,0,0,0,0
68,60,55,47,19,14,3,2,7,37,0,0,0,0,0,0,0,0,0
68,60,55,48,26,23,12,14,3,2,7,37,0,0,0,0,0,0,0
69,66,74,0,0,0,0,0,0,0,0,0,0,0,0,0,0,0,0
70,71,40,31,8,7,37,0,0,0,0,0,0,0,0,0,0,0,0
70,73,74,0,0,0,0,0,0,0,0,0,0,0,0,0,0,0,0
67,43,26,23,11,10,34,0,0,0,0,0,0,0,0,0,0,0,0
67,44,0,0,0,0,0,0,0,0,0,0,0,0,0,0,0,0,0
68,60,54,17,21,25,28,44,0,0,0,0,0,0,0,0,0,0,0
68,60,55,48,26,23,12,14,3,2,6,10,34,0,0,0,0,0,0
68,61,57,44,0,0,0,0,0,0,0,0,0,0,0,0,0,0,0
69,66,74,38,35,6,9,13,25,28,44,0,0,0,0,0,0,0,0
70,71,0,0,0,0,0,0,0,0,0,0,0,0,0,0,0,0,0
67,0,0,0,0,0,0,0,0,0,0,0,0,0,0,0,0,0,0
68,60,54,17,21,25,28,0,0,0,0,0,0,0,0,0,0,0,0
68,60,55,48,28,0,0,0,0,0,0,0,0,0,0,0,0,0,0
68,60,55,49,53,57,0,0,0,0,0,0,0,0,0,0,0,0,0
68,61,57,0,0,0,0,0,0,0,0,0,0,0,0,0,0,0,0
69,64,61,57,0,0,0,0,0,0,0,0,0,0,0,0,0,0,0
69,66,74,38,35,6,9,13,25,28,0,0,0,0,0,0,0,0,0
70,71,40,32,28,0,0,0,0,0,0,0,0,0,0,0,0,0,0
70,71,41,0,0,0,0,0,0,0,0,0,0,0,0,0,0,0,0
67,43,26,24,22,0,0,0,0,0,0,0,0,0,0,0,0,0,0
67,43,29,0,0,0,0,0,0,0,0,0,0,0,0,0,0,0,0
67,43,30,52,0,0,0,0,0,0,0,0,0,0,0,0,0,0,0
67,45,58,52,0,0,0,0,0,0,0,0,0,0,0,0,0,0,0
68,60,55,0,0,0,0,0,0,0,0,0,0,0,0,0,0,0,0
68,61,58,52,0,0,0,0,0,0,0,0,0,0,0,0,0,0,0
69,64,60,55,0,0,0,0,0,0,0,0,0,0,0,0,0,0,0
70,71,40,32,28,45,59,60,55,0,0,0,0,0,0,0,0,0,0
70,71,40,32,29,0,0,0,0,0,0,0,0,0,0,0,0,0,0
70,71,41,43,29,0,0,0,0,0,0,0,0,0,0,0,0,0,0
67,43,30,0,0,0,0,0,0,0,0,0,0,0,0,0,0,0,0
67,45,58,0,0,0,0,0,0,0,0,0,0,0,0,0,0,0,0
68,60,54,17,21,25,30,0,0,0,0,0,0,0,0,0,0,0,0
68,60,55,48,30,0,0,0,0,0,0,0,0,0,0,0,0,0,0
68,60,55,49,0,0,0,0,0,0,0,0,0,0,0,0,0,0,0
68,61,58,0,0,0,0,0,0,0,0,0,0,0,0,0,0,0,0
69,64,60,55,49,0,0,0,0,0,0,0,0,0,0,0,0,0,0
70,71,40,32,28,45,58,0,0,0,0,0,0,0,0,0,0,0,0
70,71,40,32,29,49,0,0,0,0,0,0,0,0,0,0,0,0,0
70,71,40,33,35,6,9,13,25,30,0,0,0,0,0,0,0,0,0
70,71,41,45,58,0,0,0,0,0,0,0,0,0,0,0,0,0,0
70,73,74,38,35,6,9,13,25,30,0,0,0,0,0,0,0,0,0
67,43,26,24,20,18,0,0,0,0,0,0,0,0,0,0,0,0,0
67,43,30,52,47,20,18,0,0,0,0,0,0,0,0,0,0,0,0
68,60,0,0,0,0,0,0,0,0,0,0,0,0,0,0,0,0,0
69,64,60,0,0,0,0,0,0,0,0,0,0,0,0,0,0,0,0
70,71,40,32,28,45,59,60,0,0,0,0,0,0,0,0,0,0,0
70,71,41,43,26,24,20,18,0,0,0,0,0,0,0,0,0,0,0
67,45,0,0,0,0,0,0,0,0,0,0,0,0,0,0,0,0,0
68,60,54,17,21,25,28,45,0,0,0,0,0,0,0,0,0,0,0
68,60,55,48,28,45,0,0,0,0,0,0,0,0,0,0,0,0,0
68,60,55,49,53,0,0,0,0,0,0,0,0,0,0,0,0,0,0
68,61,0,0,0,0,0,0,0,0,0,0,0,0,0,0,0,0,0
69,64,60,55,49,53,0,0,0,0,0,0,0,0,0,0,0,0,0
69,64,61,0,0,0,0,0,0,0,0,0,0,0,0,0,0,0,0
70,71,40,32,28,45,0,0,0,0,0,0,0,0,0,0,0,0,0
70,71,40,32,29,49,53,0,0,0,0,0,0,0,0,0,0,0,0
70,71,41,45,0,0,0,0,0,0,0,0,0,0,0,0,0,0,0
67,43,26,24,20,18,56,0,0,0,0,0,0,0,0,0,0,0,0
67,45,59,0,0,0,0,0,0,0,0,0,0,0,0,0,0,0,0
68,0,0,0,0,0,0,0,0,0,0,0,0,0,0,0,0,0,0
69,64,0,0,0,0,0,0,0,0,0,0,0,0,0,0,0,0,0
70,71,40,32,28,45,59,0,0,0,0,0,0,0,0,0,0,0,0
70,71,41,43,26,24,20,18,56,0,0,0,0,0,0,0,0,0,0
67,43,26,23,11,10,34,42,73,75,0,0,0,0,0,0,0,0,0
68,60,55,47,19,14,3,2,7,37,39,75,0,0,0,0,0,0,0
68,62,0,0,0,0,0,0,0,0,0,0,0,0,0,0,0,0,0
69,0,0,0,0,0,0,0,0,0,0,0,0,0,0,0,0,0,0
70,73,75,0,0,0,0,0,0,0,0,0,0,0,0,0,0,0,0
67,43,26,23,11,10,34,42,0,0,0,0,0,0,0,0,0,0,0
67,44,42,0,0,0,0,0,0,0,0,0,0,0,0,0,0,0,0
68,60,55,48,26,23,12,14,3,2,6,10,34,42,0,0,0,0,0
69,66,76,0,0,0,0,0,0,0,0,0,0,0,0,0,0,0,0
70,0,0,0,0,0,0,0,0,0,0,0,0,0,0,0,0,0,0
67,43,26,23,11,10,34,42,73,0,0,0,0,0,0,0,0,0,0
67,43,26,23,12,14,3,2,7,37,39,0,0,0,0,0,0,0,0
67,43,26,24,19,15,11,8,7,37,39,0,0,0,0,0,0,0,0
67,43,27,31,8,7,37,39,0,0,0,0,0,0,0,0,0,0,0
67,43,27,33,37,39,0,0,0,0,0,0,0,0,0,0,0,0,0
68,60,54,17,19,15,11,8,7,37,39,0,0,0,0,0,0,0,0
68,60,55,47,19,14,3,2,7,37,39,0,0,0,0,0,0,0,0
68,60,55,48,26,23,12,14,3,2,7,37,39,0,0,0,0,0,0
68,62,66,0,0,0,0,0,0,0,0,0,0,0,0,0,0,0,0
69,66,0,0,0,0,0,0,0,0,0,0,0,0,0,0,0,0,0
70,71,40,31,8,7,37,39,0,0,0,0,0,0,0,0,0,0,0
70,73,0,0,0,0,0,0,0,0,0,0,0,0,0,0,0,0,0
71,40,31,8,5,0,0,0,0,0,0,0,0,0,0,0,0,0,0
71,40,31,9,12,14,3,0,0,0,0,0,0,0,0,0,0,0,0
71,40,33,35,5,0,0,0,0,0,0,0,0,0,0,0,0,0,0
71,41,43,26,23,11,8,5,0,0,0,0,0,0,0,0,0,0,0
71,41,43,26,23,12,14,3,0,0,0,0,0,0,0,0,0,0,0
71,41,43,26,24,19,15,11,8,5,0,0,0,0,0,0,0,0,0
71,41,43,27,33,35,5,0,0,0,0,0,0,0,0,0,0,0,0
72,67,43,26,23,11,8,5,0,0,0,0,0,0,0,0,0,0,0
72,67,43,26,23,12,14,3,0,0,0,0,0,0,0,0,0,0,0
72,67,43,27,31,8,5,0,0,0,0,0,0,0,0,0,0,0,0
72,68,60,54,17,19,14,3,0,0,0,0,0,0,0,0,0,0,0
72,68,60,54,17,19,15,11,8,5,0,0,0,0,0,0,0,0,0
72,68,60,54,17,21,23,11,8,5,0,0,0,0,0,0,0,0,0
72,68,60,55,47,19,14,3,0,0,0,0,0,0,0,0,0,0,0
72,68,60,55,48,26,23,12,14,3,0,0,0,0,0,0,0,0,0
73,74,38,35,5,0,0,0,0,0,0,0,0,0,0,0,0,0,0
73,74,38,35,6,9,12,14,3,0,0,0,0,0,0,0,0,0,0
71,40,31,8,0,0,0,0,0,0,0,0,0,0,0,0,0,0,0
71,40,31,9,12,14,3,2,0,0,0,0,0,0,0,0,0,0,0
71,40,33,35,0,0,0,0,0,0,0,0,0,0,0,0,0,0,0
71,41,43,26,23,11,8,0,0,0,0,0,0,0,0,0,0,0,0
71,41,43,26,23,12,14,3,2,0,0,0,0,0,0,0,0,0,0
71,41,43,26,24,19,15,11,8,0,0,0,0,0,0,0,0,0,0
71,41,43,27,33,35,0,0,0,0,0,0,0,0,0,0,0,0,0
72,67,43,26,23,11,8,0,0,0,0,0,0,0,0,0,0,0,0
72,67,43,26,23,12,14,3,2,0,0,0,0,0,0,0,0,0,0
72,67,43,27,31,8,0,0,0,0,0,0,0,0,0,0,0,0,0
72,68,60,54,17,19,14,3,2,0,0,0,0,0,0,0,0,0,0
72,68,60,54,17,19,15,11,8,0,0,0,0,0,0,0,0,0,0
72,68,60,54,17,21,23,11,8,0,0,0,0,0,0,0,0,0,0
72,68,60,55,47,19,14,3,2,0,0,0,0,0,0,0,0,0,0
72,68,60,55,48,26,23,12,14,3,2,0,0,0,0,0,0,0,0
73,74,38,35,0,0,0,0,0,0,0,0,0,0,0,0,0,0,0
71,40,31,0,0,0,0,0,0,0,0,0,0,0,0,0,0,0,0
71,40,33,35,6,0,0,0,0,0,0,0,0,0,0,0,0,0,0
71,41,43,26,23,11,0,0,0,0,0,0,0,0,0,0,0,0,0
71,41,43,26,23,12,14,3,2,6,0,0,0,0,0,0,0,0,0
71,41,43,26,24,19,15,11,0,0,0,0,0,0,0,0,0,0,0
71,41,43,27,31,0,0,0,0,0,0,0,0,0,0,0,0,0,0
72,67,43,26,23,11,0,0,0,0,0,0,0,0,0,0,0,0,0
72,67,43,26,23,12,14,3,2,6,0,0,0,0,0,0,0,0,0
72,67,43,27,31,0,0,0,0,0,0,0,0,0,0,0,0,0,0
72,68,60,54,17,19,14,3,2,6,0,0,0,0,0,0,0,0,0
72,68,60,54,17,19,15,11,0,0,0,0,0,0,0,0,0,0,0
72,68,60,54,17,21,23,11,0,0,0,0,0,0,0,0,0,0,0
72,68,60,55,47,19,14,3,2,6,0,0,0,0,0,0,0,0,0
72,68,60,55,48,26,23,12,14,3,2,6,0,0,0,0,0,0,0
73,74,38,35,6,0,0,0,0,0,0,0,0,0,0,0,0,0,0
73,74,38,36,31,0,0,0,0,0,0,0,0,0,0,0,0,0,0
71,40,31,9,0,0,0,0,0,0,0,0,0,0,0,0,0,0,0
71,40,32,26,23,0,0,0,0,0,0,0,0,0,0,0,0,0,0
71,40,33,35,6,9,0,0,0,0,0,0,0,0,0,0,0,0,0
71,41,43,26,23,0,0,0,0,0,0,0,0,0,0,0,0,0,0
71,41,43,26,24,19,15,0,0,0,0,0,0,0,0,0,0,0,0
71,41,43,27,31,9,0,0,0,0,0,0,0,0,0,0,0,0,0
72,67,43,26,23,0,0,0,0,0,0,0,0,0,0,0,0,0,0
72,67,43,27,31,9,0,0,0,0,0,0,0,0,0,0,0,0,0
72,68,60,54,17,19,15,0,0,0,0,0,0,0,0,0,0,0,0
72,68,60,54,17,21,23,0,0,0,0,0,0,0,0,0,0,0,0
72,68,60,55,47,19,14,3,2,6,9,0,0,0,0,0,0,0,0
72,68,60,55,47,19,15,0,0,0,0,0,0,0,0,0,0,0,0
72,68,60,55,48,26,23,0,0,0,0,0,0,0,0,0,0,0,0
73,74,38,35,6,9,0,0,0,0,0,0,0,0,0,0,0,0,0
73,74,38,36,31,9,0,0,0,0,0,0,0,0,0,0,0,0,0
73,75,64,61,58,52,47,19,15,0,0,0,0,0,0,0,0,0,0
71,40,31,8,5,1,4,0,0,0,0,0,0,0,0,0,0,0,0
71,40,31,9,12,0,0,0,0,0,0,0,0,0,0,0,0,0,0
71,40,32,26,23,12,0,0,0,0,0,0,0,0,0,0,0,0,0
71,40,33,35,5,1,4,0,0,0,0,0,0,0,0,0,0,0,0
71,40,33,35,6,9,12,0,0,0,0,0,0,0,0,0,0,0,0
71,41,43,26,23,12,0,0,0,0,0,0,0,0,0,0,0,0,0
71,41,43,26,24,19,0,0,0,0,0,0,0,0,0,0,0,0,0
71,41,43,27,31,9,12,0,0,0,0,0,0,0,0,0,0,0,0
72,67,43,26,23,12,0,0,0,0,0,0,0,0,0,0,0,0,0
72,67,43,27,31,8,5,1,4,0,0,0,0,0,0,0,0,0,0
72,68,60,54,17,19,0,0,0,0,0,0,0,0,0,0,0,0,0
72,68,60,54,17,21,23,11,8,5,1,4,0,0,0,0,0,0,0
72,68,60,54,17,21,23,12,0,0,0,0,0,0,0,0,0,0,0
72,68,60,55,47,19,0,0,0,0,0,0,0,0,0,0,0,0,0
72,68,60,55,48,26,23,12,0,0,0,0,0,0,0,0,0,0,0
73,74,38,35,5,1,4,0,0,0,0,0,0,0,0,0,0,0,0
73,74,38,35,6,9,12,0,0,0,0,0,0,0,0,0,0,0,0
73,74,38,36,31,9,12,0,0,0,0,0,0,0,0,0,0,0,0
73,75,64,61,58,52,47,19,0,0,0,0,0,0,0,0,0,0,0
71,40,31,9,12,16,20,0,0,0,0,0,0,0,0,0,0,0,0
71,40,32,28,45,59,60,54,0,0,0,0,0,0,0,0,0,0,0
71,40,32,29,50,54,0,0,0,0,0,0,0,0,0,0,0,0,0
71,40,33,35,5,1,4,16,20,0,0,0,0,0,0,0,0,0,0
71,41,43,26,24,20,0,0,0,0,0,0,0,0,0,0,0,0,0
71,41,46,68,60,54,0,0,0,0,0,0,0,0,0,0,0,0,0
72,67,43,30,52,47,20,0,0,0,0,0,0,0,0,0,0,0,0
72,68,60,54,0,0,0,0,0,0,0,0,0,0,0,0,0,0,0
72,69,64,60,54,0,0,0,0,0,0,0,0,0,0,0,0,0,0
73,74,38,35,6,9,13,24,22,50,54,0,0,0,0,0,0,0,0
73,75,64,60,54,0,0,0,0,0,0,0,0,0,0,0,0,0,0
71,40,31,9,12,16,0,0,0,0,0,0,0,0,0,0,0,0,0
71,40,33,35,5,1,4,16,0,0,0,0,0,0,0,0,0,0,0
71,41,43,26,24,0,0,0,0,0,0,0,0,0,0,0,0,0,0
71,41,46,68,60,54,17,0,0,0,0,0,0,0,0,0,0,0,0
72,67,43,26,23,12,16,0,0,0,0,0,0,0,0,0,0,0,0
72,67,43,26,24,0,0,0,0,0,0,0,0,0,0,0,0,0,0
72,67,43,30,52,47,0,0,0,0,0,0,0,0,0,0,0,0,0
72,67,45,58,52,47,0,0,0,0,0,0,0,0,0,0,0,0,0
72,68,60,54,17,0,0,0,0,0,0,0,0,0,0,0,0,0,0
72,68,60,55,47,0,0,0,0,0,0,0,0,0,0,0,0,0,0
72,69,64,60,54,17,0,0,0,0,0,0,0,0,0,0,0,0,0
73,74,38,35,6,9,12,16,0,0,0,0,0,0,0,0,0,0,0
73,74,38,35,6,9,13,24,0,0,0,0,0,0,0,0,0,0,0
73,75,64,61,58,52,47,0,0,0,0,0,0,0,0,0,0,0,0
71,40,31,9,13,0,0,0,0,0,0,0,0,0,0,0,0,0,0
71,40,32,26,0,0,0,0,0,0,0,0,0,0,0,0,0,0,0
71,40,33,35,6,9,13,0,0,0,0,0,0,0,0,0,0,0,0
71,41,43,26,0,0,0,0,0,0,0,0,0,0,0,0,0,0,0
71,41,46,68,60,54,17,21,0,0,0,0,0,0,0,0,0,0,0
72,67,43,26,0,0,0,0,0,0,0,0,0,0,0,0,0,0,0
72,68,60,54,17,21,0,0,0,0,0,0,0,0,0,0,0,0,0
72,68,60,55,47,21,0,0,0,0,0,0,0,0,0,0,0,0,0
72,68,60,55,48,26,0,0,0,0,0,0,0,0,0,0,0,0,0
73,74,38,35,6,9,13,0,0,0,0,0,0,0,0,0,0,0,0
73,74,38,36,32,26,0,0,0,0,0,0,0,0,0,0,0,0,0
73,75,64,61,57,43,26,0,0,0,0,0,0,0,0,0,0,0,0
71,40,31,9,13,25,0,0,0,0,0,0,0,0,0,0,0,0,0
71,40,32,0,0,0,0,0,0,0,0,0,0,0,0,0,0,0,0
71,40,33,35,6,9,13,25,0,0,0,0,0,0,0,0,0,0,0
71,41,43,0,0,0,0,0,0,0,0,0,0,0,0,0,0,0,0
71,41,46,68,60,54,17,21,25,0,0,0,0,0,0,0,0,0,0
72,67,43,0,0,0,0,0,0,0,0,0,0,0,0,0,0,0,0
72,68,60,54,17,21,25,0,0,0,0,0,0,0,0,0,0,0,0
72,68,60,55,47,21,25,0,0,0,0,0,0,0,0,0,0,0,0
72,68,60,55,48,0,0,0,0,0,0,0,0,0,0,0,0,0,0
72,68,61,57,43,0,0,0,0,0,0,0,0,0,0,0,0,0,0
73,74,38,35,6,9,13,25,0,0,0,0,0,0,0,0,0,0,0
73,74,38,36,32,0,0,0,0,0,0,0,0,0,0,0,0,0,0
73,75,64,61,57,43,0,0,0,0,0,0,0,0,0,0,0,0,0
71,40,0,0,0,0,0,0,0,0,0,0,0,0,0,0,0,0,0
71,41,43,27,0,0,0,0,0,0,0,0,0,0,0,0,0,0,0
72,67,43,26,23,11,10,0,0,0,0,0,0,0,0,0,0,0,0
72,67,43,27,0,0,0,0,0,0,0,0,0,0,0,0,0,0,0
72,67,44,40,0,0,0,0,0,0,0,0,0,0,0,0,0,0,0
72,68,60,54,17,21,23,11,8,7,36,0,0,0,0,0,0,0,0
72,68,60,55,47,21,25,27,0,0,0,0,0,0,0,0,0,0,0
72,68,60,55,48,26,23,12,14,3,2,6,10,0,0,0,0,0,0
73,74,38,35,6,9,13,25,27,0,0,0,0,0,0,0,0,0,0
73,74,38,36,0,0,0,0,0,0,0,0,0,0,0,0,0,0,0
71,40,31,8,7,0,0,0,0,0,0,0,0,0,0,0,0,0,0
71,40,33,0,0,0,0,0,0,0,0,0,0,0,0,0,0,0,0
71,41,43,26,23,11,8,7,0,0,0,0,0,0,0,0,0,0,0
71,41,43,26,23,12,14,3,2,7,0,0,0,0,0,0,0,0,0
71,41,43,26,24,19,15,11,8,7,0,0,0,0,0,0,0,0,0
71,41,43,27,33,0,0,0,0,0,0,0,0,0,0,0,0,0,0
72,67,43,26,23,11,10,33,0,0,0,0,0,0,0,0,0,0,0
72,67,43,26,23,12,14,3,2,7,0,0,0,0,0,0,0,0,0
72,67,43,27,31,8,7,0,0,0,0,0,0,0,0,0,0,0,0
72,68,60,54,17,19,14,3,2,7,0,0,0,0,0,0,0,0,0
72,68,60,54,17,19,15,11,8,7,0,0,0,0,0,0,0,0,0
72,68,60,54,17,21,23,11,8,7,0,0,0,0,0,0,0,0,0
72,68,60,55,47,19,14,3,2,7,0,0,0,0,0,0,0,0,0
72,68,60,55,48,26,23,12,14,3,2,7,0,0,0,0,0,0,0
73,74,38,0,0,0,0,0,0,0,0,0,0,0,0,0,0,0,0
71,40,31,8,7,37,0,0,0,0,0,0,0,0,0,0,0,0,0
71,40,33,37,0,0,0,0,0,0,0,0,0,0,0,0,0,0,0
71,41,43,26,23,11,8,7,37,0,0,0,0,0,0,0,0,0,0
71,41,43,26,23,12,14,3,2,7,37,0,0,0,0,0,0,0,0
71,41,43,26,24,19,15,11,8,7,37,0,0,0,0,0,0,0,0
71,41,43,27,33,37,0,0,0,0,0,0,0,0,0,0,0,0,0
72,67,43,26,23,12,14,3,2,7,37,0,0,0,0,0,0,0,0
72,67,43,27,31,8,7,37,0,0,0,0,0,0,0,0,0,0,0
72,68,60,54,17,19,15,11,8,7,37,0,0,0,0,0,0,0,0
72,68,60,54,17,21,23,11,8,7,37,0,0,0,0,0,0,0,0
72,68,60,55,47,19,14,3,2,7,37,0,0,0,0,0,0,0,0
72,68,60,55,48,26,23,12,14,3,2,7,37,0,0,0,0,0,0
72,69,66,74,0,0,0,0,0,0,0,0,0,0,0,0,0,0,0
73,74,0,0,0,0,0,0,0,0,0,0,0,0,0,0,0,0,0
71,0,0,0,0,0,0,0,0,0,0,0,0,0,0,0,0,0,0
72,67,43,26,23,11,10,34,0,0,0,0,0,0,0,0,0,0,0
72,67,44,0,0,0,0,0,0,0,0,0,0,0,0,0,0,0,0
72,68,60,54,17,21,25,28,44,0,0,0,0,0,0,0,0,0,0
73,74,38,35,6,9,13,25,28,44,0,0,0,0,0,0,0,0,0
71,40,32,28,0,0,0,0,0,0,0,0,0,0,0,0,0,0,0
71,40,33,35,5,1,4,16,20,18,56,61,57,0,0,0,0,0,0
71,41,0,0,0,0,0,0,0,0,0,0,0,0,0,0,0,0,0
72,67,0,0,0,0,0,0,0,0,0,0,0,0,0,0,0,0,0
72,68,60,54,17,21,25,28,0,0,0,0,0,0,0,0,0,0,0
72,68,61,57,0,0,0,0,0,0,0,0,0,0,0,0,0,0,0
73,74,38,35,6,9,13,25,28,0,0,0,0,0,0,0,0,0,0
73,75,64,61,57,0,0,0,0,0,0,0,0,0,0,0,0,0,0
71,40,31,9,13,25,29,0,0,0,0,0,0,0,0,0,0,0,0
71,40,32,28,45,59,60,55,0,0,0,0,0,0,0,0,0,0,0
71,40,32,29,0,0,0,0,0,0,0,0,0,0,0,0,0,0,0
71,40,33,35,6,9,13,25,29,0,0,0,0,0,0,0,0,0,0
71,41,43,26,24,22,0,0,0,0,0,0,0,0,0,0,0,0,0
71,41,43,29,0,0,0,0,0,0,0,0,0,0,0,0,0,0,0
71,41,46,68,60,55,0,0,0,0,0,0,0,0,0,0,0,0,0
72,67,43,30,52,0,0,0,0,0,0,0,0,0,0,0,0,0,0
72,67,45,58,52,0,0,0,0,0,0,0,0,0,0,0,0,0,0
72,68,60,55,0,0,0,0,0,0,0,0,0,0,0,0,0,0,0
72,69,64,60,55,0,0,0,0,0,0,0,0,0,0,0,0,0,0
73,74,38,35,6,9,13,24,22,0,0,0,0,0,0,0,0,0,0
73,75,64,61,58,52,0,0,0,0,0,0,0,0,0,0,0,0,0
71,40,31,9,13,25,30,0,0,0,0,0,0,0,0,0,0,0,0
71,40,32,28,45,58,0,0,0,0,0,0,0,0,0,0,0,0,0
71,40,32,29,49,0,0,0,0,0,0,0,0,0,0,0,0,0,0
71,40,32,30,0,0,0,0,0,0,0,0,0,0,0,0,0,0,0
71,40,33,35,6,9,13,25,30,0,0,0,0,0,0,0,0,0,0
71,41,45,58,0,0,0,0,0,0,0,0,0,0,0,0,0,0,0
71,41,46,68,60,55,49,0,0,0,0,0,0,0,0,0,0,0,0
72,67,43,30,0,0,0,0,0,0,0,0,0,0,0,0,0,0,0
72,67,45,58,0,0,0,0,0,0,0,0,0,0,0,0,0,0,0
72,68,60,54,17,21,25,30,0,0,0,0,0,0,0,0,0,0,0
72,68,60,55,49,0,0,0,0,0,0,0,0,0,0,0,0,0,0
72,68,61,58,0,0,0,0,0,0,0,0,0,0,0,0,0,0,0
73,74,38,35,6,9,13,24,22,49,0,0,0,0,0,0,0,0,0
73,74,38,35,6,9,13,25,30,0,0,0,0,0,0,0,0,0,0
73,75,64,61,58,0,0,0,0,0,0,0,0,0,0,0,0,0,0
71,40,31,9,12,16,20,18,0,0,0,0,0,0,0,0,0,0,0
71,40,32,28,45,59,60,0,0,0,0,0,0,0,0,0,0,0,0
71,40,32,29,50,0,0,0,0,0,0,0,0,0,0,0,0,0,0
71,40,33,35,5,1,4,16,20,18,0,0,0,0,0,0,0,0,0
71,41,43,26,24,20,18,0,0,0,0,0,0,0,0,0,0,0,0
71,41,46,68,60,0,0,0,0,0,0,0,0,0,0,0,0,0,0
72,67,43,30,52,47,20,18,0,0,0,0,0,0,0,0,0,0,0
72,68,60,0,0,0,0,0,0,0,0,0,0,0,0,0,0,0,0
72,69,64,60,0,0,0,0,0,0,0,0,0,0,0,0,0,0,0
73,74,38,35,6,9,13,24,22,50,0,0,0,0,0,0,0,0,0
73,75,64,60,0,0,0,0,0,0,0,0,0,0,0,0,0,0,0
71,40,32,28,45,0,0,0,0,0,0,0,0,0,0,0,0,0,0
71,40,32,29,49,53,0,0,0,0,0,0,0,0,0,0,0,0,0
71,40,33,35,5,1,4,16,20,18,56,61,0,0,0,0,0,0,0
71,41,45,0,0,0,0,0,0,0,0,0,0,0,0,0,0,0,0
71,41,46,68,61,0,0,0,0,0,0,0,0,0,0,0,0,0,0
72,67,45,0,0,0,0,0,0,0,0,0,0,0,0,0,0,0,0
72,68,60,54,17,21,25,28,45,0,0,0,0,0,0,0,0,0,0
72,68,61,0,0,0,0,0,0,0,0,0,0,0,0,0,0,0,0
72,69,64,61,0,0,0,0,0,0,0,0,0,0,0,0,0,0,0
73,74,38,35,6,9,13,24,22,49,53,0,0,0,0,0,0,0,0
73,75,64,61,0,0,0,0,0,0,0,0,0,0,0,0,0,0,0
71,40,31,9,12,16,20,18,56,0,0,0,0,0,0,0,0,0,0
71,40,32,28,45,59,0,0,0,0,0,0,0,0,0,0,0,0,0
71,40,32,29,50,56,0,0,0,0,0,0,0,0,0,0,0,0,0
71,40,33,35,5,1,4,16,20,18,56,0,0,0,0,0,0,0,0
71,41,43,26,24,20,18,56,0,0,0,0,0,0,0,0,0,0,0
71,41,46,68,0,0,0,0,0,0,0,0,0,0,0,0,0,0,0
72,67,45,59,0,0,0,0,0,0,0,0,0,0,0,0,0,0,0
72,68,0,0,0,0,0,0,0,0,0,0,0,0,0,0,0,0,0
72,69,64,0,0,0,0,0,0,0,0,0,0,0,0,0,0,0,0
73,74,38,35,6,9,13,24,22,50,56,0,0,0,0,0,0,0,0
73,75,64,0,0,0,0,0,0,0,0,0,0,0,0,0,0,0,0
71,41,46,68,62,0,0,0,0,0,0,0,0,0,0,0,0,0,0
72,68,60,55,47,19,14,3,2,7,37,39,75,0,0,0,0,0,0
72,68,62,0,0,0,0,0,0,0,0,0,0,0,0,0,0,0,0
72,69,0,0,0,0,0,0,0,0,0,0,0,0,0,0,0,0,0
73,74,38,35,6,9,13,24,22,50,56,62,0,0,0,0,0,0,0
73,75,0,0,0,0,0,0,0,0,0,0,0,0,0,0,0,0,0
71,41,46,0,0,0,0,0,0,0,0,0,0,0,0,0,0,0,0
72,0,0,0,0,0,0,0,0,0,0,0,0,0,0,0,0,0,0
73,74,38,35,6,9,13,24,22,50,56,63,0,0,0,0,0,0,0
73,75,64,63,0,0,0,0,0,0,0,0,0,0,0,0,0,0,0
71,40,31,8,7,37,39,0,0,0,0,0,0,0,0,0,0,0,0
71,40,33,37,39,0,0,0,0,0,0,0,0,0,0,0,0,0,0
71,41,43,26,23,12,14,3,2,7,37,39,0,0,0,0,0,0,0
71,41,43,26,24,19,15,11,8,7,37,39,0,0,0,0,0,0,0
72,67,43,26,23,12,14,3,2,7,37,39,0,0,0,0,0,0,0
72,67,43,27,31,8,7,37,39,0,0,0,0,0,0,0,0,0,0
72,68,60,54,17,19,15,11,8,7,37,39,0,0,0,0,0,0,0
72,68,60,55,47,19,14,3,2,7,37,39,0,0,0,0,0,0,0
72,68,60,55,48,26,23,12,14,3,2,7,37,39,0,0,0,0,0
72,68,62,66,0,0,0,0,0,0,0,0,0,0,0,0,0,0,0
72,69,66,0,0,0,0,0,0,0,0,0,0,0,0,0,0,0,0
73,0,0,0,0,0,0,0,0,0,0,0,0,0,0,0,0,0,0
74,38,35,5,0,0,0,0,0,0,0,0,0,0,0,0,0,0,0
74,38,35,6,9,12,14,3,0,0,0,0,0,0,0,0,0,0,0
75,64,60,54,17,19,14,3,0,0,0,0,0,0,0,0,0,0,0
75,64,60,54,17,21,23,11,8,5,0,0,0,0,0,0,0,0,0
75,64,60,55,48,27,33,35,5,0,0,0,0,0,0,0,0,0,0
75,65,67,43,26,23,11,8,5,0,0,0,0,0,0,0,0,0,0
75,65,67,43,27,31,8,5,0,0,0,0,0,0,0,0,0,0,0
75,65,67,43,27,33,35,5,0,0,0,0,0,0,0,0,0,0,0
75,65,68,60,54,17,19,14,3,0,0,0,0,0,0,0,0,0,0
75,65,68,60,54,17,19,15,11,8,5,0,0,0,0,0,0,0,0
75,65,68,60,54,17,21,23,11,8,5,0,0,0,0,0,0,0,0
75,65,68,60,55,47,21,23,11,8,5,0,0,0,0,0,0,0,0
75,65,70,71,40,31,8,5,0,0,0,0,0,0,0,0,0,0,0
75,65,70,71,41,43,27,33,35,5,0,0,0,0,0,0,0,0,0
76,71,40,31,8,5,0,0,0,0,0,0,0,0,0,0,0,0,0
76,71,40,31,9,12,14,3,0,0,0,0,0,0,0,0,0,0,0
76,71,40,33,35,5,0,0,0,0,0,0,0,0,0,0,0,0,0
76,71,41,43,26,24,19,15,11,8,5,0,0,0,0,0,0,0,0
76,72,67,43,26,23,12,14,3,0,0,0,0,0,0,0,0,0,0
76,72,68,60,55,47,19,14,3,0,0,0,0,0,0,0,0,0,0
74,38,35,6,0,0,0,0,0,0,0,0,0,0,0,0,0,0,0
74,38,36,31,0,0,0,0,0,0,0,0,0,0,0,0,0,0,0
75,64,60,54,17,19,14,3,2,6,0,0,0,0,0,0,0,0,0
75,64,60,54,17,19,15,11,0,0,0,0,0,0,0,0,0,0,0
75,64,60,54,17,21,23,11,0,0,0,0,0,0,0,0,0,0,0
75,64,60,55,48,27,33,35,6,0,0,0,0,0,0,0,0,0,0
75,64,61,57,43,27,31,0,0,0,0,0,0,0,0,0,0,0,0
75,65,67,43,26,23,11,0,0,0,0,0,0,0,0,0,0,0,0
75,65,67,43,27,31,0,0,0,0,0,0,0,0,0,0,0,0,0
75,65,67,43,27,33,35,6,0,0,0,0,0,0,0,0,0,0,0
75,65,68,60,54,17,19,14,3,2,6,0,0,0,0,0,0,0,0
75,65,68,60,54,17,19,15,11,0,0,0,0,0,0,0,0,0,0
75,65,68,60,54,17,21,23,11,0,0,0,0,0,0,0,0,0,0
75,65,68,60,55,47,21,23,11,0,0,0,0,0,0,0,0,0,0
75,65,70,71,40,31,0,0,0,0,0,0,0,0,0,0,0,0,0
75,65,70,71,41,43,27,31,0,0,0,0,0,0,0,0,0,0,0
76,71,40,31,0,0,0,0,0,0,0,0,0,0,0,0,0,0,0
76,71,40,33,35,6,0,0,0,0,0,0,0,0,0,0,0,0,0
76,71,41,43,26,24,19,15,11,0,0,0,0,0,0,0,0,0,0
76,72,67,43,26,23,11,0,0,0,0,0,0,0,0,0,0,0,0
76,72,68,60,55,47,19,14,3,2,6,0,0,0,0,0,0,0,0
74,38,35,5,1,4,0,0,0,0,0,0,0,0,0,0,0,0,0
74,38,35,6,9,12,0,0,0,0,0,0,0,0,0,0,0,0,0
74,38,36,31,9,12,0,0,0,0,0,0,0,0,0,0,0,0,0
75,64,60,54,17,19,0,0,0,0,0,0,0,0,0,0,0,0,0
75,64,60,54,17,21,23,12,0,0,0,0,0,0,0,0,0,0,0
75,64,60,55,48,27,33,35,5,1,4,0,0,0,0,0,0,0,0
75,64,61,58,52,47,19,0,0,0,0,0,0,0,0,0,0,0,0
75,65,67,43,26,23,11,8,5,1,4,0,0,0,0,0,0,0,0
75,65,67,43,26,23,12,0,0,0,0,0,0,0,0,0,0,0,0
75,65,67,43,27,31,8,5,1,4,0,0,0,0,0,0,0,0,0
75,65,67,43,27,31,9,12,0,0,0,0,0,0,0,0,0,0,0
75,65,67,43,27,33,35,5,1,4,0,0,0,0,0,0,0,0,0
75,65,68,60,54,17,19,0,0,0,0,0,0,0,0,0,0,0,0
75,65,68,60,54,17,21,23,11,8,5,1,4,0,0,0,0,0,0
75,65,68,60,54,17,21,23,12,0,0,0,0,0,0,0,0,0,0
75,65,68,60,55,47,21,23,12,0,0,0,0,0,0,0,0,0,0
75,65,70,71,40,31,8,5,1,4,0,0,0,0,0,0,0,0,0
75,65,70,71,41,43,27,31,9,12,0,0,0,0,0,0,0,0,0
76,71,40,31,9,12,0,0,0,0,0,0,0,0,0,0,0,0,0
76,71,40,33,35,5,1,4,0,0,0,0,0,0,0,0,0,0,0
76,71,41,43,26,24,19,0,0,0,0,0,0,0,0,0,0,0,0
76,72,67,43,26,23,12,0,0,0,0,0,0,0,0,0,0,0,0
76,72,68,60,55,47,19,0,0,0,0,0,0,0,0,0,0,0,0
74,38,35,6,9,12,16,22,50,54,0,0,0,0,0,0,0,0,0
74,38,35,6,9,13,24,22,50,54,0,0,0,0,0,0,0,0,0
74,38,35,6,10,32,29,50,54,0,0,0,0,0,0,0,0,0,0
74,38,35,6,10,32,30,52,50,54,0,0,0,0,0,0,0,0,0
74,38,36,32,28,46,68,60,54,0,0,0,0,0,0,0,0,0,0
74,38,36,32,29,50,54,0,0,0,0,0,0,0,0,0,0,0,0
74,38,36,32,30,52,50,54,0,0,0,0,0,0,0,0,0,0,0
75,64,60,54,0,0,0,0,0,0,0,0,0,0,0,0,0,0,0
75,65,67,43,26,24,20,0,0,0,0,0,0,0,0,0,0,0,0
75,65,68,60,54,0,0,0,0,0,0,0,0,0,0,0,0,0,0
75,65,70,71,41,43,26,24,20,0,0,0,0,0,0,0,0,0,0
76,71,41,43,26,24,20,0,0,0,0,0,0,0,0,0,0,0,0
76,72,67,43,30,52,47,20,0,0,0,0,0,0,0,0,0,0,0
76,72,68,60,54,0,0,0,0,0,0,0,0,0,0,0,0,0,0
76,72,69,64,60,54,0,0,0,0,0,0,0,0,0,0,0,0,0
74,38,35,5,1,4,16,0,0,0,0,0,0,0,0,0,0,0,0
74,38,35,6,9,12,16,0,0,0,0,0,0,0,0,0,0,0,0
74,38,35,6,9,13,24,0,0,0,0,0,0,0,0,0,0,0,0
74,38,35,6,10,32,26,24,0,0,0,0,0,0,0,0,0,0,0
74,38,36,32,26,24,0,0,0,0,0,0,0,0,0,0,0,0,0
74,38,36,32,28,46,68,60,54,17,0,0,0,0,0,0,0,0,0
75,64,60,54,17,0,0,0,0,0,0,0,0,0,0,0,0,0,0
75,64,60,55,47,0,0,0,0,0,0,0,0,0,0,0,0,0,0
75,64,60,55,48,26,24,0,0,0,0,0,0,0,0,0,0,0,0
75,64,61,58,52,47,0,0,0,0,0,0,0,0,0,0,0,0,0
75,65,67,43,26,24,0,0,0,0,0,0,0,0,0,0,0,0,0
75,65,68,60,54,17,0,0,0,0,0,0,0,0,0,0,0,0,0
75,65,68,60,55,47,0,0,0,0,0,0,0,0,0,0,0,0,0
75,65,70,71,41,43,26,24,0,0,0,0,0,0,0,0,0,0,0
76,71,40,31,9,12,16,0,0,0,0,0,0,0,0,0,0,0,0
76,71,41,43,26,24,0,0,0,0,0,0,0,0,0,0,0,0,0
76,72,67,43,30,52,47,0,0,0,0,0,0,0,0,0,0,0,0
76,72,68,60,54,17,0,0,0,0,0,0,0,0,0,0,0,0,0
76,72,68,60,55,47,0,0,0,0,0,0,0,0,0,0,0,0,0
76,72,69,64,60,54,17,0,0,0,0,0,0,0,0,0,0,0,0
74,38,35,6,9,13,0,0,0,0,0,0,0,0,0,0,0,0,0
74,38,35,6,10,32,26,0,0,0,0,0,0,0,0,0,0,0,0
74,38,36,32,26,0,0,0,0,0,0,0,0,0,0,0,0,0,0
74,38,36,32,28,46,68,60,54,17,21,0,0,0,0,0,0,0,0
75,64,60,54,17,19,14,3,2,6,9,13,0,0,0,0,0,0,0
75,64,60,54,17,21,0,0,0,0,0,0,0,0,0,0,0,0,0
75,64,60,55,48,26,0,0,0,0,0,0,0,0,0,0,0,0,0
75,64,61,57,43,26,0,0,0,0,0,0,0,0,0,0,0,0,0
75,65,67,43,26,0,0,0,0,0,0,0,0,0,0,0,0,0,0
75,65,68,60,54,17,21,0,0,0,0,0,0,0,0,0,0,0,0
75,65,68,60,55,47,21,0,0,0,0,0,0,0,0,0,0,0,0
75,65,70,71,41,43,26,0,0,0,0,0,0,0,0,0,0,0,0
76,71,40,31,9,13,0,0,0,0,0,0,0,0,0,0,0,0,0
76,71,40,32,26,0,0,0,0,0,0,0,0,0,0,0,0,0,0
76,71,41,43,26,0,0,0,0,0,0,0,0,0,0,0,0,0,0
76,72,67,43,26,0,0,0,0,0,0,0,0,0,0,0,0,0,0
76,72,68,60,55,47,21,0,0,0,0,0,0,0,0,0,0,0,0
74,38,35,6,9,13,25,0,0,0,0,0,0,0,0,0,0,0,0
74,38,35,6,10,32,0,0,0,0,0,0,0,0,0,0,0,0,0
74,38,36,32,0,0,0,0,0,0,0,0,0,0,0,0,0,0,0
75,64,60,54,17,21,25,0,0,0,0,0,0,0,0,0,0,0,0
75,64,60,55,48,0,0,0,0,0,0,0,0,0,0,0,0,0,0
75,64,60,55,49,51,0,0,0,0,0,0,0,0,0,0,0,0,0
75,64,61,57,43,0,0,0,0,0,0,0,0,0,0,0,0,0,0
75,65,67,43,0,0,0,0,0,0,0,0,0,0,0,0,0,0,0
75,65,68,60,54,17,21,25,0,0,0,0,0,0,0,0,0,0,0
75,65,68,60,55,48,0,0,0,0,0,0,0,0,0,0,0,0,0
75,65,68,60,55,49,51,0,0,0,0,0,0,0,0,0,0,0,0
75,65,68,61,57,43,0,0,0,0,0,0,0,0,0,0,0,0,0
75,65,68,61,58,51,0,0,0,0,0,0,0,0,0,0,0,0,0
75,65,70,71,40,32,0,0,0,0,0,0,0,0,0,0,0,0,0
75,65,70,71,41,43,0,0,0,0,0,0,0,0,0,0,0,0,0
76,71,40,32,0,0,0,0,0,0,0,0,0,0,0,0,0,0,0
76,71,41,43,0,0,0,0,0,0,0,0,0,0,0,0,0,0,0
76,72,67,43,0,0,0,0,0,0,0,0,0,0,0,0,0,0,0
76,72,68,60,55,47,21,25,0,0,0,0,0,0,0,0,0,0,0
74,38,35,6,9,13,25,27,0,0,0,0,0,0,0,0,0,0,0
74,38,35,6,10,0,0,0,0,0,0,0,0,0,0,0,0,0,0
74,38,36,0,0,0,0,0,0,0,0,0,0,0,0,0,0,0,0
75,64,60,54,17,19,14,3,2,6,10,0,0,0,0,0,0,0,0
75,64,60,54,17,21,23,11,10,0,0,0,0,0,0,0,0,0,0
75,64,60,54,17,21,25,27,0,0,0,0,0,0,0,0,0,0,0
75,64,60,55,48,27,0,0,0,0,0,0,0,0,0,0,0,0,0
75,64,61,57,43,27,0,0,0,0,0,0,0,0,0,0,0,0,0
75,65,67,43,27,0,0,0,0,0,0,0,0,0,0,0,0,0,0
75,65,68,60,54,17,19,14,3,2,6,10,0,0,0,0,0,0,0
75,65,68,60,54,17,21,23,11,10,0,0,0,0,0,0,0,0,0
75,65,68,60,55,49,51,27,0,0,0,0,0,0,0,0,0,0,0
75,65,70,71,40,0,0,0,0,0,0,0,0,0,0,0,0,0,0
75,65,70,71,41,43,27,0,0,0,0,0,0,0,0,0,0,0,0
76,71,40,0,0,0,0,0,0,0,0,0,0,0,0,0,0,0,0
76,71,41,43,27,0,0,0,0,0,0,0,0,0,0,0,0,0,0
76,72,67,43,26,23,11,10,0,0,0,0,0,0,0,0,0,0,0
76,72,68,60,55,47,21,25,27,0,0,0,0,0,0,0,0,0,0
74,38,0,0,0,0,0,0,0,0,0,0,0,0,0,0,0,0,0
75,64,60,54,17,19,14,3,2,7,0,0,0,0,0,0,0,0,0
75,64,60,54,17,21,23,11,8,7,0,0,0,0,0,0,0,0,0
75,64,60,55,48,27,33,0,0,0,0,0,0,0,0,0,0,0,0
75,65,67,43,27,31,8,7,0,0,0,0,0,0,0,0,0,0,0
75,65,67,43,27,33,0,0,0,0,0,0,0,0,0,0,0,0,0
75,65,68,60,54,17,19,14,3,2,7,0,0,0,0,0,0,0,0
75,65,68,60,54,17,19,15,11,8,7,0,0,0,0,0,0,0,0
75,65,68,60,54,17,21,23,11,8,7,0,0,0,0,0,0,0,0
75,65,68,60,55,47,21,23,11,8,7,0,0,0,0,0,0,0,0
75,65,70,71,40,31,8,7,0,0,0,0,0,0,0,0,0,0,0
75,65,70,71,40,33,0,0,0,0,0,0,0,0,0,0,0,0,0
75,65,70,71,41,43,27,33,0,0,0,0,0,0,0,0,0,0,0
76,71,40,31,8,7,0,0,0,0,0,0,0,0,0,0,0,0,0
76,71,40,33,0,0,0,0,0,0,0,0,0,0,0,0,0,0,0
76,71,41,43,26,24,19,15,11,8,7,0,0,0,0,0,0,0,0
76,72,67,43,26,23,11,10,33,0,0,0,0,0,0,0,0,0,0
74,0,0,0,0,0,0,0,0,0,0,0,0,0,0,0,0,0,0
75,65,67,43,27,31,8,7,37,0,0,0,0,0,0,0,0,0,0
75,65,70,71,40,31,8,7,37,0,0,0,0,0,0,0,0,0,0
74,38,35,6,9,12,16,22,50,56,62,65,70,71,0,0,0,0,0
74,38,35,6,9,13,25,28,44,0,0,0,0,0,0,0,0,0,0
74,38,35,6,10,34,0,0,0,0,0,0,0,0,0,0,0,0,0
74,38,36,32,28,44,0,0,0,0,0,0,0,0,0,0,0,0,0
74,38,36,34,0,0,0,0,0,0,0,0,0,0,0,0,0,0,0
75,64,61,57,44,0,0,0,0,0,0,0,0,0,0,0,0,0,0
75,65,67,44,0,0,0,0,0,0,0,0,0,0,0,0,0,0,0
75,65,70,71,0,0,0,0,0,0,0,0,0,0,0,0,0,0,0
76,71,0,0,0,0,0,0,0,0,0,0,0,0,0,0,0,0,0
76,72,67,43,26,23,11,10,34,0,0,0,0,0,0,0,0,0,0
74,38,35,6,9,13,25,28,0,0,0,0,0,0,0,0,0,0,0
74,38,35,6,10,32,28,0,0,0,0,0,0,0,0,0,0,0,0
74,38,35,6,10,34,41,0,0,0,0,0,0,0,0,0,0,0,0
74,38,36,32,28,0,0,0,0,0,0,0,0,0,0,0,0,0,0
74,38,36,34,41,0,0,0,0,0,0,0,0,0,0,0,0,0,0
75,64,60,54,17,21,25,28,0,0,0,0,0,0,0,0,0,0,0
75,64,61,57,0,0,0,0,0,0,0,0,0,0,0,0,0,0,0
75,65,67,0,0,0,0,0,0,0,0,0,0,0,0,0,0,0,0
75,65,68,60,54,17,21,25,28,0,0,0,0,0,0,0,0,0,0
75,65,68,60,55,49,53,57,0,0,0,0,0,0,0,0,0,0,0
75,65,68,61,57,0,0,0,0,0,0,0,0,0,0,0,0,0,0
75,65,70,71,41,0,0,0,0,0,0,0,0,0,0,0,0,0,0
76,71,40,32,28,0,0,0,0,0,0,0,0,0,0,0,0,0,0
76,71,41,0,0,0,0,0,0,0,0,0,0,0,0,0,0,0,0
76,72,67,0,0,0,0,0,0,0,0,0,0,0,0,0,0,0,0
74,38,35,6,9,12,16,22,0,0,0,0,0,0,0,0,0,0,0
74,38,35,6,9,13,24,22,0,0,0,0,0,0,0,0,0,0,0
74,38,35,6,10,32,29,0,0,0,0,0,0,0,0,0,0,0,0
74,38,35,6,10,32,30,52,0,0,0,0,0,0,0,0,0,0,0
74,38,36,32,28,46,68,60,55,0,0,0,0,0,0,0,0,0,0
74,38,36,32,29,0,0,0,0,0,0,0,0,0,0,0,0,0,0
74,38,36,32,30,52,0,0,0,0,0,0,0,0,0,0,0,0,0
75,64,60,55,0,0,0,0,0,0,0,0,0,0,0,0,0,0,0
75,64,61,58,52,0,0,0,0,0,0,0,0,0,0,0,0,0,0
75,65,67,43,29,0,0,0,0,0,0,0,0,0,0,0,0,0,0
75,65,68,60,55,0,0,0,0,0,0,0,0,0,0,0,0,0,0
75,65,70,71,41,43,29,0,0,0,0,0,0,0,0,0,0,0,0
76,71,40,32,29,0,0,0,0,0,0,0,0,0,0,0,0,0,0
76,71,41,43,26,24,22,0,0,0,0,0,0,0,0,0,0,0,0
76,72,67,43,30,52,0,0,0,0,0,0,0,0,0,0,0,0,0
76,72,68,60,55,0,0,0,0,0,0,0,0,0,0,0,0,0,0
76,72,69,64,60,55,0,0,0,0,0,0,0,0,0,0,0,0,0
74,38,35,6,9,13,24,22,49,0,0,0,0,0,0,0,0,0,0
74,38,35,6,9,13,25,30,0,0,0,0,0,0,0,0,0,0,0
74,38,35,6,10,32,29,49,0,0,0,0,0,0,0,0,0,0,0
74,38,35,6,10,32,30,0,0,0,0,0,0,0,0,0,0,0,0
74,38,36,32,30,0,0,0,0,0,0,0,0,0,0,0,0,0,0
75,64,60,55,49,0,0,0,0,0,0,0,0,0,0,0,0,0,0
75,64,61,58,0,0,0,0,0,0,0,0,0,0,0,0,0,0,0
75,65,67,43,30,0,0,0,0,0,0,0,0,0,0,0,0,0,0
75,65,67,45,58,0,0,0,0,0,0,0,0,0,0,0,0,0,0
75,65,68,60,54,17,21,25,30,0,0,0,0,0,0,0,0,0,0
75,65,68,60,55,49,0,0,0,0,0,0,0,0,0,0,0,0,0
75,65,68,61,58,0,0,0,0,0,0,0,0,0,0,0,0,0,0
75,65,70,71,41,45,58,0,0,0,0,0,0,0,0,0,0,0,0
76,71,41,45,58,0,0,0,0,0,0,0,0,0,0,0,0,0,0
76,72,67,43,30,0,0,0,0,0,0,0,0,0,0,0,0,0,0
76,72,67,45,58,0,0,0,0,0,0,0,0,0,0,0,0,0,0
76,72,68,60,55,49,0,0,0,0,0,0,0,0,0,0,0,0,0
76,72,68,61,58,0,0,0,0,0,0,0,0,0,0,0,0,0,0
74,38,35,6,9,12,16,22,50,56,61,0,0,0,0,0,0,0,0
74,38,35,6,9,13,24,22,49,53,0,0,0,0,0,0,0,0,0
74,38,35,6,10,32,29,49,53,0,0,0,0,0,0,0,0,0,0
74,38,35,6,10,34,41,45,0,0,0,0,0,0,0,0,0,0,0
74,38,36,32,28,45,0,0,0,0,0,0,0,0,0,0,0,0,0
74,38,36,34,41,45,0,0,0,0,0,0,0,0,0,0,0,0,0
75,64,61,0,0,0,0,0,0,0,0,0,0,0,0,0,0,0,0
75,65,67,45,0,0,0,0,0,0,0,0,0,0,0,0,0,0,0
75,65,68,60,55,49,53,0,0,0,0,0,0,0,0,0,0,0,0
75,65,68,61,0,0,0,0,0,0,0,0,0,0,0,0,0,0,0
75,65,70,71,41,45,0,0,0,0,0,0,0,0,0,0,0,0,0
76,71,40,32,28,45,0,0,0,0,0,0,0,0,0,0,0,0,0
76,71,41,45,0,0,0,0,0,0,0,0,0,0,0,0,0,0,0
76,72,67,45,0,0,0,0,0,0,0,0,0,0,0,0,0,0,0
76,72,68,61,0,0,0,0,0,0,0,0,0,0,0,0,0,0,0
74,38,35,6,9,12,16,22,50,56,0,0,0,0,0,0,0,0,0
74,38,35,6,9,13,24,22,50,56,0,0,0,0,0,0,0,0,0
74,38,35,6,10,32,30,52,50,56,0,0,0,0,0,0,0,0,0
74,38,36,32,28,46,68,0,0,0,0,0,0,0,0,0,0,0,0
74,38,36,32,29,50,56,0,0,0,0,0,0,0,0,0,0,0,0
75,64,0,0,0,0,0,0,0,0,0,0,0,0,0,0,0,0,0
75,65,67,43,26,24,20,18,56,0,0,0,0,0,0,0,0,0,0
75,65,68,0,0,0,0,0,0,0,0,0,0,0,0,0,0,0,0
75,65,70,71,41,43,26,24,20,18,56,0,0,0,0,0,0,0,0
76,72,67,45,59,0,0,0,0,0,0,0,0,0,0,0,0,0,0
76,72,68,0,0,0,0,0,0,0,0,0,0,0,0,0,0,0,0
76,72,69,64,0,0,0,0,0,0,0,0,0,0,0,0,0,0,0
74,38,35,6,9,12,16,22,50,56,62,0,0,0,0,0,0,0,0
74,38,35,6,9,13,24,22,50,56,62,0,0,0,0,0,0,0,0
74,38,35,6,10,32,30,52,50,56,62,0,0,0,0,0,0,0,0
74,38,36,32,28,46,68,62,0,0,0,0,0,0,0,0,0,0,0
74,38,36,32,28,46,69,0,0,0,0,0,0,0,0,0,0,0,0
74,38,36,34,42,72,69,0,0,0,0,0,0,0,0,0,0,0,0
75,0,0,0,0,0,0,0,0,0,0,0,0,0,0,0,0,0,0
76,72,68,62,0,0,0,0,0,0,0,0,0,0,0,0,0,0,0
76,72,69,0,0,0,0,0,0,0,0,0,0,0,0,0,0,0,0
74,38,35,6,9,12,16,22,50,56,62,65,0,0,0,0,0,0,0
74,38,35,6,9,13,24,22,50,56,63,0,0,0,0,0,0,0,0
74,38,35,6,10,32,30,52,50,56,63,0,0,0,0,0,0,0,0
74,38,36,32,28,46,0,0,0,0,0,0,0,0,0,0,0,0,0
74,38,36,34,42,72,0,0,0,0,0,0,0,0,0,0,0,0,0
75,64,63,0,0,0,0,0,0,0,0,0,0,0,0,0,0,0,0
75,65,0,0,0,0,0,0,0,0,0,0,0,0,0,0,0,0,0
76,72,0,0,0,0,0,0,0,0,0,0,0,0,0,0,0,0,0
74,38,35,6,9,12,16,22,50,56,62,65,70,0,0,0,0,0,0
74,38,35,6,9,13,24,22,50,56,63,70,0,0,0,0,0,0,0
74,38,35,6,10,34,42,0,0,0,0,0,0,0,0,0,0,0,0
74,38,36,32,28,46,70,0,0,0,0,0,0,0,0,0,0,0,0
74,38,36,34,42,0,0,0,0,0,0,0,0,0,0,0,0,0,0
75,64,63,70,0,0,0,0,0,0,0,0,0,0,0,0,0,0,0
75,65,67,44,42,0,0,0,0,0,0,0,0,0,0,0,0,0,0
75,65,70,0,0,0,0,0,0,0,0,0,0,0,0,0,0,0,0
76,0,0,0,0,0,0,0,0,0,0,0,0,0,0,0,0,0,0
