2.000000000000000000e+00,2.000000000000000000e+00,2.000000000000000000e+00,2.000000000000000000e+00,2.000000000000000000e+00,2.000000000000000000e+00,2.000000000000000000e+00,2.000000000000000000e+00,2.000000000000000000e+00,2.000000000000000000e+00,2.000000000000000000e+00,2.000000000000000000e+00,2.000000000000000000e+00,2.000000000000000000e+00,2.000000000000000000e+00,2.000000000000000000e+00,2.000000000000000000e+00,2.000000000000000000e+00,2.000000000000000000e+00,2.000000000000000000e+00,2.000000000000000000e+00,2.000000000000000000e+00,2.000000000000000000e+00,2.000000000000000000e+00,2.000000000000000000e+00,2.000000000000000000e+00,2.000000000000000000e+00,2.000000000000000000e+00,2.000000000000000000e+00,2.000000000000000000e+00,2.000000000000000000e+00,2.000000000000000000e+00,2.000000000000000000e+00,2.000000000000000000e+00,2.000000000000000000e+00,2.000000000000000000e+00,2.000000000000000000e+00,2.000000000000000000e+00,2.000000000000000000e+00,2.000000000000000000e+00,2.000000000000000000e+00,2.000000000000000000e+00,2.000000000000000000e+00,2.000000000000000000e+00,2.000000000000000000e+00,2.000000000000000000e+00,2.000000000000000000e+00,2.000000000000000000e+00,2.000000000000000000e+00,2.000000000000000000e+00,2.000000000000001776e+00,2.000000000002314593e+00,2.000000000120991661e+00,2.000000001274238492e+00,2.000000004544472354e+00,2.000000004221573313e+00,2.000000001555803042e+00,2.000000001822350715e+00,2.000000005872121456e+00,2.000000010301253184e+00,2.000000009855362748e+00,2.000000008233936200e+00,2.000000005477173382e+00,2.000000001626004664e+00,2.000000000244109177e+00,2.000000000154213087e+00,2.000000000819915247e+00,2.000000004685773991e+00,2.000000014936462289e+00,2.000000030928692940e+00,2.000000047350384058e+00,2.000000045712446273e+00,2.000000025990019026e+00,2.000000011414586609e+00,2.000000004468948323e+00,2.000000001563487562e+00,2.000000000696467328e+00,2.000000000370357967e+00,2.000000000127366562e+00,2.000000000014023005e+00,2.000000000000171418e+00,2.000000000000000000e+00,2.000000000000000000e+00,2.000000000000000000e+00,2.000000000000000000e+00,2.000000000000000000e+00,2.000000000000000000e+00,2.000000000000000000e+00,2.000000000000000000e+00,2.000000000000000000e+00,2.000000000000000000e+00,2.000000000000000000e+00,2.000000000000000000e+00,2.000000000000000000e+00,2.000000000000000000e+00,2.000000000000000000e+00,2.000000000000000000e+00,2.000000000000000000e+00,2.000000000000000000e+00,2.000000000000000000e+00
1.333333333333333259e+00,1.333333333333333259e+00,1.333333333333333259e+00,1.333333333333333259e+00,1.333333333333333259e+00,1.333333333333333259e+00,1.333333333333333259e+00,1.333333333333333259e+00,1.333333333333333259e+00,1.333333333333333259e+00,1.333333333333333259e+00,1.333333333333333259e+00,1.333333333333333259e+00,1.333333333333333259e+00,1.333333333333333259e+00,1.333333333333333259e+00,1.333333333333333259e+00,1.333333333333333259e+00,1.333333333333333259e+00,1.333333333333333259e+00,1.333333333333333259e+00,1.333333333333333259e+00,1.333333333333333259e+00,1.333333333333333259e+00,1.333333333333333259e+00,1.333333333333333259e+00,1.333333333333333259e+00,1.333333333333333259e+00,1.333333333333333259e+00,1.333333333333333259e+00,1.333333333333333259e+00,1.333333333333333259e+00,1.333333333333333259e+00,1.333333333333333259e+00,1.333333333333333259e+00,1.333333333333333259e+00,1.333333333333333259e+00,1.333333333333333259e+00,1.333333333333333259e+00,1.333333333333333259e+00,1.333333333333333259e+00,1.333333333333333259e+00,1.333333333333333259e+00,1.333333333333333259e+00,1.333333333333333259e+00,1.333333333333333259e+00,1.333333333333333259e+00,1.333333333333333259e+00,1.333333333333333259e+00,1.333333333333333259e+00,1.333333333333333259e+00,1.333333333333336812e+00,1.333333333333774462e+00,1.333333333339329352e+00,1.333333333406957699e+00,1.333333333880860394e+00,1.333333335489262694e+00,1.333333338936662393e+00,1.333333346128415364e+00,1.333333362083777063e+00,1.333333382519562793e+00,1.333333397399672826e+00,1.333333398845292672e+00,1.333333381715244403e+00,1.333333360960496039e+00,1.333333345907229628e+00,1.333333337887509185e+00,1.333333335361871486e+00,1.333333335939784536e+00,1.333333339342136492e+00,1.333333347939085645e+00,1.333333370941143459e+00,1.333333437204422545e+00,1.333333579606358343e+00,1.333333712234684221e+00,1.333333703336355036e+00,1.333333571766133652e+00,1.333333436578497677e+00,1.333333361688003871e+00,1.333333338063973805e+00,1.333333333857869452e+00,1.333333333369370877e+00,1.333333333333937221e+00,1.333333333333333481e+00,1.333333333333333259e+00,1.333333333333333259e+00,1.333333333333333259e+00,1.333333333333333259e+00,1.333333333333333259e+00,1.333333333333333259e+00,1.333333333333333259e+00,1.333333333333333259e+00,1.333333333333333259e+00,1.333333333333333259e+00,1.333333333333333259e+00,1.333333333333333259e+00,1.333333333333333259e+00,1.333333333333333259e+00,1.333333333333333259e+00,1.333333333333333259e+00
2.000000000000000000e+00,2.000000000000000000e+00,2.000000000000000000e+00,2.000000000000000000e+00,2.000000000000000000e+00,2.000000000000000000e+00,2.000000000000000000e+00,2.000000000000000000e+00,2.000000000000000000e+00,2.000000000000000000e+00,2.000000000000000000e+00,2.000000000000000000e+00,2.000000000000000000e+00,2.000000000000000000e+00,2.000000000000000000e+00,2.000000000000000000e+00,2.000000000000000000e+00,2.000000000000000000e+00,2.000000000000000000e+00,2.000000000000000000e+00,2.000000000000000000e+00,2.000000000000000000e+00,2.000000000000000000e+00,2.000000000000000000e+00,2.000000000000000000e+00,2.000000000000000000e+00,2.000000000000000000e+00,2.000000000000000000e+00,2.000000000000000000e+00,2.000000000000000000e+00,2.000000000000000000e+00,2.000000000000000000e+00,2.000000000000000000e+00,2.000000000000000000e+00,2.000000000000000000e+00,2.000000000000000000e+00,2.000000000000000000e+00,2.000000000000000000e+00,2.000000000000000000e+00,2.000000000000000000e+00,2.000000000000000000e+00,2.000000000000000000e+00,2.000000000000000000e+00,2.000000000000000000e+00,2.000000000000000000e+00,2.000000000000000000e+00,2.000000000000000000e+00,2.000000000000000000e+00,2.000000000000000000e+00,2.000000000000000000e+00,2.000000000000000000e+00,2.000000000000000000e+00,2.000000000000021760e+00,2.000000000004725553e+00,2.000000000069431128e+00,2.000000000426430002e+00,2.000000003479692978e+00,2.000000032154851226e+00,2.000000167925098271e+00,2.000000375389787699e+00,2.000000374300309414e+00,2.000000204530961945e+00,2.000000075229394270e+00,2.000000019335355539e+00,2.000000005001227432e+00,2.000000003920597180e+00,2.000000008292681652e+00,2.000000014808335891e+00,2.000000016138494985e+00,2.000000012663413429e+00,2.000000007476810726e+00,2.000000003225419931e+00,2.000000001315888731e+00,2.000000000616440232e+00,2.000000000275107492e+00,2.000000000122518440e+00,2.000000000065972117e+00,2.000000000047775117e+00,2.000000000042374548e+00,2.000000000030934810e+00,2.000000000014159784e+00,2.000000000002780887e+00,2.000000000000109690e+00,2.000000000000000444e+00,2.000000000000000000e+00,2.000000000000000000e+00,2.000000000000000000e+00,2.000000000000000000e+00,2.000000000000000000e+00,2.000000000000000000e+00,2.000000000000000000e+00,2.000000000000000000e+00,2.000000000000000000e+00,2.000000000000000000e+00,2.000000000000000000e+00,2.000000000000000000e+00,2.000000000000000000e+00,2.000000000000000000e+00,2.000000000000000000e+00,2.000000000000000000e+00
1.666666666666666741e+00,1.666666666666666741e+00,1.666666666666666741e+00,1.666666666666666741e+00,1.666666666666666741e+00,1.666666666666666741e+00,1.666666666666666741e+00,1.666666666666666741e+00,1.666666666666666741e+00,1.666666666666666741e+00,1.666666666666666741e+00,1.666666666666666741e+00,1.666666666666666741e+00,1.666666666666666741e+00,1.666666666666666741e+00,1.666666666666666741e+00,1.666666666666666741e+00,1.666666666666666741e+00,1.666666666666666741e+00,1.666666666666666741e+00,1.666666666666666741e+00,1.666666666666666741e+00,1.666666666666666741e+00,1.666666666666666741e+00,1.666666666666666741e+00,1.666666666666666741e+00,1.666666666666666741e+00,1.666666666666666741e+00,1.666666666666666741e+00,1.666666666666666741e+00,1.666666666666666741e+00,1.666666666666666741e+00,1.666666666666666741e+00,1.666666666666666741e+00,1.666666666666666741e+00,1.666666666666666741e+00,1.666666666666666741e+00,1.666666666666666741e+00,1.666666666666666741e+00,1.666666666666666741e+00,1.666666666666666741e+00,1.666666666666666741e+00,1.666666666666666741e+00,1.666666666666666741e+00,1.666666666666666741e+00,1.666666666666666741e+00,1.666666666666666741e+00,1.666666666666666741e+00,1.666666666666666741e+00,1.666666666667941943e+00,1.666666668219492387e+00,1.666666714919473380e+00,1.666667019324894472e+00,1.666668493403685725e+00,1.666673996865999374e+00,1.666690139814701599e+00,1.666718612740384131e+00,1.666706489705094274e+00,1.666682406936347727e+00,1.666690612181625397e+00,1.666736525674591851e+00,1.666764055060565353e+00,1.666747066489177476e+00,1.666731673959808147e+00,1.666714396096734330e+00,1.666689546622126983e+00,1.666676884870876840e+00,1.666676294431036487e+00,1.666684929500294343e+00,1.666707104035858755e+00,1.666738133184451076e+00,1.666768337531488342e+00,1.666797274922747096e+00,1.666780420624275783e+00,1.666718835137716015e+00,1.666683395597296391e+00,1.666670851330680270e+00,1.666667257093886523e+00,1.666666707464233843e+00,1.666666667348789987e+00,1.666666666667253605e+00,1.666666666666666741e+00,1.666666666666666741e+00,1.666666666666666741e+00,1.666666666666666741e+00,1.666666666666666741e+00,1.666666666666666741e+00,1.666666666666666741e+00,1.666666666666666741e+00,1.666666666666666741e+00,1.666666666666666741e+00,1.666666666666666741e+00,1.666666666666666741e+00,1.666666666666666741e+00,1.666666666666666741e+00,1.666666666666666741e+00,1.666666666666666741e+00,1.666666666666666741e+00,1.666666666666666741e+00,1.666666666666666741e+00
1.333333333333333259e+00,1.333333333333333259e+00,1.333333333333333259e+00,1.333333333333333259e+00,1.333333333333333259e+00,1.333333333333333259e+00,1.333333333333333259e+00,1.333333333333333259e+00,1.333333333333333259e+00,1.333333333333333259e+00,1.333333333333333259e+00,1.333333333333333259e+00,1.333333333333333259e+00,1.333333333333333259e+00,1.333333333333333259e+00,1.333333333333333259e+00,1.333333333333333259e+00,1.333333333333333259e+00,1.333333333333333259e+00,1.333333333333333259e+00,1.333333333333333259e+00,1.333333333333333259e+00,1.333333333333333259e+00,1.333333333333333259e+00,1.333333333333333259e+00,1.333333333333333259e+00,1.333333333333333259e+00,1.333333333333333259e+00,1.333333333333333259e+00,1.333333333333333259e+00,1.333333333333333259e+00,1.333333333333333259e+00,1.333333333333333259e+00,1.333333333333333259e+00,1.333333333333333259e+00,1.333333333333333259e+00,1.333333333333333259e+00,1.333333333333333259e+00,1.333333333333333259e+00,1.333333333333333259e+00,1.333333333333333259e+00,1.333333333333333259e+00,1.333333333333333259e+00,1.333333333333333259e+00,1.333333333333333259e+00,1.333333333333333259e+00,1.333333333333333259e+00,1.333333333333333259e+00,1.333333333333333259e+00,1.333333333333333259e+00,1.333333333333333259e+00,1.333333333333333259e+00,1.333333333333333259e+00,1.333333333333382775e+00,1.333333333336435000e+00,1.333333333370476659e+00,1.333333333520649200e+00,1.333333333940926124e+00,1.333333334869341913e+00,1.333333337100524929e+00,1.333333342848187719e+00,1.333333353235932606e+00,1.333333361993461974e+00,1.333333359953976061e+00,1.333333355452366975e+00,1.333333361385611093e+00,1.333333383322772736e+00,1.333333411902219989e+00,1.333333418004393423e+00,1.333333397015509902e+00,1.333333380918601430e+00,1.333333379155061227e+00,1.333333381201434076e+00,1.333333381173671395e+00,1.333333378470035635e+00,1.333333377341202608e+00,1.333333377189452884e+00,1.333333370057961931e+00,1.333333353968826351e+00,1.333333339650568217e+00,1.333333334395362613e+00,1.333333333459876702e+00,1.333333333343554195e+00,1.333333333333637682e+00,1.333333333333335036e+00,1.333333333333333259e+00,1.333333333333333259e+00,1.333333333333333259e+00,1.333333333333333259e+00,1.333333333333333259e+00,1.333333333333333259e+00,1.333333333333333259e+00,1.333333333333333259e+00,1.333333333333333259e+00,1.333333333333333259e+00,1.333333333333333259e+00,1.333333333333333259e+00,1.333333333333333259e+00,1.333333333333333259e+00,1.333333333333333259e+00
1.333333333333333259e+00,1.333333333333333259e+00,1.333333333333333259e+00,1.333333333333333259e+00,1.333333333333333259e+00,1.333333333333333259e+00,1.333333333333333259e+00,1.333333333333333259e+00,1.333333333333333259e+00,1.333333333333333259e+00,1.333333333333333259e+00,1.333333333333333259e+00,1.333333333333333259e+00,1.333333333333333259e+00,1.333333333333333259e+00,1.333333333333333259e+00,1.333333333333333259e+00,1.333333333333333259e+00,1.333333333333333259e+00,1.333333333333333259e+00,1.333333333333333259e+00,1.333333333333333259e+00,1.333333333333333259e+00,1.333333333333333259e+00,1.333333333333333259e+00,1.333333333333333259e+00,1.333333333333333259e+00,1.333333333333333259e+00,1.333333333333333259e+00,1.333333333333333259e+00,1.333333333333333259e+00,1.333333333333333259e+00,1.333333333333333259e+00,1.333333333333333259e+00,1.333333333333333259e+00,1.333333333333333259e+00,1.333333333333333259e+00,1.333333333333333259e+00,1.333333333333333259e+00,1.333333333333333259e+00,1.333333333333333259e+00,1.333333333333333259e+00,1.333333333333333259e+00,1.333333333333333259e+00,1.333333333333333259e+00,1.333333333333333259e+00,1.333333333333333259e+00,1.333333333333333259e+00,1.333333333333333259e+00,1.333333333333333259e+00,1.333333333333333259e+00,1.333333333333333259e+00,1.333333333333333259e+00,1.333333333333333259e+00,1.333333333333418746e+00,1.333333333388650122e+00,1.333333334468137288e+00,1.333333346695812605e+00,1.333333446324991733e+00,1.333333789984131101e+00,1.333334522097750163e+00,1.333335423215844973e+00,1.333336231152850049e+00,1.333336975599903607e+00,1.333337180319734472e+00,1.333337136623812036e+00,1.333336692672750790e+00,1.333335871780259696e+00,1.333335208384174964e+00,1.333334837645898441e+00,1.333334640531984583e+00,1.333334520644754662e+00,1.333334455547677155e+00,1.333334416734774930e+00,1.333334525317672048e+00,1.333334385450846371e+00,1.333333820442605511e+00,1.333333451615687837e+00,1.333333352450124965e+00,1.333333335970076305e+00,1.333333333597872983e+00,1.333333333344999705e+00,1.333333333333429849e+00,1.333333333333333259e+00,1.333333333333333259e+00,1.333333333333333259e+00,1.333333333333333259e+00,1.333333333333333259e+00,1.333333333333333259e+00,1.333333333333333259e+00,1.333333333333333259e+00,1.333333333333333259e+00,1.333333333333333259e+00,1.333333333333333259e+00,1.333333333333333259e+00,1.333333333333333259e+00,1.333333333333333259e+00,1.333333333333333259e+00,1.333333333333333259e+00,1.333333333333333259e+00
1.333333333333333259e+00,1.333333333333333259e+00,1.333333333333333259e+00,1.333333333333333259e+00,1.333333333333333259e+00,1.333333333333333259e+00,1.333333333333333259e+00,1.333333333333333259e+00,1.333333333333333259e+00,1.333333333333333259e+00,1.333333333333333259e+00,1.333333333333333259e+00,1.333333333333333259e+00,1.333333333333333259e+00,1.333333333333333259e+00,1.333333333333333259e+00,1.333333333333333259e+00,1.333333333333333259e+00,1.333333333333333259e+00,1.333333333333333259e+00,1.333333333333333259e+00,1.333333333333333259e+00,1.333333333333333259e+00,1.333333333333333259e+00,1.333333333333333259e+00,1.333333333333333259e+00,1.333333333333333259e+00,1.333333333333333259e+00,1.333333333333333259e+00,1.333333333333333259e+00,1.333333333333333259e+00,1.333333333333333259e+00,1.333333333333333259e+00,1.333333333333333259e+00,1.333333333333333259e+00,1.333333333333333259e+00,1.333333333333333259e+00,1.333333333333333259e+00,1.333333333333333259e+00,1.333333333333333259e+00,1.333333333333333259e+00,1.333333333333333259e+00,1.333333333333333259e+00,1.333333333333333259e+00,1.333333333333333259e+00,1.333333333333333259e+00,1.333333333333333259e+00,1.333333333333333259e+00,1.333333333333333259e+00,1.333333333333333259e+00,1.333333333333333259e+00,1.333333333333333259e+00,1.333333333333334147e+00,1.333333333333488691e+00,1.333333333337122451e+00,1.333333333414623123e+00,1.333333334659414726e+00,1.333333343002492732e+00,1.333333371471234985e+00,1.333333440238602119e+00,1.333333547154399001e+00,1.333333619050012686e+00,1.333333603021766400e+00,1.333333556656129737e+00,1.333333508279138435e+00,1.333333456786532034e+00,1.333333426800269894e+00,1.333333425669334549e+00,1.333333436210868417e+00,1.333333450775769480e+00,1.333333474994536028e+00,1.333333509563446651e+00,1.333333564435797758e+00,1.333333635204405621e+00,1.333333687057159489e+00,1.333333682670159615e+00,1.333333620013996246e+00,1.333333527074541003e+00,1.333333437180589609e+00,1.333333369029173543e+00,1.333333339192768863e+00,1.333333333762254380e+00,1.333333333347104244e+00,1.333333333333458492e+00,1.333333333333333259e+00,1.333333333333333259e+00,1.333333333333333259e+00,1.333333333333333259e+00,1.333333333333333259e+00,1.333333333333333259e+00,1.333333333333333259e+00,1.333333333333333259e+00,1.333333333333333259e+00,1.333333333333333259e+00,1.333333333333333259e+00,1.333333333333333259e+00,1.333333333333333259e+00,1.333333333333333259e+00,1.333333333333333259e+00,1.333333333333333259e+00
1.333333333333333259e+00,1.333333333333333259e+00,1.333333333333333259e+00,1.333333333333333259e+00,1.333333333333333259e+00,1.333333333333333259e+00,1.333333333333333259e+00,1.333333333333333259e+00,1.333333333333333259e+00,1.333333333333333259e+00,1.333333333333333259e+00,1.333333333333333259e+00,1.333333333333333259e+00,1.333333333333333259e+00,1.333333333333333259e+00,1.333333333333333259e+00,1.333333333333333259e+00,1.333333333333333259e+00,1.333333333333333259e+00,1.333333333333333259e+00,1.333333333333333259e+00,1.333333333333333259e+00,1.333333333333333259e+00,1.333333333333333259e+00,1.333333333333333259e+00,1.333333333333333259e+00,1.333333333333333259e+00,1.333333333333333259e+00,1.333333333333333259e+00,1.333333333333333259e+00,1.333333333333333259e+00,1.333333333333333259e+00,1.333333333333333259e+00,1.333333333333333259e+00,1.333333333333333259e+00,1.333333333333333259e+00,1.333333333333333259e+00,1.333333333333333259e+00,1.333333333333333259e+00,1.333333333333333259e+00,1.333333333333333259e+00,1.333333333333333259e+00,1.333333333333333259e+00,1.333333333333333259e+00,1.333333333333333259e+00,1.333333333333333259e+00,1.333333333333333259e+00,1.333333333333333259e+00,1.333333333333333259e+00,1.333333333333333259e+00,1.333333333333333259e+00,1.333333333333333259e+00,1.333333333333335258e+00,1.333333333333648341e+00,1.333333333343853511e+00,1.333333333492112249e+00,1.333333334934283076e+00,1.333333347554575443e+00,1.333333425727251775e+00,1.333333650345042809e+00,1.333333904133541248e+00,1.333334033293080978e+00,1.333334026613327783e+00,1.333334013191203038e+00,1.333334193545814284e+00,1.333334645950953190e+00,1.333334998078623546e+00,1.333334735357840639e+00,1.333334386797871751e+00,1.333334301658108290e+00,1.333334436520460020e+00,1.333334731809962648e+00,1.333334846891511827e+00,1.333334650979820069e+00,1.333334431880225601e+00,1.333334313204781241e+00,1.333334150788379135e+00,1.333333794214087487e+00,1.333333477682500545e+00,1.333333362546417655e+00,1.333333339289622277e+00,1.333333334582297081e+00,1.333333333460738235e+00,1.333333333336694349e+00,1.333333333333351689e+00,1.333333333333333259e+00,1.333333333333333259e+00,1.333333333333333259e+00,1.333333333333333259e+00,1.333333333333333259e+00,1.333333333333333259e+00,1.333333333333333259e+00,1.333333333333333259e+00,1.333333333333333259e+00,1.333333333333333259e+00,1.333333333333333259e+00,1.333333333333333259e+00,1.333333333333333259e+00,1.333333333333333259e+00,1.333333333333333259e+00
6.666666666666666297e-01,6.666666666666666297e-01,6.666666666666666297e-01,6.666666666666666297e-01,6.666666666666666297e-01,6.666666666666666297e-01,6.666666666666666297e-01,6.666666666666666297e-01,6.666666666666666297e-01,6.666666666666666297e-01,6.666666666666666297e-01,6.666666666666666297e-01,6.666666666666666297e-01,6.666666666666666297e-01,6.666666666666666297e-01,6.666666666666666297e-01,6.666666666666666297e-01,6.666666666666666297e-01,6.666666666666666297e-01,6.666666666666666297e-01,6.666666666666666297e-01,6.666666666666666297e-01,6.666666666666666297e-01,6.666666666666666297e-01,6.666666666666666297e-01,6.666666666666666297e-01,6.666666666666666297e-01,6.666666666666666297e-01,6.666666666666666297e-01,6.666666666666666297e-01,6.666666666666666297e-01,6.666666666666666297e-01,6.666666666666666297e-01,6.666666666666666297e-01,6.666666666666666297e-01,6.666666666666666297e-01,6.666666666666666297e-01,6.666666666666666297e-01,6.666666666666666297e-01,6.666666666666666297e-01,6.666666666666666297e-01,6.666666666666666297e-01,6.666666666666666297e-01,6.666666666666666297e-01,6.666666666666666297e-01,6.666666666666666297e-01,6.666666666666666297e-01,6.666666666666666297e-01,6.666666666666666297e-01,6.666666666666666297e-01,6.666666666666666297e-01,6.666666666666666297e-01,6.666666666666666297e-01,6.666666666667069308e-01,6.666666666885846526e-01,6.666666686403621700e-01,6.666666944368510039e-01,6.666667721384762491e-01,6.666671693095957973e-01,6.666685164660332008e-01,6.666700412660635511e-01,6.666709374195580740e-01,6.666694584704093707e-01,6.666682018686579392e-01,6.666680070163685246e-01,6.666677399602873866e-01,6.666676636361701380e-01,6.666676530674835455e-01,6.666674908038336955e-01,6.666673967179597149e-01,6.666673070370141563e-01,6.666673681624626369e-01,6.666676655230519000e-01,6.666679253906004909e-01,6.666681469361999124e-01,6.666686523456972768e-01,6.666685312957012499e-01,6.666674613314398368e-01,6.666668537212744328e-01,6.666667059664856954e-01,6.666666748695087019e-01,6.666666676056653973e-01,6.666666667002868474e-01,6.666666666668856767e-01,6.666666666666666297e-01,6.666666666666666297e-01,6.666666666666666297e-01,6.666666666666666297e-01,6.666666666666666297e-01,6.666666666666666297e-01,6.666666666666666297e-01,6.666666666666666297e-01,6.666666666666666297e-01,6.666666666666666297e-01,6.666666666666666297e-01,6.666666666666666297e-01,6.666666666666666297e-01,6.666666666666666297e-01,6.666666666666666297e-01,6.666666666666666297e-01
2.000000000000000000e+00,2.000000000000000000e+00,2.000000000000000000e+00,2.000000000000000000e+00,2.000000000000000000e+00,2.000000000000000000e+00,2.000000000000000000e+00,2.000000000000000000e+00,2.000000000000000000e+00,2.000000000000000000e+00,2.000000000000000000e+00,2.000000000000000000e+00,2.000000000000000000e+00,2.000000000000000000e+00,2.000000000000000000e+00,2.000000000000000000e+00,2.000000000000000000e+00,2.000000000000000000e+00,2.000000000000000000e+00,2.000000000000000000e+00,2.000000000000000000e+00,2.000000000000000000e+00,2.000000000000000000e+00,2.000000000000000000e+00,2.000000000000000000e+00,2.000000000000000000e+00,2.000000000000000000e+00,2.000000000000000000e+00,2.000000000000000000e+00,2.000000000000000000e+00,2.000000000000000000e+00,2.000000000000000000e+00,2.000000000000000000e+00,2.000000000000000000e+00,2.000000000000000000e+00,2.000000000000000000e+00,2.000000000000000000e+00,2.000000000000000000e+00,2.000000000000000000e+00,2.000000000000000000e+00,2.000000000000000000e+00,2.000000000000000000e+00,2.000000000000000000e+00,2.000000000000000000e+00,2.000000000000000000e+00,2.000000000000000000e+00,2.000000000000000000e+00,2.000000000000000000e+00,2.000000000000000000e+00,2.000000000000000000e+00,2.000000000000000000e+00,2.000000000000000000e+00,2.000000000000000000e+00,2.000000000000000888e+00,2.000000000005249134e+00,2.000000001927707771e+00,2.000000091797410562e+00,2.000001218695324212e+00,2.000007409089977983e+00,2.000024208730992736e+00,2.000044362631466122e+00,2.000055670297214760e+00,2.000067251734197527e+00,2.000081435811652764e+00,2.000081736241084762e+00,2.000073320376131392e+00,2.000066863272291773e+00,2.000053710611667146e+00,2.000035728106255739e+00,2.000023702613772159e+00,2.000017930482043571e+00,2.000015615767765542e+00,2.000015350923360913e+00,2.000015686834849760e+00,2.000015092829479091e+00,2.000013777433935935e+00,2.000011999930164652e+00,2.000008182795721456e+00,2.000003402746533432e+00,2.000000981845703407e+00,2.000000340760364370e+00,2.000000130753642580e+00,2.000000024180485614e+00,2.000000001133451555e+00,2.000000000007627676e+00,2.000000000000002220e+00,2.000000000000000000e+00,2.000000000000000000e+00,2.000000000000000000e+00,2.000000000000000000e+00,2.000000000000000000e+00,2.000000000000000000e+00,2.000000000000000000e+00,2.000000000000000000e+00,2.000000000000000000e+00,2.000000000000000000e+00,2.000000000000000000e+00,2.000000000000000000e+00,2.000000000000000000e+00,2.000000000000000000e+00
6.666666666666666297e-01,6.666666666666666297e-01,6.666666666666666297e-01,6.666666666666666297e-01,6.666666666666666297e-01,6.666666666666666297e-01,6.666666666666666297e-01,6.666666666666666297e-01,6.666666666666666297e-01,6.666666666666666297e-01,6.666666666666666297e-01,6.666666666666666297e-01,6.666666666666666297e-01,6.666666666666666297e-01,6.666666666666666297e-01,6.666666666666666297e-01,6.666666666666666297e-01,6.666666666666666297e-01,6.666666666666666297e-01,6.666666666666666297e-01,6.666666666666666297e-01,6.666666666666666297e-01,6.666666666666666297e-01,6.666666666666666297e-01,6.666666666666666297e-01,6.666666666666666297e-01,6.666666666666666297e-01,6.666666666666666297e-01,6.666666666666666297e-01,6.666666666666666297e-01,6.666666666666666297e-01,6.666666666666666297e-01,6.666666666666666297e-01,6.666666666666666297e-01,6.666666666666666297e-01,6.666666666666666297e-01,6.666666666666666297e-01,6.666666666666666297e-01,6.666666666666666297e-01,6.666666666666666297e-01,6.666666666666666297e-01,6.666666666666666297e-01,6.666666666666666297e-01,6.666666666666666297e-01,6.666666666666666297e-01,6.666666666666666297e-01,6.666666666666666297e-01,6.666666666666666297e-01,6.666666666666666297e-01,6.666666666666666297e-01,6.666666666666666297e-01,6.666666666666667407e-01,6.666666666667366847e-01,6.666666666753051640e-01,6.666666672029887275e-01,6.666666786173427450e-01,6.666667991973450613e-01,6.666675154741945608e-01,6.666691126925479161e-01,6.666694520950834368e-01,6.666683310428080933e-01,6.666677611499696177e-01,6.666675458587092429e-01,6.666673888416317917e-01,6.666676421135184771e-01,6.666679961741823757e-01,6.666677134433399710e-01,6.666674070572127242e-01,6.666674090478748038e-01,6.666675091863447644e-01,6.666675787331981518e-01,6.666676545031654522e-01,6.666677300326253608e-01,6.666677374597713701e-01,6.666677328003662861e-01,6.666677757244833247e-01,6.666675589913326760e-01,6.666670151399998190e-01,6.666667359067904863e-01,6.666666846237900845e-01,6.666666750250580531e-01,6.666666692126723692e-01,6.666666669196362749e-01,6.666666666742411262e-01,6.666666666667322438e-01,6.666666666666667407e-01,6.666666666666666297e-01,6.666666666666666297e-01,6.666666666666666297e-01,6.666666666666666297e-01,6.666666666666666297e-01,6.666666666666666297e-01,6.666666666666666297e-01,6.666666666666666297e-01,6.666666666666666297e-01,6.666666666666666297e-01,6.666666666666666297e-01,6.666666666666666297e-01,6.666666666666666297e-01,6.666666666666666297e-01
1.333333333333333259e+00,1.333333333333333259e+00,1.333333333333333259e+00,1.333333333333333259e+00,1.333333333333333259e+00,1.333333333333333259e+00,1.333333333333333259e+00,1.333333333333333259e+00,1.333333333333333259e+00,1.333333333333333259e+00,1.333333333333333259e+00,1.333333333333333259e+00,1.333333333333333259e+00,1.333333333333333259e+00,1.333333333333333259e+00,1.333333333333333259e+00,1.333333333333333259e+00,1.333333333333333259e+00,1.333333333333333259e+00,1.333333333333333259e+00,1.333333333333333259e+00,1.333333333333333259e+00,1.333333333333333259e+00,1.333333333333333259e+00,1.333333333333333259e+00,1.333333333333333259e+00,1.333333333333333259e+00,1.333333333333333259e+00,1.333333333333333259e+00,1.333333333333333259e+00,1.333333333333333259e+00,1.333333333333333259e+00,1.333333333333333259e+00,1.333333333333333259e+00,1.333333333333333259e+00,1.333333333333333259e+00,1.333333333333333259e+00,1.333333333333333259e+00,1.333333333333333259e+00,1.333333333333333259e+00,1.333333333333333259e+00,1.333333333333333259e+00,1.333333333333333259e+00,1.333333333333333259e+00,1.333333333333333259e+00,1.333333333333333259e+00,1.333333333333333259e+00,1.333333333333333259e+00,1.333333333333333259e+00,1.333333333333333259e+00,1.333333333333573956e+00,1.333333333402562548e+00,1.333333335714008472e+00,1.333333388726101632e+00,1.333334080312275738e+00,1.333339052327723984e+00,1.333361515309508416e+00,1.333417483832755268e+00,1.333463549606677123e+00,1.333544223828935893e+00,1.333803981197347444e+00,1.334147418927081219e+00,1.334229858316851924e+00,1.334003658222900235e+00,1.333821948117195788e+00,1.333740631658283604e+00,1.333640177921691761e+00,1.333546311384809835e+00,1.333478140438326243e+00,1.333429690220971020e+00,1.333404735753044523e+00,1.333395504681337940e+00,1.333410947858345574e+00,1.333457398808421290e+00,1.333502983416714027e+00,1.333533720723276694e+00,1.333550648714138198e+00,1.333487309796393294e+00,1.333387540077390021e+00,1.333343157913780885e+00,1.333334455242416894e+00,1.333333418781303958e+00,1.333333335668466901e+00,1.333333333340215532e+00,1.333333333333333925e+00,1.333333333333333259e+00,1.333333333333333259e+00,1.333333333333333259e+00,1.333333333333333259e+00,1.333333333333333259e+00,1.333333333333333259e+00,1.333333333333333259e+00,1.333333333333333259e+00,1.333333333333333259e+00,1.333333333333333259e+00,1.333333333333333259e+00,1.333333333333333259e+00,1.333333333333333259e+00,1.333333333333333259e+00,1.333333333333333259e+00
1.666666666666666741e+00,1.666666666666666741e+00,1.666666666666666741e+00,1.666666666666666741e+00,1.666666666666666741e+00,1.666666666666666741e+00,1.666666666666666741e+00,1.666666666666666741e+00,1.666666666666666741e+00,1.666666666666666741e+00,1.666666666666666741e+00,1.666666666666666741e+00,1.666666666666666741e+00,1.666666666666666741e+00,1.666666666666666741e+00,1.666666666666666741e+00,1.666666666666666741e+00,1.666666666666666741e+00,1.666666666666666741e+00,1.666666666666666741e+00,1.666666666666666741e+00,1.666666666666666741e+00,1.666666666666666741e+00,1.666666666666666741e+00,1.666666666666666741e+00,1.666666666666666741e+00,1.666666666666666741e+00,1.666666666666666741e+00,1.666666666666666741e+00,1.666666666666666741e+00,1.666666666666666741e+00,1.666666666666666741e+00,1.666666666666666741e+00,1.666666666666666741e+00,1.666666666666666741e+00,1.666666666666666741e+00,1.666666666666666741e+00,1.666666666666666741e+00,1.666666666666666741e+00,1.666666666666666741e+00,1.666666666666666741e+00,1.666666666666666741e+00,1.666666666666666741e+00,1.666666666666666741e+00,1.666666666666666741e+00,1.666666666666666741e+00,1.666666666666666741e+00,1.666666666666666741e+00,1.666666666666666741e+00,1.666666666666666741e+00,1.666666666666666741e+00,1.666666666666666741e+00,1.666666666666666741e+00,1.666666666666714480e+00,1.666666666701122512e+00,1.666666668964993381e+00,1.666666715481317951e+00,1.666667076750210530e+00,1.666668202213046124e+00,1.666669813407783307e+00,1.666670645772987180e+00,1.666670130788786341e+00,1.666668962604243909e+00,1.666667757971102004e+00,1.666667024119689922e+00,1.666666780283529770e+00,1.666666732216195879e+00,1.666666758002425031e+00,1.666666883259578125e+00,1.666667125594794019e+00,1.666667285706905366e+00,1.666667165995499023e+00,1.666666953315209421e+00,1.666666822121485092e+00,1.666666756182863862e+00,1.666666727982122342e+00,1.666666715342798089e+00,1.666666697935563102e+00,1.666666678582944705e+00,1.666666669022865976e+00,1.666666666862639312e+00,1.666666666671043906e+00,1.666666666666680063e+00,1.666666666666666741e+00,1.666666666666666741e+00,1.666666666666666741e+00,1.666666666666666741e+00,1.666666666666666741e+00,1.666666666666666741e+00,1.666666666666666741e+00,1.666666666666666741e+00,1.666666666666666741e+00,1.666666666666666741e+00,1.666666666666666741e+00,1.666666666666666741e+00,1.666666666666666741e+00,1.666666666666666741e+00,1.666666666666666741e+00,1.666666666666666741e+00,1.666666666666666741e+00
1.666666666666666741e+00,1.666666666666666741e+00,1.666666666666666741e+00,1.666666666666666741e+00,1.666666666666666741e+00,1.666666666666666741e+00,1.666666666666667407e+00,1.666666666666667851e+00,1.666666666666668295e+00,1.666666666666668295e+00,1.666666666666668295e+00,1.666666666666668295e+00,1.666666666666668295e+00,1.666666666666668295e+00,1.666666666666668295e+00,1.666666666666668295e+00,1.666666666666668295e+00,1.666666666666668295e+00,1.666666666666668295e+00,1.666666666666668295e+00,1.666666666666668295e+00,1.666666666666668295e+00,1.666666666666668295e+00,1.666666666666668295e+00,1.666666666666668295e+00,1.666666666666668295e+00,1.666666666666668295e+00,1.666666666666668295e+00,1.666666666666668295e+00,1.666666666666668295e+00,1.666666666666668295e+00,1.666666666666668295e+00,1.666666666666668295e+00,1.666666666666668295e+00,1.666666666666668295e+00,1.666666666666668295e+00,1.666666666666668295e+00,1.666666666666668295e+00,1.666666666666668295e+00,1.666666666666668295e+00,1.666666666666668295e+00,1.666666666666668295e+00,1.666666666666668295e+00,1.666666666666668295e+00,1.666666666666668295e+00,1.666666666666668295e+00,1.666666666666668295e+00,1.666666666666668295e+00,1.666666666666668295e+00,1.666666666666668295e+00,1.666666666666668295e+00,1.666666666666668295e+00,1.666666666666715590e+00,1.666666666781061457e+00,1.666666727498965495e+00,1.666671224816491659e+00,1.666736124750759940e+00,1.666968287694196915e+00,1.667179310835504635e+00,1.667174135897932397e+00,1.667068051012887686e+00,1.666897218804549885e+00,1.666768141839661599e+00,1.666744769967652307e+00,1.666790458805558650e+00,1.666845908629063011e+00,1.666850427043626182e+00,1.666811862373333009e+00,1.666754335531441589e+00,1.666704422342514036e+00,1.666678372849737855e+00,1.666670050581903650e+00,1.666668080194609658e+00,1.666667787797959654e+00,1.666668133772677862e+00,1.666668828700000882e+00,1.666669659146432947e+00,1.666670140869483729e+00,1.666669409870549678e+00,1.666667964196062224e+00,1.666667008850758469e+00,1.666666707468278386e+00,1.666666668143465868e+00,1.666666666677501851e+00,1.666666666666690721e+00,1.666666666666667851e+00,1.666666666666667851e+00,1.666666666666667851e+00,1.666666666666667851e+00,1.666666666666667851e+00,1.666666666666667851e+00,1.666666666666667851e+00,1.666666666666667851e+00,1.666666666666667851e+00,1.666666666666667851e+00,1.666666666666667851e+00,1.666666666666667407e+00,1.666666666666667185e+00,1.666666666666666741e+00,1.666666666666666741e+00
1.333333333333333259e+00,1.333333333333333259e+00,1.333333333333333259e+00,1.333333333333333259e+00,1.333333333333333259e+00,1.333333333333333259e+00,1.333333333333333259e+00,1.333333333333333259e+00,1.333333333333333481e+00,1.333333333333333481e+00,1.333333333333333481e+00,1.333333333333333481e+00,1.333333333333333481e+00,1.333333333333333481e+00,1.333333333333333481e+00,1.333333333333333481e+00,1.333333333333333481e+00,1.333333333333333481e+00,1.333333333333333481e+00,1.333333333333333481e+00,1.333333333333333481e+00,1.333333333333333481e+00,1.333333333333333481e+00,1.333333333333333481e+00,1.333333333333333481e+00,1.333333333333333481e+00,1.333333333333333481e+00,1.333333333333333481e+00,1.333333333333333481e+00,1.333333333333333481e+00,1.333333333333333481e+00,1.333333333333333481e+00,1.333333333333333481e+00,1.333333333333333481e+00,1.333333333333333481e+00,1.333333333333333481e+00,1.333333333333333481e+00,1.333333333333333481e+00,1.333333333333333481e+00,1.333333333333333481e+00,1.333333333333333481e+00,1.333333333333333481e+00,1.333333333333333481e+00,1.333333333333333481e+00,1.333333333333333481e+00,1.333333333333333481e+00,1.333333333333333481e+00,1.333333333333333481e+00,1.333333333333333481e+00,1.333333333333333481e+00,1.333333333333333481e+00,1.333333333333336812e+00,1.333333333356250927e+00,1.333333358299436888e+00,1.333335156891606754e+00,1.333368450592654186e+00,1.333615803950328971e+00,1.334169632696390551e+00,1.334142473948631613e+00,1.333675150792275943e+00,1.333497061154611973e+00,1.333438559311754812e+00,1.333394857907198805e+00,1.333414485469147870e+00,1.333460344646699491e+00,1.333443428634409900e+00,1.333448137496228370e+00,1.333536579680884238e+00,1.333674303196219713e+00,1.333733938080111203e+00,1.333706281864355692e+00,1.333623452008692922e+00,1.333496380631888467e+00,1.333425351262797820e+00,1.333429422411539722e+00,1.333439729349759739e+00,1.333386763926441176e+00,1.333352138714581914e+00,1.333351860766459840e+00,1.333351393520317618e+00,1.333338579647713296e+00,1.333333873444818796e+00,1.333333358419030557e+00,1.333333333647855223e+00,1.333333333333555970e+00,1.333333333333333259e+00,1.333333333333333259e+00,1.333333333333333259e+00,1.333333333333333259e+00,1.333333333333333259e+00,1.333333333333333259e+00,1.333333333333333259e+00,1.333333333333333259e+00,1.333333333333333259e+00,1.333333333333333259e+00,1.333333333333333259e+00,1.333333333333333259e+00,1.333333333333333259e+00,1.333333333333333259e+00,1.333333333333333259e+00
6.666666666666666297e-01,6.666666666666666297e-01,6.666666666666666297e-01,6.666666666666666297e-01,6.666666666666666297e-01,6.666666666666666297e-01,6.666666666666667407e-01,6.666666666666667407e-01,6.666666666666667407e-01,6.666666666666667407e-01,6.666666666666667407e-01,6.666666666666667407e-01,6.666666666666667407e-01,6.666666666666667407e-01,6.666666666666667407e-01,6.666666666666667407e-01,6.666666666666667407e-01,6.666666666666667407e-01,6.666666666666667407e-01,6.666666666666667407e-01,6.666666666666667407e-01,6.666666666666667407e-01,6.666666666666667407e-01,6.666666666666667407e-01,6.666666666666667407e-01,6.666666666666667407e-01,6.666666666666667407e-01,6.666666666666667407e-01,6.666666666666667407e-01,6.666666666666667407e-01,6.666666666666667407e-01,6.666666666666667407e-01,6.666666666666667407e-01,6.666666666666667407e-01,6.666666666666667407e-01,6.666666666666667407e-01,6.666666666666667407e-01,6.666666666666667407e-01,6.666666666666667407e-01,6.666666666666667407e-01,6.666666666666667407e-01,6.666666666666669627e-01,6.666666666666669627e-01,6.666666666666669627e-01,6.666666666666669627e-01,6.666666666666669627e-01,6.666666666666669627e-01,6.666666666666669627e-01,6.666666666666669627e-01,6.666666666666669627e-01,6.666666666678056075e-01,6.666666702841894665e-01,6.666669038721213525e-01,6.666694124379066722e-01,6.666859424871853790e-01,6.667682191038686312e-01,6.670400604279360657e-01,6.676091678905398119e-01,6.679650818786808664e-01,6.672529239598207207e-01,6.669827853716336907e-01,6.674628370041648662e-01,6.682504646462710252e-01,6.683110261461929769e-01,6.679834065805022592e-01,6.677185658527120538e-01,6.674479029231635829e-01,6.670814956627070247e-01,6.668641468457017218e-01,6.667762929880676204e-01,6.667453647074378376e-01,6.667389567499198977e-01,6.667367948058473548e-01,6.667690624316828796e-01,6.668608195393228577e-01,6.669023472858806034e-01,6.668723018858140339e-01,6.668784260103761685e-01,6.667815306008635368e-01,6.666814927104277588e-01,6.666672399554944839e-01,6.666666829340170963e-01,6.666666669894039110e-01,6.666666666697345089e-01,6.666666666666684060e-01,6.666666666666666297e-01,6.666666666666666297e-01,6.666666666666666297e-01,6.666666666666666297e-01,6.666666666666666297e-01,6.666666666666666297e-01,6.666666666666666297e-01,6.666666666666666297e-01,6.666666666666666297e-01,6.666666666666666297e-01,6.666666666666666297e-01,6.666666666666666297e-01,6.666666666666666297e-01,6.666666666666666297e-01,6.666666666666666297e-01
1.000000000000000000e+00,1.000000000000000000e+00,1.000000000000000000e+00,1.000000000000000000e+00,1.000000000000000222e+00,1.000000000000000444e+00,1.000000000000000666e+00,1.000000000000000888e+00,1.000000000000000888e+00,1.000000000000000888e+00,1.000000000000000888e+00,1.000000000000000888e+00,1.000000000000000888e+00,1.000000000000000888e+00,1.000000000000000888e+00,1.000000000000000888e+00,1.000000000000000888e+00,1.000000000000000888e+00,1.000000000000000888e+00,1.000000000000000888e+00,1.000000000000000888e+00,1.000000000000000888e+00,1.000000000000000888e+00,1.000000000000000888e+00,1.000000000000000888e+00,1.000000000000000888e+00,1.000000000000000888e+00,1.000000000000000888e+00,1.000000000000000888e+00,1.000000000000000888e+00,1.000000000000000888e+00,1.000000000000000888e+00,1.000000000000000888e+00,1.000000000000000888e+00,1.000000000000000888e+00,1.000000000000000888e+00,1.000000000000000888e+00,1.000000000000000888e+00,1.000000000000000888e+00,1.000000000000000888e+00,1.000000000000000888e+00,1.000000000000000888e+00,1.000000000000000888e+00,1.000000000000000888e+00,1.000000000000000888e+00,1.000000000000000888e+00,1.000000000000000888e+00,1.000000000000000888e+00,1.000000000000000888e+00,1.000000000000000888e+00,1.000000000000000888e+00,1.000000000000002220e+00,1.000000000000426548e+00,1.000000000269303913e+00,1.000000025178716223e+00,1.000000331536518683e+00,1.000001316008995111e+00,1.000003483785834701e+00,1.000007419426115485e+00,1.000009526862032594e+00,1.000008884296868628e+00,1.000016169816887901e+00,1.000034571467978584e+00,1.000035165111993640e+00,1.000024498814046536e+00,1.000020025617402775e+00,1.000016775562140747e+00,1.000012454638851800e+00,1.000012616721965619e+00,1.000017492696684940e+00,1.000020641214035777e+00,1.000018808448746466e+00,1.000015283511636044e+00,1.000011480038156542e+00,1.000006411422476038e+00,1.000002731135203771e+00,1.000001739819953661e+00,1.000001187102334876e+00,1.000000394678226545e+00,1.000000068142113729e+00,1.000000004524988162e+00,1.000000000045086379e+00,1.000000000000017986e+00,1.000000000000000888e+00,1.000000000000000888e+00,1.000000000000000888e+00,1.000000000000000888e+00,1.000000000000000888e+00,1.000000000000000888e+00,1.000000000000000888e+00,1.000000000000000888e+00,1.000000000000000666e+00,1.000000000000000666e+00,1.000000000000000666e+00,1.000000000000000666e+00,1.000000000000000444e+00,1.000000000000000222e+00,1.000000000000000222e+00,1.000000000000000222e+00,1.000000000000000000e+00
6.666666666666666297e-01,6.666666666666666297e-01,6.666666666666666297e-01,6.666666666666666297e-01,6.666666666666666297e-01,6.666666666666666297e-01,6.666666666666666297e-01,6.666666666666666297e-01,6.666666666666666297e-01,6.666666666666666297e-01,6.666666666666666297e-01,6.666666666666666297e-01,6.666666666666666297e-01,6.666666666666666297e-01,6.666666666666666297e-01,6.666666666666666297e-01,6.666666666666666297e-01,6.666666666666666297e-01,6.666666666666666297e-01,6.666666666666666297e-01,6.666666666666666297e-01,6.666666666666666297e-01,6.666666666666666297e-01,6.666666666666666297e-01,6.666666666666666297e-01,6.666666666666666297e-01,6.666666666666666297e-01,6.666666666666666297e-01,6.666666666666666297e-01,6.666666666666666297e-01,6.666666666666666297e-01,6.666666666666666297e-01,6.666666666666666297e-01,6.666666666666666297e-01,6.666666666666666297e-01,6.666666666666666297e-01,6.666666666666666297e-01,6.666666666666666297e-01,6.666666666666666297e-01,6.666666666666666297e-01,6.666666666666666297e-01,6.666666666666666297e-01,6.666666666666666297e-01,6.666666666666666297e-01,6.666666666666666297e-01,6.666666666666666297e-01,6.666666666666666297e-01,6.666666666666666297e-01,6.666666666666666297e-01,6.666666666666666297e-01,6.666666666666666297e-01,6.666666666666666297e-01,6.666666666667484531e-01,6.666666667167581162e-01,6.666666685603808151e-01,6.666666906036727847e-01,6.666668235495747385e-01,6.666672275669222048e-01,6.666679685998181393e-01,6.666687524453377423e-01,6.666687300014576545e-01,6.666679324349489288e-01,6.666674222381727688e-01,6.666671713785037312e-01,6.666669504765737608e-01,6.666668194144454995e-01,6.666667846029403766e-01,6.666668255509788921e-01,6.666668710602171588e-01,6.666668545941638602e-01,6.666668311534522662e-01,6.666668060068779988e-01,6.666667679583908601e-01,6.666667280725838696e-01,6.666666921620697517e-01,6.666666752040903976e-01,6.666666701815353591e-01,6.666666679471207058e-01,6.666666670315961607e-01,6.666666667440580563e-01,6.666666666808089836e-01,6.666666666701447364e-01,6.666666666669912589e-01,6.666666666666685170e-01,6.666666666666666297e-01,6.666666666666666297e-01,6.666666666666666297e-01,6.666666666666666297e-01,6.666666666666666297e-01,6.666666666666666297e-01,6.666666666666666297e-01,6.666666666666666297e-01,6.666666666666666297e-01,6.666666666666666297e-01,6.666666666666666297e-01,6.666666666666666297e-01,6.666666666666666297e-01,6.666666666666666297e-01,6.666666666666666297e-01,6.666666666666666297e-01
6.666666666666666297e-01,6.666666666666666297e-01,6.666666666666666297e-01,6.666666666666667407e-01,6.666666666666678509e-01,6.666666666666710706e-01,6.666666666666740682e-01,6.666666666666758445e-01,6.666666666666768437e-01,6.666666666666769547e-01,6.666666666666771768e-01,6.666666666666772878e-01,6.666666666666773988e-01,6.666666666666776209e-01,6.666666666666777319e-01,6.666666666666778429e-01,6.666666666666780650e-01,6.666666666666780650e-01,6.666666666666781760e-01,6.666666666666782870e-01,6.666666666666785090e-01,6.666666666666786201e-01,6.666666666666787311e-01,6.666666666666789531e-01,6.666666666666790642e-01,6.666666666666791752e-01,6.666666666666793972e-01,6.666666666666795082e-01,6.666666666666796193e-01,6.666666666666798413e-01,6.666666666666799523e-01,6.666666666666800634e-01,6.666666666666802854e-01,6.666666666666803964e-01,6.666666666666805074e-01,6.666666666666807295e-01,6.666666666666808405e-01,6.666666666666809515e-01,6.666666666666812846e-01,6.666666666666813956e-01,6.666666666666816177e-01,6.666666666666817287e-01,6.666666666666818397e-01,6.666666666666820618e-01,6.666666666666821728e-01,6.666666666666822838e-01,6.666666666666826169e-01,6.666666666666827279e-01,6.666666666666829499e-01,6.666666666666830610e-01,6.666666666666853924e-01,6.666666666670304497e-01,6.666666679939355911e-01,6.666670659820099765e-01,6.666897079357103628e-01,6.670570851889473518e-01,6.683700291609644406e-01,6.686288628964860425e-01,6.677264502224420362e-01,6.674042203875130141e-01,6.671287558650162985e-01,6.668663006234810675e-01,6.670078028548471760e-01,6.675945278004093986e-01,6.678929203880565879e-01,6.680216728050110131e-01,6.682700518663123868e-01,6.682099456664420956e-01,6.677405617916396530e-01,6.673123878546817211e-01,6.670547474212972228e-01,6.668622005429634125e-01,6.667592683561027744e-01,6.667369668096538859e-01,6.667393498912602690e-01,6.667248802875664904e-01,6.667064990237532296e-01,6.667091344924955809e-01,6.667015407147350858e-01,6.666781632055417406e-01,6.666685217558933063e-01,6.666667786521371930e-01,6.666666676186665530e-01,6.666666666667220298e-01,6.666666666666684060e-01,6.666666666666682950e-01,6.666666666666682950e-01,6.666666666666682950e-01,6.666666666666682950e-01,6.666666666666684060e-01,6.666666666666684060e-01,6.666666666666684060e-01,6.666666666666684060e-01,6.666666666666684060e-01,6.666666666666680729e-01,6.666666666666678509e-01,6.666666666666671848e-01,6.666666666666669627e-01,6.666666666666667407e-01,6.666666666666667407e-01
1.000000000000000000e+00,1.000000000000000000e+00,1.000000000000000000e+00,1.000000000000000000e+00,1.000000000000000000e+00,1.000000000000000000e+00,1.000000000000000000e+00,1.000000000000000000e+00,1.000000000000000000e+00,1.000000000000000000e+00,1.000000000000000000e+00,1.000000000000000000e+00,1.000000000000000000e+00,1.000000000000000000e+00,1.000000000000000000e+00,1.000000000000000000e+00,1.000000000000000000e+00,1.000000000000000000e+00,1.000000000000000000e+00,1.000000000000000000e+00,1.000000000000000000e+00,1.000000000000000000e+00,1.000000000000000000e+00,1.000000000000000000e+00,1.000000000000000000e+00,1.000000000000000000e+00,1.000000000000000000e+00,1.000000000000000000e+00,1.000000000000000000e+00,1.000000000000000000e+00,1.000000000000000000e+00,1.000000000000000000e+00,1.000000000000000000e+00,1.000000000000000000e+00,1.000000000000000000e+00,1.000000000000000000e+00,1.000000000000000000e+00,1.000000000000000000e+00,1.000000000000000000e+00,1.000000000000000000e+00,1.000000000000000000e+00,1.000000000000000000e+00,1.000000000000000000e+00,1.000000000000000000e+00,1.000000000000000000e+00,1.000000000000000000e+00,1.000000000000000000e+00,1.000000000000000000e+00,1.000000000000000000e+00,1.000000000000000000e+00,1.000000000000000888e+00,1.000000000005747625e+00,1.000000001182316689e+00,1.000000022395059807e+00,1.000000160458345499e+00,1.000000918035794717e+00,1.000004126608198929e+00,1.000013295719387463e+00,1.000028515391885309e+00,1.000032606741195762e+00,1.000019361991899558e+00,1.000014456863397516e+00,1.000019609326341818e+00,1.000021215906534255e+00,1.000016424872885334e+00,1.000013663349542004e+00,1.000015351923855711e+00,1.000016256144239168e+00,1.000012488701361724e+00,1.000008788844444219e+00,1.000006069559315591e+00,1.000004127858856728e+00,1.000003000543985721e+00,1.000002098914698712e+00,1.000001728352370112e+00,1.000001606556219169e+00,1.000001224544880607e+00,1.000000823249394655e+00,1.000000440706836136e+00,1.000000145762917958e+00,1.000000032383438597e+00,1.000000005524597446e+00,1.000000000547459633e+00,1.000000000021389557e+00,1.000000000000252687e+00,1.000000000000000444e+00,1.000000000000000000e+00,1.000000000000000000e+00,1.000000000000000000e+00,1.000000000000000000e+00,1.000000000000000000e+00,1.000000000000000000e+00,1.000000000000000000e+00,1.000000000000000000e+00,1.000000000000000000e+00,1.000000000000000000e+00,1.000000000000000000e+00,1.000000000000000000e+00,1.000000000000000000e+00,1.000000000000000000e+00
3.333333333333333481e+00,3.333333333333333481e+00,3.333333333333333481e+00,3.333333333333333481e+00,3.333333333333333481e+00,3.333333333333333481e+00,3.333333333333333481e+00,3.333333333333333481e+00,3.333333333333333481e+00,3.333333333333333481e+00,3.333333333333333481e+00,3.333333333333333481e+00,3.333333333333333481e+00,3.333333333333333481e+00,3.333333333333333481e+00,3.333333333333333481e+00,3.333333333333333481e+00,3.333333333333333481e+00,3.333333333333333481e+00,3.333333333333333481e+00,3.333333333333333481e+00,3.333333333333333481e+00,3.333333333333333481e+00,3.333333333333333481e+00,3.333333333333333481e+00,3.333333333333333481e+00,3.333333333333333481e+00,3.333333333333333481e+00,3.333333333333333481e+00,3.333333333333333481e+00,3.333333333333333481e+00,3.333333333333333481e+00,3.333333333333333481e+00,3.333333333333333481e+00,3.333333333333333481e+00,3.333333333333333481e+00,3.333333333333333481e+00,3.333333333333333481e+00,3.333333333333333481e+00,3.333333333333333481e+00,3.333333333333333481e+00,3.333333333333333481e+00,3.333333333333333481e+00,3.333333333333333481e+00,3.333333333333333481e+00,3.333333333333333481e+00,3.333333333333333481e+00,3.333333333333333481e+00,3.333333333333333481e+00,3.333333333333333481e+00,3.333333333333333481e+00,3.333333333333333481e+00,3.333333333333333481e+00,3.333333333333333481e+00,3.333333333333333481e+00,3.333333333333333481e+00,3.333333333333333481e+00,3.333333333333333481e+00,3.333333333333333481e+00,3.333333333333333481e+00,3.333333333333333481e+00,3.333333333333333481e+00,3.333333333333333481e+00,3.333333333333333481e+00,3.333333333333333481e+00,3.333333333333333481e+00,3.333333333333333481e+00,3.333333333333333481e+00,3.333333333333333481e+00,3.333333333333333481e+00,3.333333333333465376e+00,3.333333333367123341e+00,3.333333334117409397e+00,3.333333338739505436e+00,3.333333350160629482e+00,3.333333365150890071e+00,3.333333376274214555e+00,3.333333376421701022e+00,3.333333364236931828e+00,3.333333347125993829e+00,3.333333336203911479e+00,3.333333333541985244e+00,3.333333333336685467e+00,3.333333333333335702e+00,3.333333333333333481e+00,3.333333333333333481e+00,3.333333333333333481e+00,3.333333333333333481e+00,3.333333333333333481e+00,3.333333333333333481e+00,3.333333333333333481e+00,3.333333333333333481e+00,3.333333333333333481e+00,3.333333333333333481e+00,3.333333333333333481e+00,3.333333333333333481e+00,3.333333333333333481e+00,3.333333333333333481e+00,3.333333333333333481e+00,3.333333333333333481e+00
1.666666666666666741e+00,1.666666666666666741e+00,1.666666666666666741e+00,1.666666666666666741e+00,1.666666666666666741e+00,1.666666666666666741e+00,1.666666666666666741e+00,1.666666666666666741e+00,1.666666666666666741e+00,1.666666666666666741e+00,1.666666666666666741e+00,1.666666666666666741e+00,1.666666666666666741e+00,1.666666666666666741e+00,1.666666666666666741e+00,1.666666666666666741e+00,1.666666666666666741e+00,1.666666666666666741e+00,1.666666666666666741e+00,1.666666666666666741e+00,1.666666666666666741e+00,1.666666666666666741e+00,1.666666666666666741e+00,1.666666666666666741e+00,1.666666666666666741e+00,1.666666666666666741e+00,1.666666666666666741e+00,1.666666666666666741e+00,1.666666666666666741e+00,1.666666666666666741e+00,1.666666666666666741e+00,1.666666666666666741e+00,1.666666666666666741e+00,1.666666666666666741e+00,1.666666666666666741e+00,1.666666666666666741e+00,1.666666666666666741e+00,1.666666666666666741e+00,1.666666666666666741e+00,1.666666666666666741e+00,1.666666666666666741e+00,1.666666666666666741e+00,1.666666666666666741e+00,1.666666666666666741e+00,1.666666666666666741e+00,1.666666666666666741e+00,1.666666666666666741e+00,1.666666666666666741e+00,1.666666666666666741e+00,1.666666666666666741e+00,1.666666666666667185e+00,1.666666666668978891e+00,1.666666668887821112e+00,1.666666792645440376e+00,1.666667909062476971e+00,1.666675292183950940e+00,1.666716533487917484e+00,1.666839300902988485e+00,1.667034185299148596e+00,1.667125866268152068e+00,1.667003710061759403e+00,1.666924539771145186e+00,1.667016354635037390e+00,1.667171476821381670e+00,1.667128665891417505e+00,1.666921276171932087e+00,1.666761308742406023e+00,1.666691039824579779e+00,1.666670659434436486e+00,1.666667146629400076e+00,1.666666759594810143e+00,1.666666768888746875e+00,1.666667183432163357e+00,1.666670032460172868e+00,1.666683408354057594e+00,1.666719657073936656e+00,1.666763865356476915e+00,1.666790966552770259e+00,1.666793253303970657e+00,1.666732984571958953e+00,1.666677035712736732e+00,1.666667061672690187e+00,1.666666670144824947e+00,1.666666666670937769e+00,1.666666666666666741e+00,1.666666666666666741e+00,1.666666666666666741e+00,1.666666666666666741e+00,1.666666666666666741e+00,1.666666666666666741e+00,1.666666666666666741e+00,1.666666666666666741e+00,1.666666666666666741e+00,1.666666666666666741e+00,1.666666666666666741e+00,1.666666666666666741e+00,1.666666666666666741e+00,1.666666666666666741e+00,1.666666666666666741e+00,1.666666666666666741e+00
1.666666666666666741e+00,1.666666666666666741e+00,1.666666666666666741e+00,1.666666666666666741e+00,1.666666666666666741e+00,1.666666666666666741e+00,1.666666666666666741e+00,1.666666666666666741e+00,1.666666666666666741e+00,1.666666666666666741e+00,1.666666666666666741e+00,1.666666666666666741e+00,1.666666666666666741e+00,1.666666666666666741e+00,1.666666666666666741e+00,1.666666666666666741e+00,1.666666666666666741e+00,1.666666666666666741e+00,1.666666666666666741e+00,1.666666666666666741e+00,1.666666666666666741e+00,1.666666666666666741e+00,1.666666666666666741e+00,1.666666666666666741e+00,1.666666666666666741e+00,1.666666666666666741e+00,1.666666666666666741e+00,1.666666666666666741e+00,1.666666666666666741e+00,1.666666666666666741e+00,1.666666666666666741e+00,1.666666666666666741e+00,1.666666666666666741e+00,1.666666666666666741e+00,1.666666666666666741e+00,1.666666666666666741e+00,1.666666666666666741e+00,1.666666666666666741e+00,1.666666666666666741e+00,1.666666666666666741e+00,1.666666666666666741e+00,1.666666666666666741e+00,1.666666666666666741e+00,1.666666666666666741e+00,1.666666666666666741e+00,1.666666666666666741e+00,1.666666666666666741e+00,1.666666666666666741e+00,1.666666666666666741e+00,1.666666666666666741e+00,1.666666666666682950e+00,1.666666666685585385e+00,1.666666667435341198e+00,1.666666672416617700e+00,1.666666687001079339e+00,1.666666717379313489e+00,1.666666758496599288e+00,1.666666774239968118e+00,1.666666746704360547e+00,1.666666716580857299e+00,1.666666706251085150e+00,1.666666706243116636e+00,1.666666724740089478e+00,1.666666771623600551e+00,1.666666788065645388e+00,1.666666785609809187e+00,1.666666844289686811e+00,1.666666966840386621e+00,1.666667179784161901e+00,1.666667677201744580e+00,1.666668538618268691e+00,1.666669666138277384e+00,1.666670562271877376e+00,1.666670424608448497e+00,1.666669198229600912e+00,1.666667710733459762e+00,1.666666889526140505e+00,1.666666685924718561e+00,1.666666667327236784e+00,1.666666666684943676e+00,1.666666666667061980e+00,1.666666666666667407e+00,1.666666666666666741e+00,1.666666666666666741e+00,1.666666666666666741e+00,1.666666666666666741e+00,1.666666666666666741e+00,1.666666666666666741e+00,1.666666666666666741e+00,1.666666666666666741e+00,1.666666666666666741e+00,1.666666666666666741e+00,1.666666666666666741e+00,1.666666666666666741e+00,1.666666666666666741e+00,1.666666666666666741e+00,1.666666666666666741e+00,1.666666666666666741e+00,1.666666666666666741e+00,1.666666666666666741e+00
3.333333333333333481e+00,3.333333333333333481e+00,3.333333333333333481e+00,3.333333333333333481e+00,3.333333333333333481e+00,3.333333333333333481e+00,3.333333333333333481e+00,3.333333333333333481e+00,3.333333333333333481e+00,3.333333333333333481e+00,3.333333333333333481e+00,3.333333333333333481e+00,3.333333333333333481e+00,3.333333333333333481e+00,3.333333333333333481e+00,3.333333333333333481e+00,3.333333333333333481e+00,3.333333333333333481e+00,3.333333333333333481e+00,3.333333333333333481e+00,3.333333333333333481e+00,3.333333333333333481e+00,3.333333333333333481e+00,3.333333333333333481e+00,3.333333333333333481e+00,3.333333333333333481e+00,3.333333333333333481e+00,3.333333333333333481e+00,3.333333333333333481e+00,3.333333333333333481e+00,3.333333333333333481e+00,3.333333333333333481e+00,3.333333333333333481e+00,3.333333333333333481e+00,3.333333333333333481e+00,3.333333333333333481e+00,3.333333333333333481e+00,3.333333333333333481e+00,3.333333333333333481e+00,3.333333333333333481e+00,3.333333333333333481e+00,3.333333333333333481e+00,3.333333333333333481e+00,3.333333333333333481e+00,3.333333333333333481e+00,3.333333333333333481e+00,3.333333333333333481e+00,3.333333333333333481e+00,3.333333333333333481e+00,3.333333333333333481e+00,3.333333333333333481e+00,3.333333333333333481e+00,3.333333333333333481e+00,3.333333333333333481e+00,3.333333333333333481e+00,3.333333333333333481e+00,3.333333333333333481e+00,3.333333333333333481e+00,3.333333333333333481e+00,3.333333333333333481e+00,3.333333333333333481e+00,3.333333333333333481e+00,3.333333333333333481e+00,3.333333333333505344e+00,3.333333333374008944e+00,3.333333334224211075e+00,3.333333339222299241e+00,3.333333351048068938e+00,3.333333366044097357e+00,3.333333376681831606e+00,3.333333376030178652e+00,3.333333363244057157e+00,3.333333346193113389e+00,3.333333335890658944e+00,3.333333333509922447e+00,3.333333333335980253e+00,3.333333333333334814e+00,3.333333333333333481e+00,3.333333333333333481e+00,3.333333333333333481e+00,3.333333333333333481e+00,3.333333333333333481e+00,3.333333333333333481e+00,3.333333333333333481e+00,3.333333333333333481e+00,3.333333333333333481e+00,3.333333333333333481e+00,3.333333333333333481e+00,3.333333333333333481e+00,3.333333333333333481e+00,3.333333333333333481e+00,3.333333333333333481e+00,3.333333333333333481e+00,3.333333333333333481e+00,3.333333333333333481e+00,3.333333333333333481e+00,3.333333333333333481e+00,3.333333333333333481e+00,3.333333333333333481e+00,3.333333333333333481e+00
1.000000000000000000e+00,1.000000000000000000e+00,1.000000000000000000e+00,1.000000000000000000e+00,1.000000000000000000e+00,1.000000000000000000e+00,1.000000000000000000e+00,1.000000000000000000e+00,1.000000000000000000e+00,1.000000000000000000e+00,1.000000000000000000e+00,1.000000000000000000e+00,1.000000000000000000e+00,1.000000000000000000e+00,1.000000000000000000e+00,1.000000000000000000e+00,1.000000000000000000e+00,1.000000000000000000e+00,1.000000000000000000e+00,1.000000000000000000e+00,1.000000000000000000e+00,1.000000000000000000e+00,1.000000000000000000e+00,1.000000000000000000e+00,1.000000000000000000e+00,1.000000000000000000e+00,1.000000000000000000e+00,1.000000000000000000e+00,1.000000000000000000e+00,1.000000000000000000e+00,1.000000000000000000e+00,1.000000000000000000e+00,1.000000000000000000e+00,1.000000000000000000e+00,1.000000000000000000e+00,1.000000000000000000e+00,1.000000000000000000e+00,1.000000000000000000e+00,1.000000000000000000e+00,1.000000000000000000e+00,1.000000000000000000e+00,1.000000000000000000e+00,1.000000000000000000e+00,1.000000000000000000e+00,1.000000000000000000e+00,1.000000000000000000e+00,1.000000000000000000e+00,1.000000000000000000e+00,1.000000000000000000e+00,1.000000000000000000e+00,1.000000000000000000e+00,1.000000000000000000e+00,1.000000000000000000e+00,1.000000000000353717e+00,1.000000000046314508e+00,1.000000001622376011e+00,1.000000014651635016e+00,1.000000075752565110e+00,1.000000303679968949e+00,1.000000611721506782e+00,1.000001194136639571e+00,1.000002813416610126e+00,1.000004209636066621e+00,1.000004208180966359e+00,1.000003595640297060e+00,1.000002722515399567e+00,1.000001837008177796e+00,1.000001307446961585e+00,1.000001001861889005e+00,1.000000792342722322e+00,1.000000726429816744e+00,1.000000737364165726e+00,1.000000634588731563e+00,1.000000341209864585e+00,1.000000161875846061e+00,1.000000073233536568e+00,1.000000024960666423e+00,1.000000008900584936e+00,1.000000004263809972e+00,1.000000001540442884e+00,1.000000000353994611e+00,1.000000000058417937e+00,1.000000000002222222e+00,1.000000000000010658e+00,1.000000000000000000e+00,1.000000000000000000e+00,1.000000000000000000e+00,1.000000000000000000e+00,1.000000000000000000e+00,1.000000000000000000e+00,1.000000000000000000e+00,1.000000000000000000e+00,1.000000000000000000e+00,1.000000000000000000e+00,1.000000000000000000e+00,1.000000000000000000e+00,1.000000000000000000e+00,1.000000000000000000e+00,1.000000000000000000e+00,1.000000000000000000e+00
1.000000000000000000e+00,1.000000000000000000e+00,1.000000000000000000e+00,1.000000000000000000e+00,1.000000000000000000e+00,1.000000000000000000e+00,1.000000000000000000e+00,1.000000000000000000e+00,1.000000000000000000e+00,1.000000000000000000e+00,1.000000000000000000e+00,1.000000000000000000e+00,1.000000000000000000e+00,1.000000000000000000e+00,1.000000000000000000e+00,1.000000000000000000e+00,1.000000000000000000e+00,1.000000000000000000e+00,1.000000000000000000e+00,1.000000000000000000e+00,1.000000000000000000e+00,1.000000000000000000e+00,1.000000000000000000e+00,1.000000000000000000e+00,1.000000000000000000e+00,1.000000000000000000e+00,1.000000000000000000e+00,1.000000000000000000e+00,1.000000000000000000e+00,1.000000000000000000e+00,1.000000000000000000e+00,1.000000000000000000e+00,1.000000000000000000e+00,1.000000000000000000e+00,1.000000000000000000e+00,1.000000000000000000e+00,1.000000000000000000e+00,1.000000000000000000e+00,1.000000000000000000e+00,1.000000000000000000e+00,1.000000000000000000e+00,1.000000000000000000e+00,1.000000000000000000e+00,1.000000000000000000e+00,1.000000000000000000e+00,1.000000000000000000e+00,1.000000000000000000e+00,1.000000000000000000e+00,1.000000000000000000e+00,1.000000000000000000e+00,1.000000000000000000e+00,1.000000000000000000e+00,1.000000000000000000e+00,1.000000000000057510e+00,1.000000000008948842e+00,1.000000000123594246e+00,1.000000000741438022e+00,1.000000003542245608e+00,1.000000023261601534e+00,1.000000104359989761e+00,1.000000211553875307e+00,1.000000439120290130e+00,1.000000970439016923e+00,1.000001421875625907e+00,1.000001528622629809e+00,1.000001488366349278e+00,1.000001340640868541e+00,1.000001238909368206e+00,1.000001450722123986e+00,1.000001920150152435e+00,1.000002323173880603e+00,1.000001986087226680e+00,1.000001321017538469e+00,1.000000868149162336e+00,1.000000573454023600e+00,1.000000331985406055e+00,1.000000159662548516e+00,1.000000086924049736e+00,1.000000049328492846e+00,1.000000027684956327e+00,1.000000015980311074e+00,1.000000007546668845e+00,1.000000002129067145e+00,1.000000000295163227e+00,1.000000000013748336e+00,1.000000000000055733e+00,1.000000000000000000e+00,1.000000000000000000e+00,1.000000000000000000e+00,1.000000000000000000e+00,1.000000000000000000e+00,1.000000000000000000e+00,1.000000000000000000e+00,1.000000000000000000e+00,1.000000000000000000e+00,1.000000000000000000e+00,1.000000000000000000e+00,1.000000000000000000e+00,1.000000000000000000e+00,1.000000000000000000e+00
1.666666666666666741e+00,1.666666666666666741e+00,1.666666666666666741e+00,1.666666666666666741e+00,1.666666666666666741e+00,1.666666666666666741e+00,1.666666666666666741e+00,1.666666666666666741e+00,1.666666666666666741e+00,1.666666666666666741e+00,1.666666666666666741e+00,1.666666666666666741e+00,1.666666666666666741e+00,1.666666666666666741e+00,1.666666666666666741e+00,1.666666666666666741e+00,1.666666666666666741e+00,1.666666666666666741e+00,1.666666666666666741e+00,1.666666666666666741e+00,1.666666666666666741e+00,1.666666666666666741e+00,1.666666666666666741e+00,1.666666666666666741e+00,1.666666666666666741e+00,1.666666666666666741e+00,1.666666666666666741e+00,1.666666666666666741e+00,1.666666666666666741e+00,1.666666666666666741e+00,1.666666666666666741e+00,1.666666666666666741e+00,1.666666666666666741e+00,1.666666666666666741e+00,1.666666666666666741e+00,1.666666666666666741e+00,1.666666666666666741e+00,1.666666666666666741e+00,1.666666666666666741e+00,1.666666666666666741e+00,1.666666666666666741e+00,1.666666666666666741e+00,1.666666666666666741e+00,1.666666666666666741e+00,1.666666666666666741e+00,1.666666666666666741e+00,1.666666666666666741e+00,1.666666666666666741e+00,1.666666666666666741e+00,1.666666666666666741e+00,1.666666666666666741e+00,1.666666666666666741e+00,1.666666666666667185e+00,1.666666666667686592e+00,1.666666666860073587e+00,1.666666673329116666e+00,1.666666746113611319e+00,1.666666953758287884e+00,1.666667207922916116e+00,1.666667766924578631e+00,1.666668848941509129e+00,1.666670315611839426e+00,1.666671653733248215e+00,1.666671688188119393e+00,1.666670236514167236e+00,1.666668746555544534e+00,1.666667995797255220e+00,1.666667716789259401e+00,1.666667697150146399e+00,1.666667911702031990e+00,1.666668572612439503e+00,1.666669081404472452e+00,1.666668477131496351e+00,1.666667840437637826e+00,1.666667553509958877e+00,1.666667470561239872e+00,1.666667454149195260e+00,1.666667252988224268e+00,1.666666928373592427e+00,1.666666737569032275e+00,1.666666680721829996e+00,1.666666668997736966e+00,1.666666666913166894e+00,1.666666666675377551e+00,1.666666666666722918e+00,1.666666666666666741e+00,1.666666666666666741e+00,1.666666666666666741e+00,1.666666666666666741e+00,1.666666666666666741e+00,1.666666666666666741e+00,1.666666666666666741e+00,1.666666666666666741e+00,1.666666666666666741e+00,1.666666666666666741e+00,1.666666666666666741e+00,1.666666666666666741e+00,1.666666666666666741e+00,1.666666666666666741e+00,1.666666666666666741e+00
2.000000000000000000e+00,2.000000000000000000e+00,2.000000000000000000e+00,2.000000000000000000e+00,2.000000000000000000e+00,2.000000000000000000e+00,2.000000000000000000e+00,2.000000000000000000e+00,2.000000000000000000e+00,2.000000000000000000e+00,2.000000000000000000e+00,2.000000000000000000e+00,2.000000000000000000e+00,2.000000000000000000e+00,2.000000000000000000e+00,2.000000000000000000e+00,2.000000000000000000e+00,2.000000000000000000e+00,2.000000000000000000e+00,2.000000000000000000e+00,2.000000000000000000e+00,2.000000000000000000e+00,2.000000000000000000e+00,2.000000000000000000e+00,2.000000000000000000e+00,2.000000000000000000e+00,2.000000000000000000e+00,2.000000000000000000e+00,2.000000000000000000e+00,2.000000000000000000e+00,2.000000000000000000e+00,2.000000000000000000e+00,2.000000000000000000e+00,2.000000000000000000e+00,2.000000000000000000e+00,2.000000000000000000e+00,2.000000000000000000e+00,2.000000000000000000e+00,2.000000000000000000e+00,2.000000000000000000e+00,2.000000000000000000e+00,2.000000000000000000e+00,2.000000000000000000e+00,2.000000000000000000e+00,2.000000000000000000e+00,2.000000000000000000e+00,2.000000000000000000e+00,2.000000000000000000e+00,2.000000000000000000e+00,2.000000000000000000e+00,2.000000000000000000e+00,2.000000000000000000e+00,2.000000000000000000e+00,2.000000000000000000e+00,2.000000000000000000e+00,2.000000000000020428e+00,2.000000000026856739e+00,2.000000001882503486e+00,2.000000028857316980e+00,2.000000172633442652e+00,2.000000514773943028e+00,2.000001044642923720e+00,2.000001692239312678e+00,2.000001838885161476e+00,2.000001325075153602e+00,2.000000844309918424e+00,2.000000593668451732e+00,2.000000462287292446e+00,2.000000366342917335e+00,2.000000265335006411e+00,2.000000156012303965e+00,2.000000079366669237e+00,2.000000044017984369e+00,2.000000023124794080e+00,2.000000007031533578e+00,2.000000001060969534e+00,2.000000000122704513e+00,2.000000000011401546e+00,2.000000000000270894e+00,2.000000000000000444e+00,2.000000000000000000e+00,2.000000000000000000e+00,2.000000000000000000e+00,2.000000000000000000e+00,2.000000000000000000e+00,2.000000000000000000e+00,2.000000000000000000e+00,2.000000000000000000e+00,2.000000000000000000e+00,2.000000000000000000e+00,2.000000000000000000e+00,2.000000000000000000e+00,2.000000000000000000e+00,2.000000000000000000e+00,2.000000000000000000e+00,2.000000000000000000e+00,2.000000000000000000e+00,2.000000000000000000e+00,2.000000000000000000e+00,2.000000000000000000e+00
1.333333333333333259e+00,1.333333333333333259e+00,1.333333333333333259e+00,1.333333333333333259e+00,1.333333333333333259e+00,1.333333333333333259e+00,1.333333333333333259e+00,1.333333333333333259e+00,1.333333333333333259e+00,1.333333333333333259e+00,1.333333333333333259e+00,1.333333333333333259e+00,1.333333333333333259e+00,1.333333333333333259e+00,1.333333333333333259e+00,1.333333333333333259e+00,1.333333333333333259e+00,1.333333333333333259e+00,1.333333333333333259e+00,1.333333333333333259e+00,1.333333333333333259e+00,1.333333333333333259e+00,1.333333333333333259e+00,1.333333333333333259e+00,1.333333333333333259e+00,1.333333333333333259e+00,1.333333333333333259e+00,1.333333333333333259e+00,1.333333333333333259e+00,1.333333333333333259e+00,1.333333333333333259e+00,1.333333333333333259e+00,1.333333333333333259e+00,1.333333333333333259e+00,1.333333333333333259e+00,1.333333333333333259e+00,1.333333333333333259e+00,1.333333333333333259e+00,1.333333333333333259e+00,1.333333333333333259e+00,1.333333333333333259e+00,1.333333333333333259e+00,1.333333333333333259e+00,1.333333333333333259e+00,1.333333333333333259e+00,1.333333333333333259e+00,1.333333333333333259e+00,1.333333333333333259e+00,1.333333333333333259e+00,1.333333333333333259e+00,1.333333333333333259e+00,1.333333333333333259e+00,1.333333333333333259e+00,1.333333333333342363e+00,1.333333333467369153e+00,1.333333343607283838e+00,1.333333432523852835e+00,1.333334159169614619e+00,1.333341157488619588e+00,1.333379228284194085e+00,1.333417056894143693e+00,1.333460940163869290e+00,1.333841014054609753e+00,1.334349987843911345e+00,1.334148917709139237e+00,1.333939792513323841e+00,1.333626648142084870e+00,1.333401320853723426e+00,1.333355731677959399e+00,1.333351799027283846e+00,1.333358013443577406e+00,1.333383353444757002e+00,1.333430173696493748e+00,1.333472077387609644e+00,1.333459436120135067e+00,1.333417436712354132e+00,1.333375270139199653e+00,1.333345652718114893e+00,1.333335774090061543e+00,1.333333743358394052e+00,1.333333377947754084e+00,1.333333335284305754e+00,1.333333333358567963e+00,1.333333333333347248e+00,1.333333333333333259e+00,1.333333333333333259e+00,1.333333333333333259e+00,1.333333333333333259e+00,1.333333333333333259e+00,1.333333333333333259e+00,1.333333333333333259e+00,1.333333333333333259e+00,1.333333333333333259e+00,1.333333333333333259e+00,1.333333333333333259e+00,1.333333333333333259e+00,1.333333333333333259e+00,1.333333333333333259e+00,1.333333333333333259e+00,1.333333333333333259e+00
2.666666666666666519e+00,2.666666666666666519e+00,2.666666666666666519e+00,2.666666666666666519e+00,2.666666666666666519e+00,2.666666666666666519e+00,2.666666666666666519e+00,2.666666666666666519e+00,2.666666666666666519e+00,2.666666666666666519e+00,2.666666666666666519e+00,2.666666666666666519e+00,2.666666666666666519e+00,2.666666666666666519e+00,2.666666666666666519e+00,2.666666666666666519e+00,2.666666666666666519e+00,2.666666666666666519e+00,2.666666666666666519e+00,2.666666666666666519e+00,2.666666666666666519e+00,2.666666666666666519e+00,2.666666666666666519e+00,2.666666666666666519e+00,2.666666666666666519e+00,2.666666666666666519e+00,2.666666666666666519e+00,2.666666666666666519e+00,2.666666666666666519e+00,2.666666666666666519e+00,2.666666666666666519e+00,2.666666666666666519e+00,2.666666666666666519e+00,2.666666666666666519e+00,2.666666666666666519e+00,2.666666666666666519e+00,2.666666666666666519e+00,2.666666666666666519e+00,2.666666666666666519e+00,2.666666666666666519e+00,2.666666666666666519e+00,2.666666666666666519e+00,2.666666666666666519e+00,2.666666666666666519e+00,2.666666666666666519e+00,2.666666666666666519e+00,2.666666666666666519e+00,2.666666666666666519e+00,2.666666666666666519e+00,2.666666666666666519e+00,2.666666666666666519e+00,2.666666666666666519e+00,2.666666666666666519e+00,2.666666666666666519e+00,2.666666666666666519e+00,2.666666666666666519e+00,2.666666666666666519e+00,2.666666666666666519e+00,2.666666666666666519e+00,2.666666666666666519e+00,2.666666666666666519e+00,2.666666666666666519e+00,2.666666666666666519e+00,2.666666666666666519e+00,2.666666666666666519e+00,2.666666666666666519e+00,2.666666666666666519e+00,2.666666666666666519e+00,2.666666666666666519e+00,2.666666666666666519e+00,2.666666666666666519e+00,2.666666666666666519e+00,2.666666666666666519e+00,2.666666666666666519e+00,2.666666666666666519e+00,2.666666666666666519e+00,2.666666666666666519e+00,2.666666666666666519e+00,2.666666666666666519e+00,2.666666666666666519e+00,2.666666666666666519e+00,2.666666666666666519e+00,2.666666666666666519e+00,2.666666666666666519e+00,2.666666666666666519e+00,2.666666666666666519e+00,2.666666666666666519e+00,2.666666666666666519e+00,2.666666666666666519e+00,2.666666666666666519e+00,2.666666666666666519e+00,2.666666666666666519e+00,2.666666666666666519e+00,2.666666666666666519e+00,2.666666666666666519e+00,2.666666666666666519e+00,2.666666666666666519e+00,2.666666666666666519e+00,2.666666666666666519e+00,2.666666666666666519e+00
2.000000000000000000e+00,2.000000000000000000e+00,2.000000000000000000e+00,2.000000000000000000e+00,2.000000000000000000e+00,2.000000000000000000e+00,2.000000000000000000e+00,2.000000000000000000e+00,2.000000000000000000e+00,2.000000000000000000e+00,2.000000000000000000e+00,2.000000000000000000e+00,2.000000000000000000e+00,2.000000000000000000e+00,2.000000000000000000e+00,2.000000000000000000e+00,2.000000000000000000e+00,2.000000000000000000e+00,2.000000000000000000e+00,2.000000000000000000e+00,2.000000000000000000e+00,2.000000000000000000e+00,2.000000000000000000e+00,2.000000000000000000e+00,2.000000000000000000e+00,2.000000000000000000e+00,2.000000000000000000e+00,2.000000000000000000e+00,2.000000000000000000e+00,2.000000000000000000e+00,2.000000000000000000e+00,2.000000000000000000e+00,2.000000000000000000e+00,2.000000000000000000e+00,2.000000000000000000e+00,2.000000000000000000e+00,2.000000000000000000e+00,2.000000000000000000e+00,2.000000000000000000e+00,2.000000000000000000e+00,2.000000000000000000e+00,2.000000000000000000e+00,2.000000000000000000e+00,2.000000000000000000e+00,2.000000000000000000e+00,2.000000000000000000e+00,2.000000000000000000e+00,2.000000000000000000e+00,2.000000000000000000e+00,2.000000000000000000e+00,2.000000000000000000e+00,2.000000000000019540e+00,2.000000000014629187e+00,2.000000000586146687e+00,2.000000004889160632e+00,2.000000025194584641e+00,2.000000217618531639e+00,2.000001869555802614e+00,2.000008190964736698e+00,2.000021064894810685e+00,2.000023877717540532e+00,2.000017327316327531e+00,2.000025842759760586e+00,2.000042363050547056e+00,2.000052297219762742e+00,2.000055967587597294e+00,2.000037274073222182e+00,2.000018579028373544e+00,2.000012319034822017e+00,2.000014755600927785e+00,2.000022107390583503e+00,2.000021736437727515e+00,2.000017828628662286e+00,2.000021782423520023e+00,2.000027554976669286e+00,2.000022539126567800e+00,2.000013807809434940e+00,2.000008612266789498e+00,2.000004548454360709e+00,2.000001252433564858e+00,2.000000096535986760e+00,2.000000000925400201e+00,2.000000000000454303e+00,2.000000000000000000e+00,2.000000000000000000e+00,2.000000000000000000e+00,2.000000000000000000e+00,2.000000000000000000e+00,2.000000000000000000e+00,2.000000000000000000e+00,2.000000000000000000e+00,2.000000000000000000e+00,2.000000000000000000e+00,2.000000000000000000e+00,2.000000000000000000e+00,2.000000000000000000e+00,2.000000000000000000e+00,2.000000000000000000e+00,2.000000000000000000e+00,2.000000000000000000e+00
1.666666666666666741e+00,1.666666666666666741e+00,1.666666666666666741e+00,1.666666666666666741e+00,1.666666666666666741e+00,1.666666666666666741e+00,1.666666666666666741e+00,1.666666666666666741e+00,1.666666666666666741e+00,1.666666666666666741e+00,1.666666666666666741e+00,1.666666666666666741e+00,1.666666666666666741e+00,1.666666666666666741e+00,1.666666666666666741e+00,1.666666666666666741e+00,1.666666666666666741e+00,1.666666666666666741e+00,1.666666666666666741e+00,1.666666666666666741e+00,1.666666666666666741e+00,1.666666666666666741e+00,1.666666666666666741e+00,1.666666666666666741e+00,1.666666666666666741e+00,1.666666666666666741e+00,1.666666666666666741e+00,1.666666666666666741e+00,1.666666666666666741e+00,1.666666666666666741e+00,1.666666666666666741e+00,1.666666666666666741e+00,1.666666666666666741e+00,1.666666666666666741e+00,1.666666666666666741e+00,1.666666666666666741e+00,1.666666666666666741e+00,1.666666666666666741e+00,1.666666666666666741e+00,1.666666666666666741e+00,1.666666666666666741e+00,1.666666666666666741e+00,1.666666666666666741e+00,1.666666666666666741e+00,1.666666666666666741e+00,1.666666666666666741e+00,1.666666666666666741e+00,1.666666666666666741e+00,1.666666666666666741e+00,1.666666666666666741e+00,1.666666666666666741e+00,1.666666666666666741e+00,1.666666666666675622e+00,1.666666666671270836e+00,1.666666666856043033e+00,1.666666669422518288e+00,1.666666694985134312e+00,1.666666903819686851e+00,1.666667355858137745e+00,1.666667785042346139e+00,1.666670693742876352e+00,1.666677276261647744e+00,1.666675607543980808e+00,1.666671755575839020e+00,1.666669421677446250e+00,1.666667524260865063e+00,1.666666926562465623e+00,1.666666828537484601e+00,1.666666855242255885e+00,1.666667122648909372e+00,1.666668013490400835e+00,1.666669557360442644e+00,1.666670912811364813e+00,1.666671725454306197e+00,1.666671695489083005e+00,1.666670280804745108e+00,1.666668464219901447e+00,1.666667333848123489e+00,1.666666889034642995e+00,1.666666732317696464e+00,1.666666676036953065e+00,1.666666667020469284e+00,1.666666666670851837e+00,1.666666666666684948e+00,1.666666666666666741e+00,1.666666666666666741e+00,1.666666666666666741e+00,1.666666666666666741e+00,1.666666666666666741e+00,1.666666666666666741e+00,1.666666666666666741e+00,1.666666666666666741e+00,1.666666666666666741e+00,1.666666666666666741e+00,1.666666666666666741e+00,1.666666666666666741e+00,1.666666666666666741e+00,1.666666666666666741e+00,1.666666666666666741e+00,1.666666666666666741e+00
2.000000000000000000e+00,2.000000000000000000e+00,2.000000000000000000e+00,2.000000000000000000e+00,2.000000000000000000e+00,2.000000000000000000e+00,2.000000000000000000e+00,2.000000000000000000e+00,2.000000000000000000e+00,2.000000000000000000e+00,2.000000000000000000e+00,2.000000000000000000e+00,2.000000000000000000e+00,2.000000000000000000e+00,2.000000000000000000e+00,2.000000000000000000e+00,2.000000000000000000e+00,2.000000000000000000e+00,2.000000000000000000e+00,2.000000000000000000e+00,2.000000000000000000e+00,2.000000000000000000e+00,2.000000000000000000e+00,2.000000000000000000e+00,2.000000000000000000e+00,2.000000000000000000e+00,2.000000000000000000e+00,2.000000000000000000e+00,2.000000000000000000e+00,2.000000000000000000e+00,2.000000000000000000e+00,2.000000000000000000e+00,2.000000000000000000e+00,2.000000000000000000e+00,2.000000000000000000e+00,2.000000000000000000e+00,2.000000000000000000e+00,2.000000000000000000e+00,2.000000000000000000e+00,2.000000000000000000e+00,2.000000000000000000e+00,2.000000000000000000e+00,2.000000000000000000e+00,2.000000000000000000e+00,2.000000000000000000e+00,2.000000000000000000e+00,2.000000000000000000e+00,2.000000000000000000e+00,2.000000000000000000e+00,2.000000000000000000e+00,2.000000000000000000e+00,2.000000000000000000e+00,2.000000000000000000e+00,2.000000000000000000e+00,2.000000000000389022e+00,2.000000000157041935e+00,2.000000012552661577e+00,2.000000259714745710e+00,2.000001583949514217e+00,2.000003614422021680e+00,2.000006158588774063e+00,2.000014150592241968e+00,2.000035201062401846e+00,2.000075257139586338e+00,2.000123158835830584e+00,2.000125933945224865e+00,2.000074725574881196e+00,2.000033072045054094e+00,2.000017581217156781e+00,2.000011317970092239e+00,2.000007593602378453e+00,2.000007706582589417e+00,2.000014319079314706e+00,2.000024675934063634e+00,2.000023150343820610e+00,2.000015807166770188e+00,2.000010489543167846e+00,2.000005912599483793e+00,2.000002488447139903e+00,2.000000577538556090e+00,2.000000044175782588e+00,2.000000000550405499e+00,2.000000000000321076e+00,2.000000000000000000e+00,2.000000000000000000e+00,2.000000000000000000e+00,2.000000000000000000e+00,2.000000000000000000e+00,2.000000000000000000e+00,2.000000000000000000e+00,2.000000000000000000e+00,2.000000000000000000e+00,2.000000000000000000e+00,2.000000000000000000e+00,2.000000000000000000e+00,2.000000000000000000e+00,2.000000000000000000e+00,2.000000000000000000e+00,2.000000000000000000e+00,2.000000000000000000e+00
1.333333333333333259e+00,1.333333333333333259e+00,1.333333333333333259e+00,1.333333333333333259e+00,1.333333333333333259e+00,1.333333333333333259e+00,1.333333333333333259e+00,1.333333333333333259e+00,1.333333333333333259e+00,1.333333333333333259e+00,1.333333333333333259e+00,1.333333333333333259e+00,1.333333333333333259e+00,1.333333333333333259e+00,1.333333333333333259e+00,1.333333333333333259e+00,1.333333333333333259e+00,1.333333333333333259e+00,1.333333333333333259e+00,1.333333333333333259e+00,1.333333333333333259e+00,1.333333333333333259e+00,1.333333333333333259e+00,1.333333333333333259e+00,1.333333333333333259e+00,1.333333333333333259e+00,1.333333333333333259e+00,1.333333333333333259e+00,1.333333333333333259e+00,1.333333333333333259e+00,1.333333333333333259e+00,1.333333333333333259e+00,1.333333333333333259e+00,1.333333333333333259e+00,1.333333333333333259e+00,1.333333333333333259e+00,1.333333333333333259e+00,1.333333333333333259e+00,1.333333333333333259e+00,1.333333333333333259e+00,1.333333333333333259e+00,1.333333333333333259e+00,1.333333333333333259e+00,1.333333333333333259e+00,1.333333333333333259e+00,1.333333333333333259e+00,1.333333333333333259e+00,1.333333333333333259e+00,1.333333333333333259e+00,1.333333333333333259e+00,1.333333333333333259e+00,1.333333333333333259e+00,1.333333333333333259e+00,1.333333333333333259e+00,1.333333333333334814e+00,1.333333333349628669e+00,1.333333334753041388e+00,1.333333399676616349e+00,1.333334997785714515e+00,1.333350662534327657e+00,1.333424414052483797e+00,1.333606226427963559e+00,1.333842922369110839e+00,1.334005059643207369e+00,1.334059159194107780e+00,1.333949287837720377e+00,1.333749010740793661e+00,1.333633174629840656e+00,1.333589836920670013e+00,1.333545379301833700e+00,1.333485357752054457e+00,1.333426968596185702e+00,1.333382654606970252e+00,1.333361081205337140e+00,1.333355976273433052e+00,1.333358912238586491e+00,1.333361576125508652e+00,1.333359080805631258e+00,1.333350646316164401e+00,1.333339119812895213e+00,1.333334127844561623e+00,1.333333408245892970e+00,1.333333339961224606e+00,1.333333333554746147e+00,1.333333333334217219e+00,1.333333333333333259e+00,1.333333333333333259e+00,1.333333333333333259e+00,1.333333333333333259e+00,1.333333333333333259e+00,1.333333333333333259e+00,1.333333333333333259e+00,1.333333333333333259e+00,1.333333333333333259e+00,1.333333333333333259e+00,1.333333333333333259e+00,1.333333333333333259e+00,1.333333333333333259e+00,1.333333333333333259e+00,1.333333333333333259e+00
1.333333333333333259e+00,1.333333333333333259e+00,1.333333333333333259e+00,1.333333333333333259e+00,1.333333333333333259e+00,1.333333333333333259e+00,1.333333333333333259e+00,1.333333333333333259e+00,1.333333333333333259e+00,1.333333333333333259e+00,1.333333333333333259e+00,1.333333333333333259e+00,1.333333333333333259e+00,1.333333333333333259e+00,1.333333333333333259e+00,1.333333333333333259e+00,1.333333333333333259e+00,1.333333333333333259e+00,1.333333333333333259e+00,1.333333333333333259e+00,1.333333333333333259e+00,1.333333333333333259e+00,1.333333333333333259e+00,1.333333333333333259e+00,1.333333333333333259e+00,1.333333333333333259e+00,1.333333333333333259e+00,1.333333333333333259e+00,1.333333333333333259e+00,1.333333333333333259e+00,1.333333333333333259e+00,1.333333333333333259e+00,1.333333333333333259e+00,1.333333333333333259e+00,1.333333333333333259e+00,1.333333333333333259e+00,1.333333333333333259e+00,1.333333333333333259e+00,1.333333333333333259e+00,1.333333333333333259e+00,1.333333333333333259e+00,1.333333333333333259e+00,1.333333333333333259e+00,1.333333333333333259e+00,1.333333333333333259e+00,1.333333333333333259e+00,1.333333333333333259e+00,1.333333333333333259e+00,1.333333333333333259e+00,1.333333333333333259e+00,1.333333333333333259e+00,1.333333333333333481e+00,1.333333333333403647e+00,1.333333333340533944e+00,1.333333333506536711e+00,1.333333334552783800e+00,1.333333337509831518e+00,1.333333346589576696e+00,1.333333387761151068e+00,1.333333544081276578e+00,1.333333873417605897e+00,1.333334177189221759e+00,1.333334115300777833e+00,1.333333903555725009e+00,1.333333796027696749e+00,1.333333716932746160e+00,1.333333646075426149e+00,1.333333573315279574e+00,1.333333495054660478e+00,1.333333458979475639e+00,1.333333443356723658e+00,1.333333411931899137e+00,1.333333385001404192e+00,1.333333378096627886e+00,1.333333389539326674e+00,1.333333401237648541e+00,1.333333392958461427e+00,1.333333370350388680e+00,1.333333349226303977e+00,1.333333338732491713e+00,1.333333334962615968e+00,1.333333333629384443e+00,1.333333333347083149e+00,1.333333333333400539e+00,1.333333333333333259e+00,1.333333333333333259e+00,1.333333333333333259e+00,1.333333333333333259e+00,1.333333333333333259e+00,1.333333333333333259e+00,1.333333333333333259e+00,1.333333333333333259e+00,1.333333333333333259e+00,1.333333333333333259e+00,1.333333333333333259e+00,1.333333333333333259e+00,1.333333333333333259e+00,1.333333333333333259e+00,1.333333333333333259e+00,1.333333333333333259e+00
2.000000000000000000e+00,2.000000000000000000e+00,2.000000000000000000e+00,2.000000000000000000e+00,2.000000000000000000e+00,2.000000000000000000e+00,2.000000000000000000e+00,2.000000000000000000e+00,2.000000000000000000e+00,2.000000000000000000e+00,2.000000000000000000e+00,2.000000000000000000e+00,2.000000000000000000e+00,2.000000000000000000e+00,2.000000000000000000e+00,2.000000000000000000e+00,2.000000000000000000e+00,2.000000000000000000e+00,2.000000000000000000e+00,2.000000000000000000e+00,2.000000000000000000e+00,2.000000000000000000e+00,2.000000000000000000e+00,2.000000000000000000e+00,2.000000000000000000e+00,2.000000000000000000e+00,2.000000000000000000e+00,2.000000000000000000e+00,2.000000000000000000e+00,2.000000000000000000e+00,2.000000000000000000e+00,2.000000000000000000e+00,2.000000000000000000e+00,2.000000000000000000e+00,2.000000000000000000e+00,2.000000000000000000e+00,2.000000000000000000e+00,2.000000000000000000e+00,2.000000000000000000e+00,2.000000000000000000e+00,2.000000000000000000e+00,2.000000000000000000e+00,2.000000000000000000e+00,2.000000000000000000e+00,2.000000000000000000e+00,2.000000000000000000e+00,2.000000000000000000e+00,2.000000000000000000e+00,2.000000000000000000e+00,2.000000000000000000e+00,2.000000000000000000e+00,2.000000000000000000e+00,2.000000000000000000e+00,2.000000000000000000e+00,2.000000000000573319e+00,2.000000000420555146e+00,2.000000010174561638e+00,2.000000087523174930e+00,2.000001187666360813e+00,2.000007659076678657e+00,2.000011950563877150e+00,2.000010017612564361e+00,2.000009206912173099e+00,2.000005879906439077e+00,2.000003866598179414e+00,2.000005916623478708e+00,2.000012527482973645e+00,2.000025995543494695e+00,2.000046743579683817e+00,2.000065041246951392e+00,2.000071819651377591e+00,2.000069909993717143e+00,2.000067298953118300e+00,2.000063515094849365e+00,2.000054403829204297e+00,2.000040618742488174e+00,2.000026149801604092e+00,2.000012434220187707e+00,2.000003572613337610e+00,2.000000789423785008e+00,2.000000176649011419e+00,2.000000020637846543e+00,2.000000000504131403e+00,2.000000000001746603e+00,2.000000000000001332e+00,2.000000000000000000e+00,2.000000000000000000e+00,2.000000000000000000e+00,2.000000000000000000e+00,2.000000000000000000e+00,2.000000000000000000e+00,2.000000000000000000e+00,2.000000000000000000e+00,2.000000000000000000e+00,2.000000000000000000e+00,2.000000000000000000e+00,2.000000000000000000e+00,2.000000000000000000e+00,2.000000000000000000e+00,2.000000000000000000e+00
1.000000000000000000e+00,1.000000000000000000e+00,1.000000000000000000e+00,1.000000000000000000e+00,1.000000000000000000e+00,1.000000000000000000e+00,1.000000000000000000e+00,1.000000000000000000e+00,1.000000000000000000e+00,1.000000000000000000e+00,1.000000000000000000e+00,1.000000000000000000e+00,1.000000000000000000e+00,1.000000000000000000e+00,1.000000000000000000e+00,1.000000000000000000e+00,1.000000000000000000e+00,1.000000000000000000e+00,1.000000000000000000e+00,1.000000000000000000e+00,1.000000000000000000e+00,1.000000000000000000e+00,1.000000000000000000e+00,1.000000000000000000e+00,1.000000000000000000e+00,1.000000000000000000e+00,1.000000000000000000e+00,1.000000000000000000e+00,1.000000000000000000e+00,1.000000000000000000e+00,1.000000000000000000e+00,1.000000000000000000e+00,1.000000000000000000e+00,1.000000000000000000e+00,1.000000000000000000e+00,1.000000000000000000e+00,1.000000000000000000e+00,1.000000000000000000e+00,1.000000000000000000e+00,1.000000000000000000e+00,1.000000000000000000e+00,1.000000000000000000e+00,1.000000000000000000e+00,1.000000000000000000e+00,1.000000000000000000e+00,1.000000000000000000e+00,1.000000000000000000e+00,1.000000000000000000e+00,1.000000000000000000e+00,1.000000000000000000e+00,1.000000000000000000e+00,1.000000000000011324e+00,1.000000000000730083e+00,1.000000000007255530e+00,1.000000000042418735e+00,1.000000000195302885e+00,1.000000000719730719e+00,1.000000002098214713e+00,1.000000005319916951e+00,1.000000012054045095e+00,1.000000021925314231e+00,1.000000034674975335e+00,1.000000047601834918e+00,1.000000054959016227e+00,1.000000070617664383e+00,1.000000097544436306e+00,1.000000119346896366e+00,1.000000130862262804e+00,1.000000133774564981e+00,1.000000124486604802e+00,1.000000121128994834e+00,1.000000130702535017e+00,1.000000149593285537e+00,1.000000175626621246e+00,1.000000194575352275e+00,1.000000162822395344e+00,1.000000095672879175e+00,1.000000045798389969e+00,1.000000018056702356e+00,1.000000007124379531e+00,1.000000002535901489e+00,1.000000000567071723e+00,1.000000000076573636e+00,1.000000000004960254e+00,1.000000000000085709e+00,1.000000000000000222e+00,1.000000000000000000e+00,1.000000000000000000e+00,1.000000000000000000e+00,1.000000000000000000e+00,1.000000000000000000e+00,1.000000000000000000e+00,1.000000000000000000e+00,1.000000000000000000e+00,1.000000000000000000e+00,1.000000000000000000e+00,1.000000000000000000e+00,1.000000000000000000e+00,1.000000000000000000e+00,1.000000000000000000e+00
1.000000000000000000e+00,1.000000000000000000e+00,1.000000000000000000e+00,1.000000000000000000e+00,1.000000000000000000e+00,1.000000000000000000e+00,1.000000000000000000e+00,1.000000000000000000e+00,1.000000000000000000e+00,1.000000000000000000e+00,1.000000000000000000e+00,1.000000000000000000e+00,1.000000000000000000e+00,1.000000000000000000e+00,1.000000000000000000e+00,1.000000000000000000e+00,1.000000000000000000e+00,1.000000000000000000e+00,1.000000000000000000e+00,1.000000000000000000e+00,1.000000000000000000e+00,1.000000000000000000e+00,1.000000000000000000e+00,1.000000000000000000e+00,1.000000000000000000e+00,1.000000000000000000e+00,1.000000000000000000e+00,1.000000000000000000e+00,1.000000000000000000e+00,1.000000000000000000e+00,1.000000000000000000e+00,1.000000000000000000e+00,1.000000000000000000e+00,1.000000000000000000e+00,1.000000000000000000e+00,1.000000000000000000e+00,1.000000000000000000e+00,1.000000000000000000e+00,1.000000000000000000e+00,1.000000000000000000e+00,1.000000000000000000e+00,1.000000000000000000e+00,1.000000000000000000e+00,1.000000000000000000e+00,1.000000000000000000e+00,1.000000000000000000e+00,1.000000000000000000e+00,1.000000000000000000e+00,1.000000000000000000e+00,1.000000000000000000e+00,1.000000000000000000e+00,1.000000000000000000e+00,1.000000000000006661e+00,1.000000000001773914e+00,1.000000000063251404e+00,1.000000000554701396e+00,1.000000003573956686e+00,1.000000024703465273e+00,1.000000107663637339e+00,1.000000290667643510e+00,1.000000486352429219e+00,1.000000338388514765e+00,1.000000150453228986e+00,1.000000088861713321e+00,1.000000067158046679e+00,1.000000083792090155e+00,1.000000124351938080e+00,1.000000130368628337e+00,1.000000108623825268e+00,1.000000075704576830e+00,1.000000041947354701e+00,1.000000027593593632e+00,1.000000025756706545e+00,1.000000027910323830e+00,1.000000028405044761e+00,1.000000029939167590e+00,1.000000026717764001e+00,1.000000019077371016e+00,1.000000013971879209e+00,1.000000007098550414e+00,1.000000001519717907e+00,1.000000000136598066e+00,1.000000000006886935e+00,1.000000000000144773e+00,1.000000000000000666e+00,1.000000000000000000e+00,1.000000000000000000e+00,1.000000000000000000e+00,1.000000000000000000e+00,1.000000000000000000e+00,1.000000000000000000e+00,1.000000000000000000e+00,1.000000000000000000e+00,1.000000000000000000e+00,1.000000000000000000e+00,1.000000000000000000e+00,1.000000000000000000e+00,1.000000000000000000e+00,1.000000000000000000e+00,1.000000000000000000e+00
1.333333333333333259e+00,1.333333333333333259e+00,1.333333333333333259e+00,1.333333333333333259e+00,1.333333333333333259e+00,1.333333333333333259e+00,1.333333333333333259e+00,1.333333333333333259e+00,1.333333333333333259e+00,1.333333333333333259e+00,1.333333333333333259e+00,1.333333333333333259e+00,1.333333333333333259e+00,1.333333333333333259e+00,1.333333333333333259e+00,1.333333333333333259e+00,1.333333333333333259e+00,1.333333333333333259e+00,1.333333333333333259e+00,1.333333333333333259e+00,1.333333333333333259e+00,1.333333333333333259e+00,1.333333333333333259e+00,1.333333333333333259e+00,1.333333333333333259e+00,1.333333333333333259e+00,1.333333333333333259e+00,1.333333333333333259e+00,1.333333333333333259e+00,1.333333333333333259e+00,1.333333333333333259e+00,1.333333333333333259e+00,1.333333333333333259e+00,1.333333333333333259e+00,1.333333333333333259e+00,1.333333333333333259e+00,1.333333333333333259e+00,1.333333333333333259e+00,1.333333333333333259e+00,1.333333333333333259e+00,1.333333333333333259e+00,1.333333333333333259e+00,1.333333333333333259e+00,1.333333333333333259e+00,1.333333333333333259e+00,1.333333333333333259e+00,1.333333333333333259e+00,1.333333333333333259e+00,1.333333333333333259e+00,1.333333333333333259e+00,1.333333333333333259e+00,1.333333333362168638e+00,1.333333337856355438e+00,1.333333385669923654e+00,1.333333547150173048e+00,1.333333897858532291e+00,1.333334528094121563e+00,1.333335332931517403e+00,1.333335684865895709e+00,1.333335974251597777e+00,1.333337237811200282e+00,1.333339111008290168e+00,1.333345117692811499e+00,1.333360872640888761e+00,1.333374460592794630e+00,1.333376313912075561e+00,1.333383730517272214e+00,1.333419497269591414e+00,1.333477074933893558e+00,1.333522450994093944e+00,1.333549827989300773e+00,1.333583500480683526e+00,1.333584964107004334e+00,1.333519316940310340e+00,1.333452690466134793e+00,1.333409831097636555e+00,1.333388493090991833e+00,1.333375991156850127e+00,1.333359586017409004e+00,1.333343276709523906e+00,1.333335489239337202e+00,1.333333542898175184e+00,1.333333339476683088e+00,1.333333333404407073e+00,1.333333333333527992e+00,1.333333333333333259e+00,1.333333333333333259e+00,1.333333333333333259e+00,1.333333333333333259e+00,1.333333333333333259e+00,1.333333333333333259e+00,1.333333333333333259e+00,1.333333333333333259e+00,1.333333333333333259e+00,1.333333333333333259e+00,1.333333333333333259e+00,1.333333333333333259e+00,1.333333333333333259e+00,1.333333333333333259e+00,1.333333333333333259e+00
1.333333333333333259e+00,1.333333333333333259e+00,1.333333333333333259e+00,1.333333333333333259e+00,1.333333333333333259e+00,1.333333333333333259e+00,1.333333333333333259e+00,1.333333333333333259e+00,1.333333333333333259e+00,1.333333333333333259e+00,1.333333333333333259e+00,1.333333333333333259e+00,1.333333333333333259e+00,1.333333333333333259e+00,1.333333333333333259e+00,1.333333333333333259e+00,1.333333333333333259e+00,1.333333333333333259e+00,1.333333333333333259e+00,1.333333333333333259e+00,1.333333333333333259e+00,1.333333333333333259e+00,1.333333333333333259e+00,1.333333333333333259e+00,1.333333333333333259e+00,1.333333333333333259e+00,1.333333333333333259e+00,1.333333333333333259e+00,1.333333333333333259e+00,1.333333333333333259e+00,1.333333333333333259e+00,1.333333333333333259e+00,1.333333333333333259e+00,1.333333333333333259e+00,1.333333333333333259e+00,1.333333333333333259e+00,1.333333333333333259e+00,1.333333333333333259e+00,1.333333333333333259e+00,1.333333333333333259e+00,1.333333333333333259e+00,1.333333333333333259e+00,1.333333333333333259e+00,1.333333333333333259e+00,1.333333333333333259e+00,1.333333333333333259e+00,1.333333333333333259e+00,1.333333333333333259e+00,1.333333333333333259e+00,1.333333333333333259e+00,1.333333333333669213e+00,1.333333333429997269e+00,1.333333334960435490e+00,1.333333340326764205e+00,1.333333352110496861e+00,1.333333456186576171e+00,1.333334650059903925e+00,1.333341284847404218e+00,1.333358165781477256e+00,1.333373490977055376e+00,1.333412122003508671e+00,1.333521027622832200e+00,1.333631286149281836e+00,1.333695890902422132e+00,1.333564704226364750e+00,1.333419345756199137e+00,1.333389894249991769e+00,1.333406989026845402e+00,1.333437716571847176e+00,1.333446490241390281e+00,1.333433466152216917e+00,1.333450177812593340e+00,1.333498882755053572e+00,1.333519887295431694e+00,1.333472732994957166e+00,1.333411176343718640e+00,1.333370996687543109e+00,1.333346819445665243e+00,1.333336408672721740e+00,1.333333715805189001e+00,1.333333358511711975e+00,1.333333333947134713e+00,1.333333333335731119e+00,1.333333333333333925e+00,1.333333333333333259e+00,1.333333333333333259e+00,1.333333333333333259e+00,1.333333333333333259e+00,1.333333333333333259e+00,1.333333333333333259e+00,1.333333333333333259e+00,1.333333333333333259e+00,1.333333333333333259e+00,1.333333333333333259e+00,1.333333333333333259e+00,1.333333333333333259e+00,1.333333333333333259e+00,1.333333333333333259e+00,1.333333333333333259e+00,1.333333333333333259e+00
1.666666666666666741e+00,1.666666666666666741e+00,1.666666666666666741e+00,1.666666666666666741e+00,1.666666666666666741e+00,1.666666666666666741e+00,1.666666666666666741e+00,1.666666666666666741e+00,1.666666666666666741e+00,1.666666666666666741e+00,1.666666666666666741e+00,1.666666666666666741e+00,1.666666666666666741e+00,1.666666666666666741e+00,1.666666666666666741e+00,1.666666666666666741e+00,1.666666666666666741e+00,1.666666666666666741e+00,1.666666666666666741e+00,1.666666666666666741e+00,1.666666666666666741e+00,1.666666666666666741e+00,1.666666666666666741e+00,1.666666666666666741e+00,1.666666666666666741e+00,1.666666666666666741e+00,1.666666666666666741e+00,1.666666666666666741e+00,1.666666666666666741e+00,1.666666666666666741e+00,1.666666666666666741e+00,1.666666666666666741e+00,1.666666666666666741e+00,1.666666666666666741e+00,1.666666666666666741e+00,1.666666666666666741e+00,1.666666666666666741e+00,1.666666666666666741e+00,1.666666666666666741e+00,1.666666666666666741e+00,1.666666666666666741e+00,1.666666666666666741e+00,1.666666666666666741e+00,1.666666666666666741e+00,1.666666666666666741e+00,1.666666666666666741e+00,1.666666666666666741e+00,1.666666666666666741e+00,1.666666666666666741e+00,1.666666666666666741e+00,1.666666666666666741e+00,1.666666666666672958e+00,1.666666666714264888e+00,1.666666681060061439e+00,1.666667034295239214e+00,1.666669439280644482e+00,1.666676491164858387e+00,1.666678878237208172e+00,1.666672948256342268e+00,1.666670244154342173e+00,1.666670100425613921e+00,1.666671342598990968e+00,1.666675297087475416e+00,1.666679966368605381e+00,1.666680772860505977e+00,1.666681052051124379e+00,1.666681775747484995e+00,1.666680678785700032e+00,1.666679397891430714e+00,1.666680373573188101e+00,1.666685602927681087e+00,1.666690901911851874e+00,1.666686890050079750e+00,1.666677213715019867e+00,1.666670824127093775e+00,1.666668289153474980e+00,1.666667274207161764e+00,1.666666883309866121e+00,1.666666775411278945e+00,1.666666724591911342e+00,1.666666678706865135e+00,1.666666667056100337e+00,1.666666666667434571e+00,1.666666666666666741e+00,1.666666666666666741e+00,1.666666666666666741e+00,1.666666666666666741e+00,1.666666666666666741e+00,1.666666666666666741e+00,1.666666666666666741e+00,1.666666666666666741e+00,1.666666666666666741e+00,1.666666666666666741e+00,1.666666666666666741e+00,1.666666666666666741e+00,1.666666666666666741e+00,1.666666666666666741e+00,1.666666666666666741e+00,1.666666666666666741e+00,1.666666666666666741e+00
1.333333333333333259e+00,1.333333333333333259e+00,1.333333333333333259e+00,1.333333333333333259e+00,1.333333333333333259e+00,1.333333333333333259e+00,1.333333333333333259e+00,1.333333333333333259e+00,1.333333333333333259e+00,1.333333333333333259e+00,1.333333333333333259e+00,1.333333333333333259e+00,1.333333333333333259e+00,1.333333333333333259e+00,1.333333333333333259e+00,1.333333333333333259e+00,1.333333333333333259e+00,1.333333333333333259e+00,1.333333333333333259e+00,1.333333333333333259e+00,1.333333333333333259e+00,1.333333333333333259e+00,1.333333333333333259e+00,1.333333333333333259e+00,1.333333333333333259e+00,1.333333333333333259e+00,1.333333333333333259e+00,1.333333333333333259e+00,1.333333333333333259e+00,1.333333333333333259e+00,1.333333333333333259e+00,1.333333333333333259e+00,1.333333333333333259e+00,1.333333333333333259e+00,1.333333333333333259e+00,1.333333333333333259e+00,1.333333333333333259e+00,1.333333333333333259e+00,1.333333333333333259e+00,1.333333333333333259e+00,1.333333333333333259e+00,1.333333333333333259e+00,1.333333333333333259e+00,1.333333333333333259e+00,1.333333333333333259e+00,1.333333333333333259e+00,1.333333333333333259e+00,1.333333333333333259e+00,1.333333333333333259e+00,1.333333333333333259e+00,1.333333333333333259e+00,1.333333333333333259e+00,1.333333333333423854e+00,1.333333333397049181e+00,1.333333335849860912e+00,1.333333355191665515e+00,1.333333428675387289e+00,1.333333665677470359e+00,1.333333959788058687e+00,1.333334171866962459e+00,1.333334715374858703e+00,1.333336239444355975e+00,1.333340371894227383e+00,1.333348825293432016e+00,1.333360170004457057e+00,1.333365600215567826e+00,1.333358791961845258e+00,1.333348701411073423e+00,1.333343990811021396e+00,1.333342981444337383e+00,1.333343828327998803e+00,1.333346985738361745e+00,1.333350873101217360e+00,1.333351536289015371e+00,1.333347866085499600e+00,1.333342565130326784e+00,1.333337354787284434e+00,1.333334276509841709e+00,1.333333499063420913e+00,1.333333380963316772e+00,1.333333347421843396e+00,1.333333334879416521e+00,1.333333333370006146e+00,1.333333333333531989e+00,1.333333333333334814e+00,1.333333333333333259e+00,1.333333333333333259e+00,1.333333333333333259e+00,1.333333333333333259e+00,1.333333333333333259e+00,1.333333333333333259e+00,1.333333333333333259e+00,1.333333333333333259e+00,1.333333333333333259e+00,1.333333333333333259e+00,1.333333333333333259e+00,1.333333333333333259e+00,1.333333333333333259e+00,1.333333333333333259e+00,1.333333333333333259e+00
2.000000000000000000e+00,2.000000000000000000e+00,2.000000000000000000e+00,2.000000000000000000e+00,2.000000000000000000e+00,2.000000000000000000e+00,2.000000000000000000e+00,2.000000000000000000e+00,2.000000000000000000e+00,2.000000000000000000e+00,2.000000000000000000e+00,2.000000000000000000e+00,2.000000000000000000e+00,2.000000000000000000e+00,2.000000000000000000e+00,2.000000000000000000e+00,2.000000000000000000e+00,2.000000000000000000e+00,2.000000000000000000e+00,2.000000000000000000e+00,2.000000000000000000e+00,2.000000000000000000e+00,2.000000000000000000e+00,2.000000000000000000e+00,2.000000000000000000e+00,2.000000000000000000e+00,2.000000000000000000e+00,2.000000000000000000e+00,2.000000000000000000e+00,2.000000000000000000e+00,2.000000000000000000e+00,2.000000000000000000e+00,2.000000000000000000e+00,2.000000000000000000e+00,2.000000000000000000e+00,2.000000000000000000e+00,2.000000000000000000e+00,2.000000000000000000e+00,2.000000000000000000e+00,2.000000000000000000e+00,2.000000000000000000e+00,2.000000000000000000e+00,2.000000000000000000e+00,2.000000000000000000e+00,2.000000000000000000e+00,2.000000000000000000e+00,2.000000000000000000e+00,2.000000000000000000e+00,2.000000000000000000e+00,2.000000000000000000e+00,2.000000000000000000e+00,2.000000000000000000e+00,2.000000000000000000e+00,2.000000000000000000e+00,2.000000000000000000e+00,2.000000000000692335e+00,2.000000000217012186e+00,2.000000006244882833e+00,2.000000034161704576e+00,2.000000094607079060e+00,2.000000252868781025e+00,2.000000509437494856e+00,2.000000707040662462e+00,2.000000820062923790e+00,2.000000829526471957e+00,2.000000709782442598e+00,2.000000547199424883e+00,2.000000440111227462e+00,2.000000324994477108e+00,2.000000138581992992e+00,2.000000031693681457e+00,2.000000009866693684e+00,2.000000007964890081e+00,2.000000008046375122e+00,2.000000007152372916e+00,2.000000007941725944e+00,2.000000012181881281e+00,2.000000016916900325e+00,2.000000017667386665e+00,2.000000012808925032e+00,2.000000004629721495e+00,2.000000000454285942e+00,2.000000000004798384e+00,2.000000000000000888e+00,2.000000000000000000e+00,2.000000000000000000e+00,2.000000000000000000e+00,2.000000000000000000e+00,2.000000000000000000e+00,2.000000000000000000e+00,2.000000000000000000e+00,2.000000000000000000e+00,2.000000000000000000e+00,2.000000000000000000e+00,2.000000000000000000e+00,2.000000000000000000e+00,2.000000000000000000e+00,2.000000000000000000e+00,2.000000000000000000e+00,2.000000000000000000e+00
1.666666666666666741e+00,1.666666666666666741e+00,1.666666666666666741e+00,1.666666666666666741e+00,1.666666666666666741e+00,1.666666666666666741e+00,1.666666666666666741e+00,1.666666666666666741e+00,1.666666666666666741e+00,1.666666666666666741e+00,1.666666666666666741e+00,1.666666666666666741e+00,1.666666666666666741e+00,1.666666666666666741e+00,1.666666666666666741e+00,1.666666666666666741e+00,1.666666666666666741e+00,1.666666666666666741e+00,1.666666666666666741e+00,1.666666666666666741e+00,1.666666666666666741e+00,1.666666666666666741e+00,1.666666666666666741e+00,1.666666666666666741e+00,1.666666666666666741e+00,1.666666666666666741e+00,1.666666666666666741e+00,1.666666666666666741e+00,1.666666666666666741e+00,1.666666666666666741e+00,1.666666666666666741e+00,1.666666666666666741e+00,1.666666666666666741e+00,1.666666666666666741e+00,1.666666666666666741e+00,1.666666666666666741e+00,1.666666666666666741e+00,1.666666666666666741e+00,1.666666666666666741e+00,1.666666666666666741e+00,1.666666666666666741e+00,1.666666666666666741e+00,1.666666666666666741e+00,1.666666666666666741e+00,1.666666666666666741e+00,1.666666666666666741e+00,1.666666666666666741e+00,1.666666666666666741e+00,1.666666666666666741e+00,1.666666666666666741e+00,1.666666666666666741e+00,1.666666666666666741e+00,1.666666666666666741e+00,1.666666666666703378e+00,1.666666666725087120e+00,1.666666670609644241e+00,1.666666719320122114e+00,1.666666990697512674e+00,1.666668057995911445e+00,1.666670968287963017e+00,1.666675732202165250e+00,1.666679940959245876e+00,1.666677002834769272e+00,1.666671388154722377e+00,1.666669504110916300e+00,1.666669540191050736e+00,1.666670131383844344e+00,1.666671098546868457e+00,1.666673113555089847e+00,1.666677402404243447e+00,1.666683129680618825e+00,1.666686022798833822e+00,1.666683210464330767e+00,1.666679580979082864e+00,1.666680294872206813e+00,1.666681568256939139e+00,1.666677077951167929e+00,1.666672391190520131e+00,1.666670281090734562e+00,1.666668488699413198e+00,1.666667110803986995e+00,1.666666701037023968e+00,1.666666667111499134e+00,1.666666666667129038e+00,1.666666666666666741e+00,1.666666666666666741e+00,1.666666666666666741e+00,1.666666666666666741e+00,1.666666666666666741e+00,1.666666666666666741e+00,1.666666666666666741e+00,1.666666666666666741e+00,1.666666666666666741e+00,1.666666666666666741e+00,1.666666666666666741e+00,1.666666666666666741e+00,1.666666666666666741e+00,1.666666666666666741e+00,1.666666666666666741e+00,1.666666666666666741e+00
1.000000000000000000e+00,1.000000000000000000e+00,1.000000000000000000e+00,1.000000000000000000e+00,1.000000000000000000e+00,1.000000000000000000e+00,1.000000000000000000e+00,1.000000000000000000e+00,1.000000000000000000e+00,1.000000000000000000e+00,1.000000000000000000e+00,1.000000000000000000e+00,1.000000000000000000e+00,1.000000000000000000e+00,1.000000000000000000e+00,1.000000000000000000e+00,1.000000000000000000e+00,1.000000000000000000e+00,1.000000000000000000e+00,1.000000000000000000e+00,1.000000000000000000e+00,1.000000000000000000e+00,1.000000000000000000e+00,1.000000000000000000e+00,1.000000000000000000e+00,1.000000000000000000e+00,1.000000000000000000e+00,1.000000000000000000e+00,1.000000000000000000e+00,1.000000000000000000e+00,1.000000000000000000e+00,1.000000000000000000e+00,1.000000000000000000e+00,1.000000000000000000e+00,1.000000000000000000e+00,1.000000000000000000e+00,1.000000000000000000e+00,1.000000000000000000e+00,1.000000000000000000e+00,1.000000000000000000e+00,1.000000000000000000e+00,1.000000000000000000e+00,1.000000000000000000e+00,1.000000000000000000e+00,1.000000000000000000e+00,1.000000000000000000e+00,1.000000000000000000e+00,1.000000000000000000e+00,1.000000000000000000e+00,1.000000000000000000e+00,1.000000000000000000e+00,1.000000000000000000e+00,1.000000000000000000e+00,1.000000000002168710e+00,1.000000000701866121e+00,1.000000021546198159e+00,1.000000181840046576e+00,1.000000680684334453e+00,1.000001022098511383e+00,1.000000720901243367e+00,1.000000489246414492e+00,1.000000534613317837e+00,1.000000810680427232e+00,1.000001488986645093e+00,1.000002637484586065e+00,1.000003178462291586e+00,1.000003445979729788e+00,1.000004096334835335e+00,1.000004394668757346e+00,1.000004044334857678e+00,1.000003550107912975e+00,1.000003708700881733e+00,1.000003844271801556e+00,1.000002982694173426e+00,1.000001882925051877e+00,1.000001041479485764e+00,1.000000429925565815e+00,1.000000098404742799e+00,1.000000014699666817e+00,1.000000003999771403e+00,1.000000001547889594e+00,1.000000000274101408e+00,1.000000000012381429e+00,1.000000000000043077e+00,1.000000000000000000e+00,1.000000000000000000e+00,1.000000000000000000e+00,1.000000000000000000e+00,1.000000000000000000e+00,1.000000000000000000e+00,1.000000000000000000e+00,1.000000000000000000e+00,1.000000000000000000e+00,1.000000000000000000e+00,1.000000000000000000e+00,1.000000000000000000e+00,1.000000000000000000e+00,1.000000000000000000e+00,1.000000000000000000e+00,1.000000000000000000e+00
1.000000000000000000e+00,1.000000000000000000e+00,1.000000000000000000e+00,1.000000000000000000e+00,1.000000000000000000e+00,1.000000000000000000e+00,1.000000000000000000e+00,1.000000000000000000e+00,1.000000000000000000e+00,1.000000000000000000e+00,1.000000000000000000e+00,1.000000000000000000e+00,1.000000000000000000e+00,1.000000000000000000e+00,1.000000000000000000e+00,1.000000000000000000e+00,1.000000000000000000e+00,1.000000000000000000e+00,1.000000000000000000e+00,1.000000000000000000e+00,1.000000000000000000e+00,1.000000000000000000e+00,1.000000000000000000e+00,1.000000000000000000e+00,1.000000000000000000e+00,1.000000000000000000e+00,1.000000000000000000e+00,1.000000000000000000e+00,1.000000000000000000e+00,1.000000000000000000e+00,1.000000000000000000e+00,1.000000000000000000e+00,1.000000000000000000e+00,1.000000000000000000e+00,1.000000000000000000e+00,1.000000000000000000e+00,1.000000000000000000e+00,1.000000000000000000e+00,1.000000000000000000e+00,1.000000000000000000e+00,1.000000000000000000e+00,1.000000000000000000e+00,1.000000000000000000e+00,1.000000000000000000e+00,1.000000000000000000e+00,1.000000000000000000e+00,1.000000000000000000e+00,1.000000000000000000e+00,1.000000000000000000e+00,1.000000000000000000e+00,1.000000000000000000e+00,1.000000000000000000e+00,1.000000000000000000e+00,1.000000000000011990e+00,1.000000000004905409e+00,1.000000000236757058e+00,1.000000004357191274e+00,1.000000024762527806e+00,1.000000124305886473e+00,1.000000712463963382e+00,1.000003095902678885e+00,1.000011485304215686e+00,1.000027089910490163e+00,1.000036691093313834e+00,1.000039504593029260e+00,1.000032547236977098e+00,1.000022156819275976e+00,1.000014819234767316e+00,1.000009095991522434e+00,1.000006426103709822e+00,1.000006065676885880e+00,1.000006422482668800e+00,1.000004567108143450e+00,1.000002779483485149e+00,1.000002359451187095e+00,1.000001392310391202e+00,1.000000378479244167e+00,1.000000067293415063e+00,1.000000012979898045e+00,1.000000002405866395e+00,1.000000000148928869e+00,1.000000000000551559e+00,1.000000000000000000e+00,1.000000000000000000e+00,1.000000000000000000e+00,1.000000000000000000e+00,1.000000000000000000e+00,1.000000000000000000e+00,1.000000000000000000e+00,1.000000000000000000e+00,1.000000000000000000e+00,1.000000000000000000e+00,1.000000000000000000e+00,1.000000000000000000e+00,1.000000000000000000e+00,1.000000000000000000e+00,1.000000000000000000e+00,1.000000000000000000e+00,1.000000000000000000e+00,1.000000000000000000e+00
1.666666666666666741e+00,1.666666666666666741e+00,1.666666666666666741e+00,1.666666666666666741e+00,1.666666666666666741e+00,1.666666666666666741e+00,1.666666666666666741e+00,1.666666666666666741e+00,1.666666666666666741e+00,1.666666666666666741e+00,1.666666666666666741e+00,1.666666666666666741e+00,1.666666666666666741e+00,1.666666666666666741e+00,1.666666666666666741e+00,1.666666666666666741e+00,1.666666666666666741e+00,1.666666666666666741e+00,1.666666666666666741e+00,1.666666666666666741e+00,1.666666666666666741e+00,1.666666666666666741e+00,1.666666666666666741e+00,1.666666666666666741e+00,1.666666666666666741e+00,1.666666666666666741e+00,1.666666666666666741e+00,1.666666666666666741e+00,1.666666666666666741e+00,1.666666666666666741e+00,1.666666666666666741e+00,1.666666666666666741e+00,1.666666666666666741e+00,1.666666666666666741e+00,1.666666666666666741e+00,1.666666666666666741e+00,1.666666666666666741e+00,1.666666666666666741e+00,1.666666666666666741e+00,1.666666666666666741e+00,1.666666666666666741e+00,1.666666666666666741e+00,1.666666666666666741e+00,1.666666666666666741e+00,1.666666666666666741e+00,1.666666666666666741e+00,1.666666666666666741e+00,1.666666666666666741e+00,1.666666666666666741e+00,1.666666666666667185e+00,1.666666666667592667e+00,1.666666668622698300e+00,1.666667187176166021e+00,1.666694408046611064e+00,1.666968113817618447e+00,1.667383516447038305e+00,1.667078478427576504e+00,1.666795368311860814e+00,1.666733470685858309e+00,1.666708124531544488e+00,1.666704831229365746e+00,1.666733146129744547e+00,1.666778362089789134e+00,1.666852021647218685e+00,1.666994055830992361e+00,1.667134936388163124e+00,1.667153560088340702e+00,1.667021951347152697e+00,1.666842380817954883e+00,1.666730295479823321e+00,1.666686655536289585e+00,1.666675183678091310e+00,1.666675051594127988e+00,1.666679835280573396e+00,1.666684284835938445e+00,1.666682589903444311e+00,1.666675981756948088e+00,1.666670370388853906e+00,1.666667660061791789e+00,1.666666828511719212e+00,1.666666681450036158e+00,1.666666667136507129e+00,1.666666666667950603e+00,1.666666666666666741e+00,1.666666666666666741e+00,1.666666666666666741e+00,1.666666666666666741e+00,1.666666666666666741e+00,1.666666666666666741e+00,1.666666666666666741e+00,1.666666666666666741e+00,1.666666666666666741e+00,1.666666666666666741e+00,1.666666666666666741e+00,1.666666666666666741e+00,1.666666666666666741e+00,1.666666666666666741e+00,1.666666666666666741e+00,1.666666666666666741e+00,1.666666666666666741e+00
1.333333333333333259e+00,1.333333333333333259e+00,1.333333333333333259e+00,1.333333333333333259e+00,1.333333333333333259e+00,1.333333333333333259e+00,1.333333333333333259e+00,1.333333333333333259e+00,1.333333333333333259e+00,1.333333333333333259e+00,1.333333333333333259e+00,1.333333333333333259e+00,1.333333333333333259e+00,1.333333333333333259e+00,1.333333333333333259e+00,1.333333333333333259e+00,1.333333333333333259e+00,1.333333333333333259e+00,1.333333333333333259e+00,1.333333333333333259e+00,1.333333333333333259e+00,1.333333333333333259e+00,1.333333333333333259e+00,1.333333333333333259e+00,1.333333333333333259e+00,1.333333333333333259e+00,1.333333333333333259e+00,1.333333333333333259e+00,1.333333333333333259e+00,1.333333333333333259e+00,1.333333333333333259e+00,1.333333333333333259e+00,1.333333333333333259e+00,1.333333333333333259e+00,1.333333333333333259e+00,1.333333333333333259e+00,1.333333333333333259e+00,1.333333333333333259e+00,1.333333333333333259e+00,1.333333333333333259e+00,1.333333333333333259e+00,1.333333333333333259e+00,1.333333333333333259e+00,1.333333333333333259e+00,1.333333333333333259e+00,1.333333333333333259e+00,1.333333333333333259e+00,1.333333333333333259e+00,1.333333333333333259e+00,1.333333333333333259e+00,1.333333333333333259e+00,1.333333333333412973e+00,1.333333334145887505e+00,1.333333455661247502e+00,1.333335740608602160e+00,1.333345728815652276e+00,1.333352161484096410e+00,1.333367408895359763e+00,1.333423482137249927e+00,1.333495036194204397e+00,1.333562939995716512e+00,1.333583080563431000e+00,1.333522974082408385e+00,1.333445642776708739e+00,1.333401274840532835e+00,1.333385491652880006e+00,1.333383908423485753e+00,1.333389329495852538e+00,1.333407001291809557e+00,1.333424863475722200e+00,1.333398297258377774e+00,1.333360114099147120e+00,1.333347614824225591e+00,1.333348147201967482e+00,1.333353335976937171e+00,1.333356188883007443e+00,1.333349923908074608e+00,1.333340263892254907e+00,1.333335424097703559e+00,1.333333965151022760e+00,1.333333670923810832e+00,1.333333539427572711e+00,1.333333371490617925e+00,1.333333334523037372e+00,1.333333333335960713e+00,1.333333333333333481e+00,1.333333333333333259e+00,1.333333333333333259e+00,1.333333333333333259e+00,1.333333333333333259e+00,1.333333333333333259e+00,1.333333333333333259e+00,1.333333333333333259e+00,1.333333333333333259e+00,1.333333333333333259e+00,1.333333333333333259e+00,1.333333333333333259e+00,1.333333333333333259e+00,1.333333333333333259e+00,1.333333333333333259e+00
6.666666666666666297e-01,6.666666666666666297e-01,6.666666666666666297e-01,6.666666666666666297e-01,6.666666666666666297e-01,6.666666666666666297e-01,6.666666666666666297e-01,6.666666666666666297e-01,6.666666666666666297e-01,6.666666666666666297e-01,6.666666666666666297e-01,6.666666666666666297e-01,6.666666666666666297e-01,6.666666666666666297e-01,6.666666666666666297e-01,6.666666666666666297e-01,6.666666666666666297e-01,6.666666666666666297e-01,6.666666666666666297e-01,6.666666666666666297e-01,6.666666666666666297e-01,6.666666666666666297e-01,6.666666666666666297e-01,6.666666666666666297e-01,6.666666666666666297e-01,6.666666666666666297e-01,6.666666666666666297e-01,6.666666666666666297e-01,6.666666666666666297e-01,6.666666666666666297e-01,6.666666666666666297e-01,6.666666666666666297e-01,6.666666666666666297e-01,6.666666666666666297e-01,6.666666666666666297e-01,6.666666666666666297e-01,6.666666666666666297e-01,6.666666666666666297e-01,6.666666666666666297e-01,6.666666666666666297e-01,6.666666666666666297e-01,6.666666666666666297e-01,6.666666666666666297e-01,6.666666666666666297e-01,6.666666666666666297e-01,6.666666666666666297e-01,6.666666666666666297e-01,6.666666666666666297e-01,6.666666666666666297e-01,6.666666666666666297e-01,6.666666666666666297e-01,6.666666666666666297e-01,6.666666666666674068e-01,6.666666666693148446e-01,6.666666674703674023e-01,6.666667046351462123e-01,6.666671250345822530e-01,6.666691615185478259e-01,6.666756939126095016e-01,6.666934903538886958e-01,6.667305974575553629e-01,6.667684677633087809e-01,6.668170924650770326e-01,6.669959449013491692e-01,6.672928399856004056e-01,6.673184738587065734e-01,6.670872753547640865e-01,6.668516528991856873e-01,6.667231066024590369e-01,6.666811899068793013e-01,6.666722362819468284e-01,6.666732217661950344e-01,6.666816213437465333e-01,6.667040542425436422e-01,6.667560849449993832e-01,6.668225482381898717e-01,6.668466268300897726e-01,6.668106475668613697e-01,6.667528440914869403e-01,6.667118688956858996e-01,6.666836023548041723e-01,6.666690373537393910e-01,6.666667520530842328e-01,6.666666676616747056e-01,6.666666666685704401e-01,6.666666666666666297e-01,6.666666666666666297e-01,6.666666666666666297e-01,6.666666666666666297e-01,6.666666666666666297e-01,6.666666666666666297e-01,6.666666666666666297e-01,6.666666666666666297e-01,6.666666666666666297e-01,6.666666666666666297e-01,6.666666666666666297e-01,6.666666666666666297e-01,6.666666666666666297e-01,6.666666666666666297e-01,6.666666666666666297e-01
1.000000000000000000e+00,1.000000000000000000e+00,1.000000000000000000e+00,1.000000000000000000e+00,1.000000000000000000e+00,1.000000000000000000e+00,1.000000000000000000e+00,1.000000000000000000e+00,1.000000000000000000e+00,1.000000000000000000e+00,1.000000000000000000e+00,1.000000000000000000e+00,1.000000000000000000e+00,1.000000000000000000e+00,1.000000000000000000e+00,1.000000000000000000e+00,1.000000000000000000e+00,1.000000000000000000e+00,1.000000000000000000e+00,1.000000000000000000e+00,1.000000000000000000e+00,1.000000000000000000e+00,1.000000000000000000e+00,1.000000000000000000e+00,1.000000000000000000e+00,1.000000000000000000e+00,1.000000000000000000e+00,1.000000000000000000e+00,1.000000000000000000e+00,1.000000000000000000e+00,1.000000000000000000e+00,1.000000000000000000e+00,1.000000000000000000e+00,1.000000000000000000e+00,1.000000000000000000e+00,1.000000000000000000e+00,1.000000000000000000e+00,1.000000000000000000e+00,1.000000000000000000e+00,1.000000000000000000e+00,1.000000000000000000e+00,1.000000000000000000e+00,1.000000000000000000e+00,1.000000000000000000e+00,1.000000000000000000e+00,1.000000000000000000e+00,1.000000000000000000e+00,1.000000000000000000e+00,1.000000000000000000e+00,1.000000000000000000e+00,1.000000000000000000e+00,1.000000000000000000e+00,1.000000000000000000e+00,1.000000000000000000e+00,1.000000000000055067e+00,1.000000000012869927e+00,1.000000000325350191e+00,1.000000002178407899e+00,1.000000006141289255e+00,1.000000011752123275e+00,1.000000019071174640e+00,1.000000018424450188e+00,1.000000018706450389e+00,1.000000059544942754e+00,1.000000194383756202e+00,1.000000413993047399e+00,1.000000862523318546e+00,1.000001458445172409e+00,1.000001627136531956e+00,1.000001499825531548e+00,1.000001194936114057e+00,1.000000785710588147e+00,1.000000516113058957e+00,1.000000398481055042e+00,1.000000346386582306e+00,1.000000259758958787e+00,1.000000154409118380e+00,1.000000087094609524e+00,1.000000042022960001e+00,1.000000015334438830e+00,1.000000004809423748e+00,1.000000001138034333e+00,1.000000000137405864e+00,1.000000000004622525e+00,1.000000000000014211e+00,1.000000000000000000e+00,1.000000000000000000e+00,1.000000000000000000e+00,1.000000000000000000e+00,1.000000000000000000e+00,1.000000000000000000e+00,1.000000000000000000e+00,1.000000000000000000e+00,1.000000000000000000e+00,1.000000000000000000e+00,1.000000000000000000e+00,1.000000000000000000e+00,1.000000000000000000e+00,1.000000000000000000e+00,1.000000000000000000e+00
2.666666666666666519e+00,2.666666666666666519e+00,2.666666666666666519e+00,2.666666666666666519e+00,2.666666666666666519e+00,2.666666666666666519e+00,2.666666666666666519e+00,2.666666666666666519e+00,2.666666666666666519e+00,2.666666666666666519e+00,2.666666666666666519e+00,2.666666666666666519e+00,2.666666666666666519e+00,2.666666666666666519e+00,2.666666666666666519e+00,2.666666666666666519e+00,2.666666666666666519e+00,2.666666666666666519e+00,2.666666666666666519e+00,2.666666666666666519e+00,2.666666666666666519e+00,2.666666666666666519e+00,2.666666666666666519e+00,2.666666666666666519e+00,2.666666666666666519e+00,2.666666666666666519e+00,2.666666666666666519e+00,2.666666666666666519e+00,2.666666666666666519e+00,2.666666666666666519e+00,2.666666666666666519e+00,2.666666666666666519e+00,2.666666666666666519e+00,2.666666666666666519e+00,2.666666666666666519e+00,2.666666666666666519e+00,2.666666666666666519e+00,2.666666666666666519e+00,2.666666666666666519e+00,2.666666666666666519e+00,2.666666666666666519e+00,2.666666666666666519e+00,2.666666666666666519e+00,2.666666666666666519e+00,2.666666666666666519e+00,2.666666666666666519e+00,2.666666666666666519e+00,2.666666666666666519e+00,2.666666666666666519e+00,2.666666666666666519e+00,2.666666666666666519e+00,2.666666666666666519e+00,2.666666666666666519e+00,2.666666666666666519e+00,2.666666666666666519e+00,2.666666666666666519e+00,2.666666666666666519e+00,2.666666666666666519e+00,2.666666666666666519e+00,2.666666666666666519e+00,2.666666666666666519e+00,2.666666666666666519e+00,2.666666666666666519e+00,2.666666666666666519e+00,2.666666666666666519e+00,2.666666666666666519e+00,2.666666666666666519e+00,2.666666666666666519e+00,2.666666666666666519e+00,2.666666666666666519e+00,2.666666666666666519e+00,2.666666666666666519e+00,2.666666666666666519e+00,2.666666666666666519e+00,2.666666666666666519e+00,2.666666666666666519e+00,2.666666666666666519e+00,2.666666666666666519e+00,2.666666666666666519e+00,2.666666666666666519e+00,2.666666666666666519e+00,2.666666666666666519e+00,2.666666666666666519e+00,2.666666666666666519e+00,2.666666666666666519e+00,2.666666666666666519e+00,2.666666666666666519e+00,2.666666666666666519e+00,2.666666666666666519e+00,2.666666666666666519e+00,2.666666666666666519e+00,2.666666666666666519e+00,2.666666666666666519e+00,2.666666666666666519e+00,2.666666666666666519e+00,2.666666666666666519e+00,2.666666666666666519e+00,2.666666666666666519e+00,2.666666666666666519e+00,2.666666666666666519e+00
6.666666666666666297e-01,6.666666666666666297e-01,6.666666666666666297e-01,6.666666666666666297e-01,6.666666666666666297e-01,6.666666666666666297e-01,6.666666666666666297e-01,6.666666666666666297e-01,6.666666666666666297e-01,6.666666666666666297e-01,6.666666666666666297e-01,6.666666666666666297e-01,6.666666666666666297e-01,6.666666666666666297e-01,6.666666666666666297e-01,6.666666666666666297e-01,6.666666666666666297e-01,6.666666666666666297e-01,6.666666666666666297e-01,6.666666666666666297e-01,6.666666666666666297e-01,6.666666666666666297e-01,6.666666666666666297e-01,6.666666666666666297e-01,6.666666666666666297e-01,6.666666666666666297e-01,6.666666666666666297e-01,6.666666666666666297e-01,6.666666666666666297e-01,6.666666666666666297e-01,6.666666666666666297e-01,6.666666666666666297e-01,6.666666666666666297e-01,6.666666666666666297e-01,6.666666666666666297e-01,6.666666666666666297e-01,6.666666666666666297e-01,6.666666666666666297e-01,6.666666666666666297e-01,6.666666666666666297e-01,6.666666666666666297e-01,6.666666666666666297e-01,6.666666666666666297e-01,6.666666666666666297e-01,6.666666666666666297e-01,6.666666666666666297e-01,6.666666666666666297e-01,6.666666666666666297e-01,6.666666666666666297e-01,6.666666666666671848e-01,6.666666667737146668e-01,6.666667732437281391e-01,6.666736122667874520e-01,6.667414522996836235e-01,6.668156139711025610e-01,6.667187796871087979e-01,6.666836954254242720e-01,6.666845132352984260e-01,6.666870865527285694e-01,6.666958191653247212e-01,6.666999687550766440e-01,6.666984044668151643e-01,6.667071476231769545e-01,6.667425743843451436e-01,6.668248563131805584e-01,6.669574921389092026e-01,6.670708505378263320e-01,6.670963553082899233e-01,6.670466617405605980e-01,6.669670628431734194e-01,6.668941891986848169e-01,6.668434312068295400e-01,6.668162002352105988e-01,6.667986259647686875e-01,6.667600057106188860e-01,6.667104383420490166e-01,6.666827509939809993e-01,6.666719297881480433e-01,6.666678505140088973e-01,6.666668798233865711e-01,6.666667006111467453e-01,6.666666700551960867e-01,6.666666669112105703e-01,6.666666666692153687e-01,6.666666666666666297e-01,6.666666666666666297e-01,6.666666666666666297e-01,6.666666666666666297e-01,6.666666666666666297e-01,6.666666666666666297e-01,6.666666666666666297e-01,6.666666666666666297e-01,6.666666666666666297e-01,6.666666666666666297e-01,6.666666666666666297e-01,6.666666666666666297e-01,6.666666666666666297e-01,6.666666666666666297e-01,6.666666666666666297e-01,6.666666666666666297e-01
6.666666666666666297e-01,6.666666666666666297e-01,6.666666666666666297e-01,6.666666666666666297e-01,6.666666666666666297e-01,6.666666666666666297e-01,6.666666666666666297e-01,6.666666666666666297e-01,6.666666666666666297e-01,6.666666666666666297e-01,6.666666666666666297e-01,6.666666666666666297e-01,6.666666666666666297e-01,6.666666666666666297e-01,6.666666666666666297e-01,6.666666666666666297e-01,6.666666666666666297e-01,6.666666666666666297e-01,6.666666666666666297e-01,6.666666666666666297e-01,6.666666666666666297e-01,6.666666666666666297e-01,6.666666666666666297e-01,6.666666666666666297e-01,6.666666666666666297e-01,6.666666666666666297e-01,6.666666666666666297e-01,6.666666666666666297e-01,6.666666666666666297e-01,6.666666666666666297e-01,6.666666666666666297e-01,6.666666666666666297e-01,6.666666666666666297e-01,6.666666666666666297e-01,6.666666666666666297e-01,6.666666666666666297e-01,6.666666666666666297e-01,6.666666666666666297e-01,6.666666666666666297e-01,6.666666666666666297e-01,6.666666666666666297e-01,6.666666666666666297e-01,6.666666666666666297e-01,6.666666666666666297e-01,6.666666666666666297e-01,6.666666666666666297e-01,6.666666666666666297e-01,6.666666666666666297e-01,6.666666666666666297e-01,6.666666666666666297e-01,6.666666666666666297e-01,6.666666666666666297e-01,6.666666666666666297e-01,6.666666666666878349e-01,6.666666666796043916e-01,6.666666684120661213e-01,6.666667221995590253e-01,6.666671869841228615e-01,6.666687629326993880e-01,6.666729454428882429e-01,6.666827807043749221e-01,6.666999259543662237e-01,6.667180114171653571e-01,6.667368148387275983e-01,6.667902252952174758e-01,6.668684322276191567e-01,6.669097861716313247e-01,6.669160943602749914e-01,6.668695043293514368e-01,6.668087768393948789e-01,6.667473073017609053e-01,6.667145499020314947e-01,6.667142386923243791e-01,6.667215622741383685e-01,6.667369661036511852e-01,6.667619382639339287e-01,6.667722276267420423e-01,6.667573217792421847e-01,6.667255726851016862e-01,6.666956937118435622e-01,6.666780521638524526e-01,6.666691275727807398e-01,6.666667940924677627e-01,6.666666671808766376e-01,6.666666666666807295e-01,6.666666666666666297e-01,6.666666666666666297e-01,6.666666666666666297e-01,6.666666666666666297e-01,6.666666666666666297e-01,6.666666666666666297e-01,6.666666666666666297e-01,6.666666666666666297e-01,6.666666666666666297e-01,6.666666666666666297e-01,6.666666666666666297e-01,6.666666666666666297e-01,6.666666666666666297e-01,6.666666666666666297e-01,6.666666666666666297e-01
6.666666666666666297e-01,6.666666666666666297e-01,6.666666666666666297e-01,6.666666666666666297e-01,6.666666666666666297e-01,6.666666666666666297e-01,6.666666666666666297e-01,6.666666666666666297e-01,6.666666666666666297e-01,6.666666666666666297e-01,6.666666666666666297e-01,6.666666666666666297e-01,6.666666666666666297e-01,6.666666666666666297e-01,6.666666666666666297e-01,6.666666666666666297e-01,6.666666666666666297e-01,6.666666666666666297e-01,6.666666666666666297e-01,6.666666666666666297e-01,6.666666666666666297e-01,6.666666666666666297e-01,6.666666666666666297e-01,6.666666666666666297e-01,6.666666666666666297e-01,6.666666666666666297e-01,6.666666666666666297e-01,6.666666666666666297e-01,6.666666666666666297e-01,6.666666666666666297e-01,6.666666666666666297e-01,6.666666666666666297e-01,6.666666666666666297e-01,6.666666666666666297e-01,6.666666666666666297e-01,6.666666666666666297e-01,6.666666666666666297e-01,6.666666666666666297e-01,6.666666666666666297e-01,6.666666666666666297e-01,6.666666666666666297e-01,6.666666666666666297e-01,6.666666666666666297e-01,6.666666666666666297e-01,6.666666666666666297e-01,6.666666666666666297e-01,6.666666666666666297e-01,6.666666666666666297e-01,6.666666666666666297e-01,6.666666666666666297e-01,6.666666666666666297e-01,6.666666666666666297e-01,6.666666666667483421e-01,6.666666667109628630e-01,6.666666683280166872e-01,6.666666758610413357e-01,6.666666864000606596e-01,6.666666991145282495e-01,6.666667026582064892e-01,6.666666908336031927e-01,6.666666949230650729e-01,6.666667229471603395e-01,6.666667268711262695e-01,6.666667117156173106e-01,6.666667216017305719e-01,6.666667861376309734e-01,6.666668953686221144e-01,6.666670841842800010e-01,6.666674741102168733e-01,6.666677898212001185e-01,6.666678448724521200e-01,6.666677006095198532e-01,6.666674275286618156e-01,6.666671729925953693e-01,6.666669996761906969e-01,6.666669062546379809e-01,6.666668402309851027e-01,6.666667633582190611e-01,6.666667027817732016e-01,6.666666752335466128e-01,6.666666681708456332e-01,6.666666669453019667e-01,6.666666667145311198e-01,6.666666666702749655e-01,6.666666666667206975e-01,6.666666666666667407e-01,6.666666666666666297e-01,6.666666666666666297e-01,6.666666666666666297e-01,6.666666666666666297e-01,6.666666666666666297e-01,6.666666666666666297e-01,6.666666666666666297e-01,6.666666666666666297e-01,6.666666666666666297e-01,6.666666666666666297e-01,6.666666666666666297e-01,6.666666666666666297e-01,6.666666666666666297e-01,6.666666666666666297e-01
1.000000000000000000e+00,1.000000000000000000e+00,1.000000000000000000e+00,1.000000000000000000e+00,1.000000000000000000e+00,1.000000000000000000e+00,1.000000000000000000e+00,1.000000000000000000e+00,1.000000000000000000e+00,1.000000000000000000e+00,1.000000000000000000e+00,1.000000000000000000e+00,1.000000000000000000e+00,1.000000000000000000e+00,1.000000000000000000e+00,1.000000000000000000e+00,1.000000000000000000e+00,1.000000000000000000e+00,1.000000000000000000e+00,1.000000000000000000e+00,1.000000000000000000e+00,1.000000000000000000e+00,1.000000000000000000e+00,1.000000000000000000e+00,1.000000000000000000e+00,1.000000000000000000e+00,1.000000000000000000e+00,1.000000000000000000e+00,1.000000000000000000e+00,1.000000000000000000e+00,1.000000000000000000e+00,1.000000000000000000e+00,1.000000000000000000e+00,1.000000000000000000e+00,1.000000000000000000e+00,1.000000000000000000e+00,1.000000000000000000e+00,1.000000000000000000e+00,1.000000000000000000e+00,1.000000000000000000e+00,1.000000000000000000e+00,1.000000000000000000e+00,1.000000000000000000e+00,1.000000000000000000e+00,1.000000000000000000e+00,1.000000000000000000e+00,1.000000000000000000e+00,1.000000000000000000e+00,1.000000000000000000e+00,1.000000000000000000e+00,1.000000000000000000e+00,1.000000000000000000e+00,1.000000000000000000e+00,1.000000000000036859e+00,1.000000000008202550e+00,1.000000000165556013e+00,1.000000001254842674e+00,1.000000004425692923e+00,1.000000010039835185e+00,1.000000018718053774e+00,1.000000033550537015e+00,1.000000059724489354e+00,1.000000090203381875e+00,1.000000139252829490e+00,1.000000212333092886e+00,1.000000294531363076e+00,1.000000281916101796e+00,1.000000260030515120e+00,1.000000315402294060e+00,1.000000274620998608e+00,1.000000226421282834e+00,1.000000300706646472e+00,1.000000490864754177e+00,1.000000680689871801e+00,1.000000638024291177e+00,1.000000360228360252e+00,1.000000129487043976e+00,1.000000034609408006e+00,1.000000007655302614e+00,1.000000001952500828e+00,1.000000000467366812e+00,1.000000000042897241e+00,1.000000000000631495e+00,1.000000000000000000e+00,1.000000000000000000e+00,1.000000000000000000e+00,1.000000000000000000e+00,1.000000000000000000e+00,1.000000000000000000e+00,1.000000000000000000e+00,1.000000000000000000e+00,1.000000000000000000e+00,1.000000000000000000e+00,1.000000000000000000e+00,1.000000000000000000e+00,1.000000000000000000e+00,1.000000000000000000e+00,1.000000000000000000e+00,1.000000000000000000e+00,1.000000000000000000e+00
1.333333333333333259e+00,1.333333333333333259e+00,1.333333333333333259e+00,1.333333333333333259e+00,1.333333333333333259e+00,1.333333333333333259e+00,1.333333333333333259e+00,1.333333333333333259e+00,1.333333333333333259e+00,1.333333333333333259e+00,1.333333333333333259e+00,1.333333333333333259e+00,1.333333333333333259e+00,1.333333333333333259e+00,1.333333333333333259e+00,1.333333333333333259e+00,1.333333333333333259e+00,1.333333333333333259e+00,1.333333333333333259e+00,1.333333333333333259e+00,1.333333333333333259e+00,1.333333333333333259e+00,1.333333333333333259e+00,1.333333333333333259e+00,1.333333333333333259e+00,1.333333333333333259e+00,1.333333333333333259e+00,1.333333333333333259e+00,1.333333333333333259e+00,1.333333333333333259e+00,1.333333333333333259e+00,1.333333333333333259e+00,1.333333333333333259e+00,1.333333333333333259e+00,1.333333333333333259e+00,1.333333333333333259e+00,1.333333333333333259e+00,1.333333333333333259e+00,1.333333333333333259e+00,1.333333333333333259e+00,1.333333333333333259e+00,1.333333333333333259e+00,1.333333333333333259e+00,1.333333333333333259e+00,1.333333333333333259e+00,1.333333333333333259e+00,1.333333333333333259e+00,1.333333333333333259e+00,1.333333333333333259e+00,1.333333333333333259e+00,1.333333333333333259e+00,1.333333333333338588e+00,1.333333333336047755e+00,1.333333333479760352e+00,1.333333335682035159e+00,1.333333349832473980e+00,1.333333409662286195e+00,1.333333645230206699e+00,1.333334272474736792e+00,1.333335225061992535e+00,1.333336013934932840e+00,1.333336162575263995e+00,1.333335648504181847e+00,1.333334874752049481e+00,1.333334187380922353e+00,1.333333780338636920e+00,1.333333625131214228e+00,1.333333604794242344e+00,1.333333681691101891e+00,1.333333792832485987e+00,1.333333828316607406e+00,1.333333754225213719e+00,1.333333637588166143e+00,1.333333537987045014e+00,1.333333462718332196e+00,1.333333404933874533e+00,1.333333364810021182e+00,1.333333343054468045e+00,1.333333335474893300e+00,1.333333333664846965e+00,1.333333333357144213e+00,1.333333333333881487e+00,1.333333333333336812e+00,1.333333333333333259e+00,1.333333333333333259e+00,1.333333333333333259e+00,1.333333333333333259e+00,1.333333333333333259e+00,1.333333333333333259e+00,1.333333333333333259e+00,1.333333333333333259e+00,1.333333333333333259e+00,1.333333333333333259e+00,1.333333333333333259e+00,1.333333333333333259e+00,1.333333333333333259e+00,1.333333333333333259e+00,1.333333333333333259e+00,1.333333333333333259e+00,1.333333333333333259e+00
1.000000000000000000e+00,1.000000000000000000e+00,1.000000000000000000e+00,1.000000000000000000e+00,1.000000000000000000e+00,1.000000000000000000e+00,1.000000000000000000e+00,1.000000000000000000e+00,1.000000000000000000e+00,1.000000000000000000e+00,1.000000000000000000e+00,1.000000000000000000e+00,1.000000000000000000e+00,1.000000000000000000e+00,1.000000000000000000e+00,1.000000000000000000e+00,1.000000000000000000e+00,1.000000000000000000e+00,1.000000000000000000e+00,1.000000000000000000e+00,1.000000000000000000e+00,1.000000000000000000e+00,1.000000000000000000e+00,1.000000000000000000e+00,1.000000000000000000e+00,1.000000000000000000e+00,1.000000000000000000e+00,1.000000000000000000e+00,1.000000000000000000e+00,1.000000000000000000e+00,1.000000000000000000e+00,1.000000000000000000e+00,1.000000000000000000e+00,1.000000000000000000e+00,1.000000000000000000e+00,1.000000000000000000e+00,1.000000000000000000e+00,1.000000000000000000e+00,1.000000000000000000e+00,1.000000000000000000e+00,1.000000000000000000e+00,1.000000000000000000e+00,1.000000000000000000e+00,1.000000000000000000e+00,1.000000000000000000e+00,1.000000000000000000e+00,1.000000000000000000e+00,1.000000000000000000e+00,1.000000000000000000e+00,1.000000000000000000e+00,1.000000000000000000e+00,1.000000000000000000e+00,1.000000000000002665e+00,1.000000000001048051e+00,1.000000000052536198e+00,1.000000001078845457e+00,1.000000005944580606e+00,1.000000019008246310e+00,1.000000048446604284e+00,1.000000097749259798e+00,1.000000281673264269e+00,1.000000649775990791e+00,1.000000875571118053e+00,1.000001228495165151e+00,1.000001749869674939e+00,1.000002518584095279e+00,1.000003816796905864e+00,1.000004963755607656e+00,1.000005766373084359e+00,1.000005634804807642e+00,1.000004033646436641e+00,1.000001939898046199e+00,1.000000925840760946e+00,1.000000767658485445e+00,1.000000718016598178e+00,1.000000552275829735e+00,1.000000449519939494e+00,1.000000352844793827e+00,1.000000203756630013e+00,1.000000076696062834e+00,1.000000016240746081e+00,1.000000002285194034e+00,1.000000000241454856e+00,1.000000000008434586e+00,1.000000000000019762e+00,1.000000000000000000e+00,1.000000000000000000e+00,1.000000000000000000e+00,1.000000000000000000e+00,1.000000000000000000e+00,1.000000000000000000e+00,1.000000000000000000e+00,1.000000000000000000e+00,1.000000000000000000e+00,1.000000000000000000e+00,1.000000000000000000e+00,1.000000000000000000e+00,1.000000000000000000e+00,1.000000000000000000e+00,1.000000000000000000e+00
6.666666666666666297e-01,6.666666666666666297e-01,6.666666666666666297e-01,6.666666666666666297e-01,6.666666666666666297e-01,6.666666666666666297e-01,6.666666666666666297e-01,6.666666666666666297e-01,6.666666666666666297e-01,6.666666666666666297e-01,6.666666666666666297e-01,6.666666666666666297e-01,6.666666666666666297e-01,6.666666666666666297e-01,6.666666666666666297e-01,6.666666666666666297e-01,6.666666666666666297e-01,6.666666666666666297e-01,6.666666666666666297e-01,6.666666666666666297e-01,6.666666666666666297e-01,6.666666666666666297e-01,6.666666666666666297e-01,6.666666666666666297e-01,6.666666666666666297e-01,6.666666666666666297e-01,6.666666666666666297e-01,6.666666666666666297e-01,6.666666666666666297e-01,6.666666666666666297e-01,6.666666666666666297e-01,6.666666666666666297e-01,6.666666666666666297e-01,6.666666666666666297e-01,6.666666666666666297e-01,6.666666666666666297e-01,6.666666666666666297e-01,6.666666666666666297e-01,6.666666666666666297e-01,6.666666666666666297e-01,6.666666666666666297e-01,6.666666666666666297e-01,6.666666666666666297e-01,6.666666666666666297e-01,6.666666666666666297e-01,6.666666666666666297e-01,6.666666666666666297e-01,6.666666666666666297e-01,6.666666666666666297e-01,6.666666666666666297e-01,6.666666666666666297e-01,6.666666672970783525e-01,6.666668583656980562e-01,6.666682037222791957e-01,6.666700315410279964e-01,6.666733242681830429e-01,6.666802437889287614e-01,6.666957757167031318e-01,6.667184110959023524e-01,6.667258244201487161e-01,6.667092028801637760e-01,6.667002621267541507e-01,6.667085625484048261e-01,6.667357755867431290e-01,6.668061394150226473e-01,6.669122506445610554e-01,6.669668978610917565e-01,6.670015432125737664e-01,6.669991135041120067e-01,6.669486820689054518e-01,6.669198839225396469e-01,6.668854056222912607e-01,6.668534764845628349e-01,6.668145294998841788e-01,6.667554232628508659e-01,6.667139189132488264e-01,6.666906808471454449e-01,6.666764435597700711e-01,6.666689597597579287e-01,6.666669439133832142e-01,6.666667082448476389e-01,6.666666724001011346e-01,6.666666667288640991e-01,6.666666666666667407e-01,6.666666666666666297e-01,6.666666666666666297e-01,6.666666666666666297e-01,6.666666666666666297e-01,6.666666666666666297e-01,6.666666666666666297e-01,6.666666666666666297e-01,6.666666666666666297e-01,6.666666666666666297e-01,6.666666666666666297e-01,6.666666666666666297e-01,6.666666666666666297e-01,6.666666666666666297e-01,6.666666666666666297e-01,6.666666666666666297e-01,6.666666666666666297e-01
1.333333333333333259e+00,1.333333333333333259e+00,1.333333333333333259e+00,1.333333333333333259e+00,1.333333333333333259e+00,1.333333333333333259e+00,1.333333333333333259e+00,1.333333333333333259e+00,1.333333333333333259e+00,1.333333333333333259e+00,1.333333333333333259e+00,1.333333333333333259e+00,1.333333333333333259e+00,1.333333333333333259e+00,1.333333333333333259e+00,1.333333333333333259e+00,1.333333333333333259e+00,1.333333333333333259e+00,1.333333333333333259e+00,1.333333333333333259e+00,1.333333333333333259e+00,1.333333333333333259e+00,1.333333333333333259e+00,1.333333333333333259e+00,1.333333333333333259e+00,1.333333333333333259e+00,1.333333333333333259e+00,1.333333333333333259e+00,1.333333333333333259e+00,1.333333333333333259e+00,1.333333333333333259e+00,1.333333333333333259e+00,1.333333333333333259e+00,1.333333333333333259e+00,1.333333333333333259e+00,1.333333333333333259e+00,1.333333333333333259e+00,1.333333333333333259e+00,1.333333333333333259e+00,1.333333333333333259e+00,1.333333333333333259e+00,1.333333333333333259e+00,1.333333333333333259e+00,1.333333333333333259e+00,1.333333333333333259e+00,1.333333333333333259e+00,1.333333333333333259e+00,1.333333333333333259e+00,1.333333333333333259e+00,1.333333333333333259e+00,1.333333333333333259e+00,1.333333333333333259e+00,1.333333333333333259e+00,1.333333333333333259e+00,1.333333333333333259e+00,1.333333333333333481e+00,1.333333333334465021e+00,1.333333333455877012e+00,1.333333335193461977e+00,1.333333342601408233e+00,1.333333356211356513e+00,1.333333365330134024e+00,1.333333359820242814e+00,1.333333346911622197e+00,1.333333339005630558e+00,1.333333336675851299e+00,1.333333336864818586e+00,1.333333344104058016e+00,1.333333381056701850e+00,1.333333468211823192e+00,1.333333603425169267e+00,1.333333761882232738e+00,1.333333916727130752e+00,1.333333977769893375e+00,1.333333820347477827e+00,1.333333619207871523e+00,1.333333474272713426e+00,1.333333384723987436e+00,1.333333345434049022e+00,1.333333334229370504e+00,1.333333333340307902e+00,1.333333333333334814e+00,1.333333333333333259e+00,1.333333333333333259e+00,1.333333333333333259e+00,1.333333333333333259e+00,1.333333333333333259e+00,1.333333333333333259e+00,1.333333333333333259e+00,1.333333333333333259e+00,1.333333333333333259e+00,1.333333333333333259e+00,1.333333333333333259e+00,1.333333333333333259e+00,1.333333333333333259e+00,1.333333333333333259e+00,1.333333333333333259e+00,1.333333333333333259e+00,1.333333333333333259e+00,1.333333333333333259e+00
1.333333333333333259e+00,1.333333333333333259e+00,1.333333333333333259e+00,1.333333333333333259e+00,1.333333333333333259e+00,1.333333333333333259e+00,1.333333333333333259e+00,1.333333333333333259e+00,1.333333333333333259e+00,1.333333333333333259e+00,1.333333333333333259e+00,1.333333333333333259e+00,1.333333333333333259e+00,1.333333333333333259e+00,1.333333333333333259e+00,1.333333333333333259e+00,1.333333333333333259e+00,1.333333333333333259e+00,1.333333333333333259e+00,1.333333333333333259e+00,1.333333333333333259e+00,1.333333333333333259e+00,1.333333333333333259e+00,1.333333333333333259e+00,1.333333333333333259e+00,1.333333333333333259e+00,1.333333333333333259e+00,1.333333333333333259e+00,1.333333333333333259e+00,1.333333333333333259e+00,1.333333333333333259e+00,1.333333333333333259e+00,1.333333333333333259e+00,1.333333333333333259e+00,1.333333333333333259e+00,1.333333333333333259e+00,1.333333333333333259e+00,1.333333333333333259e+00,1.333333333333333259e+00,1.333333333333333259e+00,1.333333333333333259e+00,1.333333333333333259e+00,1.333333333333333259e+00,1.333333333333333259e+00,1.333333333333333259e+00,1.333333333333333259e+00,1.333333333333333259e+00,1.333333333333333259e+00,1.333333333333333259e+00,1.333333333333333259e+00,1.333333333333333259e+00,1.333333333333566850e+00,1.333333333368551532e+00,1.333333334019650707e+00,1.333333336870055508e+00,1.333333341947777528e+00,1.333333349859883832e+00,1.333333354564702145e+00,1.333333346890210436e+00,1.333333349519776556e+00,1.333333378534387492e+00,1.333333421516532891e+00,1.333333497579133331e+00,1.333333708941127238e+00,1.333334208817497535e+00,1.333334429245877306e+00,1.333334640433700535e+00,1.333335520789986406e+00,1.333335793893835497e+00,1.333335282774747110e+00,1.333334743498759689e+00,1.333334380717662082e+00,1.333334072667826442e+00,1.333333808446412805e+00,1.333333637712000419e+00,1.333333525016362486e+00,1.333333412658011863e+00,1.333333347389144663e+00,1.333333334728521224e+00,1.333333333428587508e+00,1.333333333334614013e+00,1.333333333333334370e+00,1.333333333333333259e+00,1.333333333333333259e+00,1.333333333333333259e+00,1.333333333333333259e+00,1.333333333333333259e+00,1.333333333333333259e+00,1.333333333333333259e+00,1.333333333333333259e+00,1.333333333333333259e+00,1.333333333333333259e+00,1.333333333333333259e+00,1.333333333333333259e+00,1.333333333333333259e+00,1.333333333333333259e+00,1.333333333333333259e+00,1.333333333333333259e+00,1.333333333333333259e+00,1.333333333333333259e+00
1.333333333333333259e+00,1.333333333333333259e+00,1.333333333333333259e+00,1.333333333333333259e+00,1.333333333333333259e+00,1.333333333333333259e+00,1.333333333333333259e+00,1.333333333333333259e+00,1.333333333333333259e+00,1.333333333333333259e+00,1.333333333333333259e+00,1.333333333333333259e+00,1.333333333333333259e+00,1.333333333333333259e+00,1.333333333333333259e+00,1.333333333333333259e+00,1.333333333333333259e+00,1.333333333333333259e+00,1.333333333333333259e+00,1.333333333333333259e+00,1.333333333333333259e+00,1.333333333333333259e+00,1.333333333333333259e+00,1.333333333333333259e+00,1.333333333333333259e+00,1.333333333333333259e+00,1.333333333333333259e+00,1.333333333333333259e+00,1.333333333333333259e+00,1.333333333333333259e+00,1.333333333333333259e+00,1.333333333333333259e+00,1.333333333333333259e+00,1.333333333333333259e+00,1.333333333333333259e+00,1.333333333333333259e+00,1.333333333333333259e+00,1.333333333333333259e+00,1.333333333333333259e+00,1.333333333333333259e+00,1.333333333333333259e+00,1.333333333333333259e+00,1.333333333333333259e+00,1.333333333333333259e+00,1.333333333333333259e+00,1.333333333333333259e+00,1.333333333333333259e+00,1.333333333333333259e+00,1.333333333333333259e+00,1.333333333333333259e+00,1.333333333333333259e+00,1.333333333333333259e+00,1.333333333333333259e+00,1.333333333333333259e+00,1.333333333333333259e+00,1.333333333333333259e+00,1.333333333333333259e+00,1.333333333333333259e+00,1.333333333335227744e+00,1.333333334017541283e+00,1.333333349084964370e+00,1.333333432078389613e+00,1.333333706978579558e+00,1.333334239890768824e+00,1.333334550711948285e+00,1.333334365913667607e+00,1.333333968429135208e+00,1.333333582153753527e+00,1.333333398651744384e+00,1.333333354230978873e+00,1.333333343892757705e+00,1.333333348508726424e+00,1.333333393422220237e+00,1.333333524368896628e+00,1.333333686789622607e+00,1.333333753962963275e+00,1.333333663052875595e+00,1.333333479543115985e+00,1.333333358914789324e+00,1.333333334060659681e+00,1.333333333333815318e+00,1.333333333333333259e+00,1.333333333333333259e+00,1.333333333333333259e+00,1.333333333333333259e+00,1.333333333333333259e+00,1.333333333333333259e+00,1.333333333333333259e+00,1.333333333333333259e+00,1.333333333333333259e+00,1.333333333333333259e+00,1.333333333333333259e+00,1.333333333333333259e+00,1.333333333333333259e+00,1.333333333333333259e+00,1.333333333333333259e+00,1.333333333333333259e+00,1.333333333333333259e+00,1.333333333333333259e+00,1.333333333333333259e+00
2.000000000000000000e+00,2.000000000000000000e+00,2.000000000000000000e+00,2.000000000000000000e+00,2.000000000000000000e+00,2.000000000000000000e+00,2.000000000000000000e+00,2.000000000000000000e+00,2.000000000000000000e+00,2.000000000000000000e+00,2.000000000000000000e+00,2.000000000000000000e+00,2.000000000000000000e+00,2.000000000000000000e+00,2.000000000000000000e+00,2.000000000000000000e+00,2.000000000000000000e+00,2.000000000000000000e+00,2.000000000000000000e+00,2.000000000000000000e+00,2.000000000000000000e+00,2.000000000000000000e+00,2.000000000000000000e+00,2.000000000000000000e+00,2.000000000000000000e+00,2.000000000000000000e+00,2.000000000000000000e+00,2.000000000000000000e+00,2.000000000000000000e+00,2.000000000000000000e+00,2.000000000000000000e+00,2.000000000000000000e+00,2.000000000000000000e+00,2.000000000000000000e+00,2.000000000000000000e+00,2.000000000000000000e+00,2.000000000000000000e+00,2.000000000000000000e+00,2.000000000000000000e+00,2.000000000000000000e+00,2.000000000000000000e+00,2.000000000000000000e+00,2.000000000000000000e+00,2.000000000000000000e+00,2.000000000000000000e+00,2.000000000000000000e+00,2.000000000000000000e+00,2.000000000000000000e+00,2.000000000000000000e+00,2.000000000000000000e+00,2.000000000000000000e+00,2.000000000000000000e+00,2.000000000000114575e+00,2.000000000148628665e+00,2.000000015110721119e+00,2.000000341604128540e+00,2.000002288188345023e+00,2.000006690157349443e+00,2.000014691761009988e+00,2.000028986991551072e+00,2.000043662772319486e+00,2.000046629402204790e+00,2.000037191845278617e+00,2.000024620445850498e+00,2.000015016825956060e+00,2.000008983308864785e+00,2.000006263922724514e+00,2.000006470776184653e+00,2.000010066272832177e+00,2.000019920105954085e+00,2.000036223735777607e+00,2.000045628882838766e+00,2.000037685439806090e+00,2.000024354002564841e+00,2.000014099561568504e+00,2.000005472531733552e+00,2.000001189044592120e+00,2.000000219576886007e+00,2.000000035375795182e+00,2.000000002070201788e+00,2.000000000019102053e+00,2.000000000000045741e+00,2.000000000000000888e+00,2.000000000000000000e+00,2.000000000000000000e+00,2.000000000000000000e+00,2.000000000000000000e+00,2.000000000000000000e+00,2.000000000000000000e+00,2.000000000000000000e+00,2.000000000000000000e+00,2.000000000000000000e+00,2.000000000000000000e+00,2.000000000000000000e+00,2.000000000000000000e+00,2.000000000000000000e+00,2.000000000000000000e+00,2.000000000000000000e+00,2.000000000000000000e+00,2.000000000000000000e+00
1.666666666666666741e+00,1.666666666666666741e+00,1.666666666666666741e+00,1.666666666666666741e+00,1.666666666666666741e+00,1.666666666666666741e+00,1.666666666666666741e+00,1.666666666666666741e+00,1.666666666666666741e+00,1.666666666666666741e+00,1.666666666666666741e+00,1.666666666666666741e+00,1.666666666666666741e+00,1.666666666666666741e+00,1.666666666666666741e+00,1.666666666666666741e+00,1.666666666666666741e+00,1.666666666666666741e+00,1.666666666666666741e+00,1.666666666666666741e+00,1.666666666666666741e+00,1.666666666666666741e+00,1.666666666666666741e+00,1.666666666666666741e+00,1.666666666666666741e+00,1.666666666666666741e+00,1.666666666666666741e+00,1.666666666666666741e+00,1.666666666666666741e+00,1.666666666666666741e+00,1.666666666666666741e+00,1.666666666666666741e+00,1.666666666666666741e+00,1.666666666666666741e+00,1.666666666666666741e+00,1.666666666666666741e+00,1.666666666666666741e+00,1.666666666666666741e+00,1.666666666666666741e+00,1.666666666666666741e+00,1.666666666666666741e+00,1.666666666666666741e+00,1.666666666666666741e+00,1.666666666666666741e+00,1.666666666666666741e+00,1.666666666666666741e+00,1.666666666666666741e+00,1.666666666666666741e+00,1.666666666666666741e+00,1.666666666666666741e+00,1.666666666666666741e+00,1.666666666666666741e+00,1.666666666666666741e+00,1.666666666666666741e+00,1.666666666666666741e+00,1.666666666667042662e+00,1.666666667026232451e+00,1.666666696647307599e+00,1.666667310645387534e+00,1.666672638880163149e+00,1.666694826109409888e+00,1.666739345631401026e+00,1.666783899467007002e+00,1.666800147680018496e+00,1.666772117444051959e+00,1.666719017593967012e+00,1.666683599385785808e+00,1.666671355830680934e+00,1.666668298092998546e+00,1.666667733008750707e+00,1.666668208799286566e+00,1.666669451006610458e+00,1.666669976235682915e+00,1.666668858970280942e+00,1.666667580649319191e+00,1.666666927826074618e+00,1.666666714551144901e+00,1.666666673040599678e+00,1.666666667718272876e+00,1.666666666913461103e+00,1.666666666713734646e+00,1.666666666670984842e+00,1.666666666666762664e+00,1.666666666666666741e+00,1.666666666666666741e+00,1.666666666666666741e+00,1.666666666666666741e+00,1.666666666666666741e+00,1.666666666666666741e+00,1.666666666666666741e+00,1.666666666666666741e+00,1.666666666666666741e+00,1.666666666666666741e+00,1.666666666666666741e+00,1.666666666666666741e+00,1.666666666666666741e+00,1.666666666666666741e+00,1.666666666666666741e+00,1.666666666666666741e+00,1.666666666666666741e+00
2.000000000000000000e+00,2.000000000000000000e+00,2.000000000000000000e+00,2.000000000000000000e+00,2.000000000000000000e+00,2.000000000000000000e+00,2.000000000000000000e+00,2.000000000000000000e+00,2.000000000000000000e+00,2.000000000000000000e+00,2.000000000000000000e+00,2.000000000000000000e+00,2.000000000000000000e+00,2.000000000000000000e+00,2.000000000000000000e+00,2.000000000000000000e+00,2.000000000000000000e+00,2.000000000000000000e+00,2.000000000000000000e+00,2.000000000000000000e+00,2.000000000000000000e+00,2.000000000000000000e+00,2.000000000000000000e+00,2.000000000000000000e+00,2.000000000000000000e+00,2.000000000000000000e+00,2.000000000000000000e+00,2.000000000000000000e+00,2.000000000000000000e+00,2.000000000000000000e+00,2.000000000000000000e+00,2.000000000000000000e+00,2.000000000000000000e+00,2.000000000000000000e+00,2.000000000000000000e+00,2.000000000000000000e+00,2.000000000000000000e+00,2.000000000000000000e+00,2.000000000000000000e+00,2.000000000000000000e+00,2.000000000000000000e+00,2.000000000000000000e+00,2.000000000000000000e+00,2.000000000000000000e+00,2.000000000000000000e+00,2.000000000000000000e+00,2.000000000000000000e+00,2.000000000000000000e+00,2.000000000000000000e+00,2.000000000000000000e+00,2.000000000000000000e+00,2.000000000000192291e+00,2.000000000059991567e+00,2.000000001301422969e+00,2.000000010019399532e+00,2.000000052202464573e+00,2.000000187308496269e+00,2.000000528754951379e+00,2.000001340835999120e+00,2.000002990157214722e+00,2.000005622181908915e+00,2.000010295267318661e+00,2.000026797163434455e+00,2.000038442152593632e+00,2.000040678873622024e+00,2.000129629208557525e+00,2.000322073980707049e+00,2.000331931066833047e+00,2.000215884698930857e+00,2.000112301917702506e+00,2.000052017643362934e+00,2.000018551918460563e+00,2.000005052469076894e+00,2.000002031203753194e+00,2.000001400317021893e+00,2.000000486880861850e+00,2.000000049182680151e+00,2.000000001976347086e+00,2.000000000025289104e+00,2.000000000000031974e+00,2.000000000000000000e+00,2.000000000000000000e+00,2.000000000000000000e+00,2.000000000000000000e+00,2.000000000000000000e+00,2.000000000000000000e+00,2.000000000000000000e+00,2.000000000000000000e+00,2.000000000000000000e+00,2.000000000000000000e+00,2.000000000000000000e+00,2.000000000000000000e+00,2.000000000000000000e+00,2.000000000000000000e+00,2.000000000000000000e+00,2.000000000000000000e+00,2.000000000000000000e+00,2.000000000000000000e+00,2.000000000000000000e+00,2.000000000000000000e+00
6.666666666666666297e-01,6.666666666666666297e-01,6.666666666666666297e-01,6.666666666666666297e-01,6.666666666666666297e-01,6.666666666666666297e-01,6.666666666666666297e-01,6.666666666666666297e-01,6.666666666666666297e-01,6.666666666666666297e-01,6.666666666666666297e-01,6.666666666666666297e-01,6.666666666666666297e-01,6.666666666666666297e-01,6.666666666666666297e-01,6.666666666666666297e-01,6.666666666666666297e-01,6.666666666666666297e-01,6.666666666666666297e-01,6.666666666666666297e-01,6.666666666666666297e-01,6.666666666666666297e-01,6.666666666666666297e-01,6.666666666666666297e-01,6.666666666666666297e-01,6.666666666666666297e-01,6.666666666666666297e-01,6.666666666666666297e-01,6.666666666666666297e-01,6.666666666666666297e-01,6.666666666666666297e-01,6.666666666666666297e-01,6.666666666666666297e-01,6.666666666666666297e-01,6.666666666666666297e-01,6.666666666666666297e-01,6.666666666666666297e-01,6.666666666666666297e-01,6.666666666666666297e-01,6.666666666666666297e-01,6.666666666666666297e-01,6.666666666666666297e-01,6.666666666666666297e-01,6.666666666666666297e-01,6.666666666666666297e-01,6.666666666666666297e-01,6.666666666666666297e-01,6.666666666666666297e-01,6.666666666666666297e-01,6.666666666666666297e-01,6.666666666666666297e-01,6.666666666666666297e-01,6.666666666666666297e-01,6.666666666752020243e-01,6.666666698115905065e-01,6.666667164036006454e-01,6.666668368014614376e-01,6.666669726959951747e-01,6.666671058808600892e-01,6.666671293282214750e-01,6.666671079130647160e-01,6.666670869759326878e-01,6.666674903911854466e-01,6.666688050474081084e-01,6.666718210019160207e-01,6.666776518225150383e-01,6.666784511463720309e-01,6.666731548041959776e-01,6.666714986783441876e-01,6.666794848863646372e-01,6.667081699890738955e-01,6.667539566879875368e-01,6.667955400756367945e-01,6.668361904738914214e-01,6.668392706368507783e-01,6.667684047986442986e-01,6.667035758627399833e-01,6.666795514003892587e-01,6.666712218338222140e-01,6.666675850319725427e-01,6.666668017763389686e-01,6.666666766149554890e-01,6.666666667115104250e-01,6.666666666666667407e-01,6.666666666666666297e-01,6.666666666666666297e-01,6.666666666666666297e-01,6.666666666666666297e-01,6.666666666666666297e-01,6.666666666666666297e-01,6.666666666666666297e-01,6.666666666666666297e-01,6.666666666666666297e-01,6.666666666666666297e-01,6.666666666666666297e-01,6.666666666666666297e-01,6.666666666666666297e-01,6.666666666666666297e-01,6.666666666666666297e-01,6.666666666666666297e-01
1.000000000000000000e+00,1.000000000000000000e+00,1.000000000000000666e+00,1.000000000000000666e+00,1.000000000000000888e+00,1.000000000000001110e+00,1.000000000000001110e+00,1.000000000000001110e+00,1.000000000000001110e+00,1.000000000000001110e+00,1.000000000000001110e+00,1.000000000000001110e+00,1.000000000000001110e+00,1.000000000000001110e+00,1.000000000000001110e+00,1.000000000000001110e+00,1.000000000000001110e+00,1.000000000000001110e+00,1.000000000000001110e+00,1.000000000000001110e+00,1.000000000000001110e+00,1.000000000000001110e+00,1.000000000000001110e+00,1.000000000000001110e+00,1.000000000000001110e+00,1.000000000000001110e+00,1.000000000000001110e+00,1.000000000000001110e+00,1.000000000000001110e+00,1.000000000000001110e+00,1.000000000000001110e+00,1.000000000000001110e+00,1.000000000000001110e+00,1.000000000000001110e+00,1.000000000000001110e+00,1.000000000000001110e+00,1.000000000000001110e+00,1.000000000000001110e+00,1.000000000000001110e+00,1.000000000000001110e+00,1.000000000000001110e+00,1.000000000000001110e+00,1.000000000000001110e+00,1.000000000000001110e+00,1.000000000000001110e+00,1.000000000000001110e+00,1.000000000000001110e+00,1.000000000000001110e+00,1.000000000000001110e+00,1.000000000000001110e+00,1.000000000000001110e+00,1.000000000000001110e+00,1.000000000014715784e+00,1.000000001619033352e+00,1.000000031047815430e+00,1.000000555691400228e+00,1.000006734287213428e+00,1.000037976983323418e+00,1.000078886155137958e+00,1.000067135173978716e+00,1.000064338319611945e+00,1.000100078215254928e+00,1.000208917765634586e+00,1.000479171050664418e+00,1.000701390323155859e+00,1.000566969164185638e+00,1.000303756674149946e+00,1.000094696132169725e+00,1.000024320758349461e+00,1.000015192693324284e+00,1.000020151600806484e+00,1.000047527747081055e+00,1.000116481632295606e+00,1.000195094501145521e+00,1.000179433743429547e+00,1.000133373787693847e+00,1.000095732763550238e+00,1.000030699600432005e+00,1.000004529492638072e+00,1.000000819099285287e+00,1.000000181308044356e+00,1.000000019854441202e+00,1.000000000577222714e+00,1.000000000002848610e+00,1.000000000000001110e+00,1.000000000000001110e+00,1.000000000000001110e+00,1.000000000000001110e+00,1.000000000000001110e+00,1.000000000000001110e+00,1.000000000000001110e+00,1.000000000000000888e+00,1.000000000000000888e+00,1.000000000000000666e+00,1.000000000000000222e+00,1.000000000000000666e+00,1.000000000000000666e+00,1.000000000000000000e+00,1.000000000000000000e+00,1.000000000000000000e+00
1.000000000000000000e+00,1.000000000000000000e+00,1.000000000000000000e+00,1.000000000000000000e+00,1.000000000000000000e+00,1.000000000000000000e+00,1.000000000000000000e+00,1.000000000000000000e+00,1.000000000000000000e+00,1.000000000000000000e+00,1.000000000000000000e+00,1.000000000000000000e+00,1.000000000000000000e+00,1.000000000000000000e+00,1.000000000000000000e+00,1.000000000000000000e+00,1.000000000000000000e+00,1.000000000000000000e+00,1.000000000000000000e+00,1.000000000000000000e+00,1.000000000000000000e+00,1.000000000000000000e+00,1.000000000000000000e+00,1.000000000000000000e+00,1.000000000000000000e+00,1.000000000000000000e+00,1.000000000000000000e+00,1.000000000000000000e+00,1.000000000000000000e+00,1.000000000000000000e+00,1.000000000000000000e+00,1.000000000000000000e+00,1.000000000000000000e+00,1.000000000000000000e+00,1.000000000000000000e+00,1.000000000000000000e+00,1.000000000000000000e+00,1.000000000000000000e+00,1.000000000000000000e+00,1.000000000000000000e+00,1.000000000000000000e+00,1.000000000000000000e+00,1.000000000000000000e+00,1.000000000000000000e+00,1.000000000000000000e+00,1.000000000000000000e+00,1.000000000000000000e+00,1.000000000000000000e+00,1.000000000000000000e+00,1.000000000000000000e+00,1.000000000000000000e+00,1.000000000000000000e+00,1.000000000000000000e+00,1.000000000000019096e+00,1.000000000072929884e+00,1.000000009722915362e+00,1.000000124142813807e+00,1.000000332540284642e+00,1.000000628441849226e+00,1.000001037520467984e+00,1.000001124792591956e+00,1.000001238719572916e+00,1.000001790699909687e+00,1.000003535107910402e+00,1.000007052337427149e+00,1.000013843190994400e+00,1.000025774591857930e+00,1.000031966821233187e+00,1.000023795449624942e+00,1.000016354855732592e+00,1.000016505349463625e+00,1.000018614537922401e+00,1.000017362081397021e+00,1.000014556274692490e+00,1.000012362268193344e+00,1.000007270076139543e+00,1.000002302288660605e+00,1.000000521339409421e+00,1.000000111368317679e+00,1.000000013178320213e+00,1.000000000182653670e+00,1.000000000000035971e+00,1.000000000000000000e+00,1.000000000000000000e+00,1.000000000000000000e+00,1.000000000000000000e+00,1.000000000000000000e+00,1.000000000000000000e+00,1.000000000000000000e+00,1.000000000000000000e+00,1.000000000000000000e+00,1.000000000000000000e+00,1.000000000000000000e+00,1.000000000000000000e+00,1.000000000000000000e+00,1.000000000000000000e+00,1.000000000000000000e+00,1.000000000000000000e+00,1.000000000000000000e+00,1.000000000000000000e+00
1.666666666666666741e+00,1.666666666666666741e+00,1.666666666666666741e+00,1.666666666666666741e+00,1.666666666666666741e+00,1.666666666666666741e+00,1.666666666666666741e+00,1.666666666666666741e+00,1.666666666666666741e+00,1.666666666666666741e+00,1.666666666666666741e+00,1.666666666666666741e+00,1.666666666666666741e+00,1.666666666666666741e+00,1.666666666666666741e+00,1.666666666666666741e+00,1.666666666666666741e+00,1.666666666666666741e+00,1.666666666666666741e+00,1.666666666666666741e+00,1.666666666666666741e+00,1.666666666666666741e+00,1.666666666666666741e+00,1.666666666666666741e+00,1.666666666666666741e+00,1.666666666666666741e+00,1.666666666666666741e+00,1.666666666666666741e+00,1.666666666666666741e+00,1.666666666666666741e+00,1.666666666666666741e+00,1.666666666666666741e+00,1.666666666666666741e+00,1.666666666666666741e+00,1.666666666666666741e+00,1.666666666666666741e+00,1.666666666666666741e+00,1.666666666666666741e+00,1.666666666666666741e+00,1.666666666666666741e+00,1.666666666666666741e+00,1.666666666666666741e+00,1.666666666666666741e+00,1.666666666666666741e+00,1.666666666666666741e+00,1.666666666666666741e+00,1.666666666666666741e+00,1.666666666666666741e+00,1.666666666666666741e+00,1.666666666666666741e+00,1.666666666666666741e+00,1.666666666666666741e+00,1.666666666666666741e+00,1.666666666666666741e+00,1.666666666666666741e+00,1.666666666666666741e+00,1.666666666668449315e+00,1.666666667705999139e+00,1.666666723509483194e+00,1.666667501422789188e+00,1.666671677720763523e+00,1.666681211071586066e+00,1.666687934574317742e+00,1.666685115493195424e+00,1.666678955980231969e+00,1.666672874989862718e+00,1.666668850537877944e+00,1.666667667422726318e+00,1.666667842632523211e+00,1.666668676714498920e+00,1.666670113423119881e+00,1.666671952139568758e+00,1.666673507147915512e+00,1.666674016078190546e+00,1.666672048560154717e+00,1.666669210394563283e+00,1.666667580801326931e+00,1.666666934120738297e+00,1.666666729197708197e+00,1.666666683184040876e+00,1.666666672220947554e+00,1.666666667657041856e+00,1.666666666697372845e+00,1.666666666666708263e+00,1.666666666666666741e+00,1.666666666666666741e+00,1.666666666666666741e+00,1.666666666666666741e+00,1.666666666666666741e+00,1.666666666666666741e+00,1.666666666666666741e+00,1.666666666666666741e+00,1.666666666666666741e+00,1.666666666666666741e+00,1.666666666666666741e+00,1.666666666666666741e+00,1.666666666666666741e+00,1.666666666666666741e+00,1.666666666666666741e+00,1.666666666666666741e+00
6.666666666666666297e-01,6.666666666666666297e-01,6.666666666666666297e-01,6.666666666666666297e-01,6.666666666666666297e-01,6.666666666666666297e-01,6.666666666666666297e-01,6.666666666666666297e-01,6.666666666666666297e-01,6.666666666666666297e-01,6.666666666666666297e-01,6.666666666666666297e-01,6.666666666666666297e-01,6.666666666666666297e-01,6.666666666666666297e-01,6.666666666666666297e-01,6.666666666666666297e-01,6.666666666666666297e-01,6.666666666666666297e-01,6.666666666666666297e-01,6.666666666666666297e-01,6.666666666666666297e-01,6.666666666666666297e-01,6.666666666666666297e-01,6.666666666666666297e-01,6.666666666666666297e-01,6.666666666666666297e-01,6.666666666666666297e-01,6.666666666666666297e-01,6.666666666666666297e-01,6.666666666666666297e-01,6.666666666666666297e-01,6.666666666666666297e-01,6.666666666666666297e-01,6.666666666666666297e-01,6.666666666666666297e-01,6.666666666666666297e-01,6.666666666666666297e-01,6.666666666666666297e-01,6.666666666666666297e-01,6.666666666666666297e-01,6.666666666666666297e-01,6.666666666666666297e-01,6.666666666666666297e-01,6.666666666666666297e-01,6.666666666666666297e-01,6.666666666666666297e-01,6.666666666666666297e-01,6.666666666666666297e-01,6.666666666666666297e-01,6.666666666666666297e-01,6.666666666666666297e-01,6.666666666666666297e-01,6.666666666667403485e-01,6.666666669506674525e-01,6.666666915213772526e-01,6.666669934045037493e-01,6.666677722950098417e-01,6.666674063490081181e-01,6.666671967892108253e-01,6.666681898195681022e-01,6.666729509470195048e-01,6.666974010327524347e-01,6.667479656881921679e-01,6.667651875321878308e-01,6.667445229920272443e-01,6.667034645040122998e-01,6.666801898632179757e-01,6.666733595406811874e-01,6.666715278795976030e-01,6.666741158110891519e-01,6.666812889046164203e-01,6.666923267222532035e-01,6.666887196707615981e-01,6.666782879314868682e-01,6.666756200327574877e-01,6.666711590491838368e-01,6.666676643897422316e-01,6.666668919866461929e-01,6.666667402049083480e-01,6.666666848497091458e-01,6.666666677912790329e-01,6.666666666708078726e-01,6.666666666666666297e-01,6.666666666666666297e-01,6.666666666666666297e-01,6.666666666666666297e-01,6.666666666666666297e-01,6.666666666666666297e-01,6.666666666666666297e-01,6.666666666666666297e-01,6.666666666666666297e-01,6.666666666666666297e-01,6.666666666666666297e-01,6.666666666666666297e-01,6.666666666666666297e-01,6.666666666666666297e-01,6.666666666666666297e-01,6.666666666666666297e-01,6.666666666666666297e-01
1.333333333333333259e+00,1.333333333333333259e+00,1.333333333333333259e+00,1.333333333333333259e+00,1.333333333333333259e+00,1.333333333333333259e+00,1.333333333333333259e+00,1.333333333333333259e+00,1.333333333333333259e+00,1.333333333333333259e+00,1.333333333333333259e+00,1.333333333333333259e+00,1.333333333333333259e+00,1.333333333333333259e+00,1.333333333333333259e+00,1.333333333333333259e+00,1.333333333333333259e+00,1.333333333333333259e+00,1.333333333333333259e+00,1.333333333333333259e+00,1.333333333333333259e+00,1.333333333333333259e+00,1.333333333333333259e+00,1.333333333333333259e+00,1.333333333333333259e+00,1.333333333333333259e+00,1.333333333333333259e+00,1.333333333333333259e+00,1.333333333333333259e+00,1.333333333333333259e+00,1.333333333333333259e+00,1.333333333333333259e+00,1.333333333333333259e+00,1.333333333333333259e+00,1.333333333333333259e+00,1.333333333333333259e+00,1.333333333333333259e+00,1.333333333333333259e+00,1.333333333333333259e+00,1.333333333333333259e+00,1.333333333333333259e+00,1.333333333333333259e+00,1.333333333333333259e+00,1.333333333333333259e+00,1.333333333333333259e+00,1.333333333333333259e+00,1.333333333333333259e+00,1.333333333333333259e+00,1.333333333333333259e+00,1.333333333333333259e+00,1.333333333333333259e+00,1.333333333333333259e+00,1.333333333333333259e+00,1.333333333333333259e+00,1.333333333345196881e+00,1.333333335445621382e+00,1.333333374000724270e+00,1.333333696435906379e+00,1.333334894521928327e+00,1.333338248934575532e+00,1.333346710016337422e+00,1.333361504789740692e+00,1.333374554290147174e+00,1.333372286579592281e+00,1.333360962862328636e+00,1.333355164418496663e+00,1.333353417815321906e+00,1.333348759918887128e+00,1.333345643730861507e+00,1.333347758097656488e+00,1.333352528387205860e+00,1.333354613210027129e+00,1.333353291916904215e+00,1.333349900260710985e+00,1.333344747040046352e+00,1.333339144388132391e+00,1.333335173113984640e+00,1.333333649313613645e+00,1.333333352914818359e+00,1.333333333487040750e+00,1.333333333333441617e+00,1.333333333333334147e+00,1.333333333333333259e+00,1.333333333333333259e+00,1.333333333333333259e+00,1.333333333333333259e+00,1.333333333333333259e+00,1.333333333333333259e+00,1.333333333333333259e+00,1.333333333333333259e+00,1.333333333333333259e+00,1.333333333333333259e+00,1.333333333333333259e+00,1.333333333333333259e+00,1.333333333333333259e+00,1.333333333333333259e+00,1.333333333333333259e+00,1.333333333333333259e+00,1.333333333333333259e+00,1.333333333333333259e+00
1.333333333333333259e+00,1.333333333333333259e+00,1.333333333333333259e+00,1.333333333333333259e+00,1.333333333333333259e+00,1.333333333333333259e+00,1.333333333333333259e+00,1.333333333333333259e+00,1.333333333333333259e+00,1.333333333333333259e+00,1.333333333333333259e+00,1.333333333333333259e+00,1.333333333333333259e+00,1.333333333333333259e+00,1.333333333333333259e+00,1.333333333333333259e+00,1.333333333333333259e+00,1.333333333333333259e+00,1.333333333333333259e+00,1.333333333333333259e+00,1.333333333333333259e+00,1.333333333333333259e+00,1.333333333333333259e+00,1.333333333333333259e+00,1.333333333333333259e+00,1.333333333333333259e+00,1.333333333333333259e+00,1.333333333333333259e+00,1.333333333333333259e+00,1.333333333333333259e+00,1.333333333333333259e+00,1.333333333333333259e+00,1.333333333333333259e+00,1.333333333333333259e+00,1.333333333333333259e+00,1.333333333333333259e+00,1.333333333333333259e+00,1.333333333333333259e+00,1.333333333333333259e+00,1.333333333333333259e+00,1.333333333333333259e+00,1.333333333333333259e+00,1.333333333333333259e+00,1.333333333333333259e+00,1.333333333333333259e+00,1.333333333333333259e+00,1.333333333333333259e+00,1.333333333333333259e+00,1.333333333333333259e+00,1.333333333333333259e+00,1.333333333333333259e+00,1.333333333333333259e+00,1.333333333333333259e+00,1.333333333333387438e+00,1.333333333412958455e+00,1.333333340828749103e+00,1.333333460133453663e+00,1.333334116922931800e+00,1.333335997897115988e+00,1.333340495295372463e+00,1.333348040998761030e+00,1.333354662632668886e+00,1.333361224522036981e+00,1.333358399070753375e+00,1.333347371094352640e+00,1.333344632006963515e+00,1.333350678896765951e+00,1.333362585418134127e+00,1.333365853886590013e+00,1.333355921392705534e+00,1.333348796123344115e+00,1.333344859649967740e+00,1.333340539899812160e+00,1.333337185455410578e+00,1.333335319705650335e+00,1.333334190074351167e+00,1.333333564018277517e+00,1.333333377856515511e+00,1.333333342822204948e+00,1.333333334696664707e+00,1.333333333370215090e+00,1.333333333333358794e+00,1.333333333333333259e+00,1.333333333333333259e+00,1.333333333333333259e+00,1.333333333333333259e+00,1.333333333333333259e+00,1.333333333333333259e+00,1.333333333333333259e+00,1.333333333333333259e+00,1.333333333333333259e+00,1.333333333333333259e+00,1.333333333333333259e+00,1.333333333333333259e+00,1.333333333333333259e+00,1.333333333333333259e+00,1.333333333333333259e+00,1.333333333333333259e+00,1.333333333333333259e+00,1.333333333333333259e+00
1.333333333333333259e+00,1.333333333333333259e+00,1.333333333333333259e+00,1.333333333333333259e+00,1.333333333333333259e+00,1.333333333333333259e+00,1.333333333333333259e+00,1.333333333333333259e+00,1.333333333333333259e+00,1.333333333333333259e+00,1.333333333333333259e+00,1.333333333333333259e+00,1.333333333333333259e+00,1.333333333333333259e+00,1.333333333333333259e+00,1.333333333333333259e+00,1.333333333333333259e+00,1.333333333333333259e+00,1.333333333333333259e+00,1.333333333333333259e+00,1.333333333333333259e+00,1.333333333333333259e+00,1.333333333333333259e+00,1.333333333333333259e+00,1.333333333333333259e+00,1.333333333333333259e+00,1.333333333333333259e+00,1.333333333333333259e+00,1.333333333333333259e+00,1.333333333333333259e+00,1.333333333333333259e+00,1.333333333333333259e+00,1.333333333333333259e+00,1.333333333333333259e+00,1.333333333333333259e+00,1.333333333333333259e+00,1.333333333333333259e+00,1.333333333333333259e+00,1.333333333333333259e+00,1.333333333333333259e+00,1.333333333333333259e+00,1.333333333333333259e+00,1.333333333333333259e+00,1.333333333333333259e+00,1.333333333333333259e+00,1.333333333333333259e+00,1.333333333333333259e+00,1.333333333333333259e+00,1.333333333333333259e+00,1.333333333333333259e+00,1.333333333333333259e+00,1.333333333333333259e+00,1.333333333333333259e+00,1.333333333333333259e+00,1.333333333333333259e+00,1.333333333337459736e+00,1.333333334236022960e+00,1.333333369163842264e+00,1.333333796907123281e+00,1.333335766388362043e+00,1.333339674384057982e+00,1.333342599331708067e+00,1.333345899311813909e+00,1.333353298606018811e+00,1.333360725578166539e+00,1.333365456177128872e+00,1.333370218400112828e+00,1.333358670631326293e+00,1.333343626343609367e+00,1.333341232181074476e+00,1.333345574638892028e+00,1.333353351601025860e+00,1.333357491188950528e+00,1.333352421201125404e+00,1.333343423347947976e+00,1.333336619179515958e+00,1.333334104205192716e+00,1.333333457791655796e+00,1.333333340103795672e+00,1.333333333386571340e+00,1.333333333333369675e+00,1.333333333333333259e+00,1.333333333333333259e+00,1.333333333333333259e+00,1.333333333333333259e+00,1.333333333333333259e+00,1.333333333333333259e+00,1.333333333333333259e+00,1.333333333333333259e+00,1.333333333333333259e+00,1.333333333333333259e+00,1.333333333333333259e+00,1.333333333333333259e+00,1.333333333333333259e+00,1.333333333333333259e+00,1.333333333333333259e+00,1.333333333333333259e+00,1.333333333333333259e+00,1.333333333333333259e+00,1.333333333333333259e+00
6.666666666666666297e-01,6.666666666666666297e-01,6.666666666666666297e-01,6.666666666666666297e-01,6.666666666666666297e-01,6.666666666666666297e-01,6.666666666666666297e-01,6.666666666666666297e-01,6.666666666666666297e-01,6.666666666666666297e-01,6.666666666666666297e-01,6.666666666666666297e-01,6.666666666666666297e-01,6.666666666666666297e-01,6.666666666666666297e-01,6.666666666666666297e-01,6.666666666666666297e-01,6.666666666666666297e-01,6.666666666666666297e-01,6.666666666666666297e-01,6.666666666666666297e-01,6.666666666666666297e-01,6.666666666666666297e-01,6.666666666666666297e-01,6.666666666666666297e-01,6.666666666666666297e-01,6.666666666666666297e-01,6.666666666666666297e-01,6.666666666666666297e-01,6.666666666666666297e-01,6.666666666666666297e-01,6.666666666666666297e-01,6.666666666666666297e-01,6.666666666666666297e-01,6.666666666666666297e-01,6.666666666666666297e-01,6.666666666666666297e-01,6.666666666666666297e-01,6.666666666666666297e-01,6.666666666666666297e-01,6.666666666666666297e-01,6.666666666666666297e-01,6.666666666666666297e-01,6.666666666666666297e-01,6.666666666666666297e-01,6.666666666666666297e-01,6.666666666666666297e-01,6.666666666666666297e-01,6.666666666666666297e-01,6.666666666666666297e-01,6.666666666666666297e-01,6.666666666666666297e-01,6.666666666680145514e-01,6.666666669197770512e-01,6.666666745540036354e-01,6.666667507450330099e-01,6.666670950076858393e-01,6.666679874360715852e-01,6.666690653817104462e-01,6.666680335509612698e-01,6.666670981038027577e-01,6.666669371583033854e-01,6.666670529529530320e-01,6.666678556906667774e-01,6.666696218684027286e-01,6.666698389326111140e-01,6.666692574591849274e-01,6.666693450164646872e-01,6.666687464046319178e-01,6.666678331638149491e-01,6.666672934260248207e-01,6.666672565266036354e-01,6.666677648436176717e-01,6.666698168532999569e-01,6.666732809531867865e-01,6.666751743761212268e-01,6.666749448912863141e-01,6.666715650201708865e-01,6.666681375245018248e-01,6.666668415743159937e-01,6.666666726948791144e-01,6.666666666922356210e-01,6.666666666666666297e-01,6.666666666666666297e-01,6.666666666666666297e-01,6.666666666666666297e-01,6.666666666666666297e-01,6.666666666666666297e-01,6.666666666666666297e-01,6.666666666666666297e-01,6.666666666666666297e-01,6.666666666666666297e-01,6.666666666666666297e-01,6.666666666666666297e-01,6.666666666666666297e-01,6.666666666666666297e-01,6.666666666666666297e-01,6.666666666666666297e-01,6.666666666666666297e-01,6.666666666666666297e-01
1.333333333333333259e+00,1.333333333333333259e+00,1.333333333333333259e+00,1.333333333333333925e+00,1.333333333333334370e+00,1.333333333333334814e+00,1.333333333333335036e+00,1.333333333333335036e+00,1.333333333333335036e+00,1.333333333333335036e+00,1.333333333333335036e+00,1.333333333333335036e+00,1.333333333333335036e+00,1.333333333333335036e+00,1.333333333333335036e+00,1.333333333333335036e+00,1.333333333333335036e+00,1.333333333333335036e+00,1.333333333333335036e+00,1.333333333333335036e+00,1.333333333333335036e+00,1.333333333333335036e+00,1.333333333333335036e+00,1.333333333333335036e+00,1.333333333333335036e+00,1.333333333333335036e+00,1.333333333333335036e+00,1.333333333333335036e+00,1.333333333333335036e+00,1.333333333333335036e+00,1.333333333333335036e+00,1.333333333333335036e+00,1.333333333333335036e+00,1.333333333333335036e+00,1.333333333333335036e+00,1.333333333333335036e+00,1.333333333333335036e+00,1.333333333333335036e+00,1.333333333333335036e+00,1.333333333333335036e+00,1.333333333333335036e+00,1.333333333333335036e+00,1.333333333333335036e+00,1.333333333333335036e+00,1.333333333333335036e+00,1.333333333333335036e+00,1.333333333333335036e+00,1.333333333333335036e+00,1.333333333333335036e+00,1.333333333333335036e+00,1.333333333333335036e+00,1.333333333333335036e+00,1.333333333333409643e+00,1.333333333353817318e+00,1.333333337027642340e+00,1.333333570266989287e+00,1.333338515285324988e+00,1.333382037574206480e+00,1.333553213254444758e+00,1.333749175316661928e+00,1.333602593909975376e+00,1.333432685401313877e+00,1.333377756590417018e+00,1.333376109080536054e+00,1.333437480798753683e+00,1.333531429424211545e+00,1.333495165234350299e+00,1.333407910347961689e+00,1.333353287475506299e+00,1.333336188581732085e+00,1.333334210823755139e+00,1.333334867465775009e+00,1.333340990179888275e+00,1.333368260654753223e+00,1.333430018884014467e+00,1.333457217064246914e+00,1.333426843957215668e+00,1.333398863610124163e+00,1.333360715062161583e+00,1.333337878596832393e+00,1.333333670012094796e+00,1.333333346775049444e+00,1.333333333551176114e+00,1.333333333333669657e+00,1.333333333333334814e+00,1.333333333333334814e+00,1.333333333333334814e+00,1.333333333333334814e+00,1.333333333333334814e+00,1.333333333333334814e+00,1.333333333333334814e+00,1.333333333333334814e+00,1.333333333333334814e+00,1.333333333333334370e+00,1.333333333333334147e+00,1.333333333333333481e+00,1.333333333333333925e+00,1.333333333333334147e+00,1.333333333333333481e+00,1.333333333333333259e+00
1.000000000000000000e+00,1.000000000000000000e+00,1.000000000000000000e+00,1.000000000000000000e+00,1.000000000000000000e+00,1.000000000000000000e+00,1.000000000000000000e+00,1.000000000000000000e+00,1.000000000000000000e+00,1.000000000000000000e+00,1.000000000000000000e+00,1.000000000000000000e+00,1.000000000000000000e+00,1.000000000000000000e+00,1.000000000000000000e+00,1.000000000000000000e+00,1.000000000000000000e+00,1.000000000000000000e+00,1.000000000000000000e+00,1.000000000000000000e+00,1.000000000000000000e+00,1.000000000000000000e+00,1.000000000000000000e+00,1.000000000000000000e+00,1.000000000000000000e+00,1.000000000000000000e+00,1.000000000000000000e+00,1.000000000000000000e+00,1.000000000000000000e+00,1.000000000000000000e+00,1.000000000000000000e+00,1.000000000000000000e+00,1.000000000000000000e+00,1.000000000000000000e+00,1.000000000000000000e+00,1.000000000000000000e+00,1.000000000000000000e+00,1.000000000000000000e+00,1.000000000000000000e+00,1.000000000000000000e+00,1.000000000000000000e+00,1.000000000000000000e+00,1.000000000000000000e+00,1.000000000000000000e+00,1.000000000000000000e+00,1.000000000000000000e+00,1.000000000000000000e+00,1.000000000000000000e+00,1.000000000000000000e+00,1.000000000000000000e+00,1.000000000000000000e+00,1.000000000000000000e+00,1.000000000016909585e+00,1.000000003029755780e+00,1.000000039832513954e+00,1.000000158207521750e+00,1.000000342949597831e+00,1.000000456832757401e+00,1.000000375364024530e+00,1.000000435427533585e+00,1.000001029915507766e+00,1.000006821332372953e+00,1.000017272823012782e+00,1.000052677215399255e+00,1.000219805372342785e+00,1.000392495148425542e+00,1.000372998349725373e+00,1.000280933259359184e+00,1.000287156404920497e+00,1.000338598417836566e+00,1.000355215658295771e+00,1.000327854690748364e+00,1.000393104540949318e+00,1.000468214814137502e+00,1.000362434268260658e+00,1.000239519135149413e+00,1.000181635037561634e+00,1.000148305471806776e+00,1.000087898132801634e+00,1.000033005877831505e+00,1.000007466795973299e+00,1.000000877595071502e+00,1.000000052572813214e+00,1.000000001922563220e+00,1.000000000046661564e+00,1.000000000000287104e+00,1.000000000000000222e+00,1.000000000000000000e+00,1.000000000000000000e+00,1.000000000000000000e+00,1.000000000000000000e+00,1.000000000000000000e+00,1.000000000000000000e+00,1.000000000000000000e+00,1.000000000000000000e+00,1.000000000000000000e+00,1.000000000000000000e+00,1.000000000000000000e+00,1.000000000000000000e+00,1.000000000000000000e+00
6.666666666666666297e-01,6.666666666666666297e-01,6.666666666666666297e-01,6.666666666666666297e-01,6.666666666666666297e-01,6.666666666666666297e-01,6.666666666666666297e-01,6.666666666666666297e-01,6.666666666666666297e-01,6.666666666666666297e-01,6.666666666666666297e-01,6.666666666666666297e-01,6.666666666666666297e-01,6.666666666666666297e-01,6.666666666666666297e-01,6.666666666666666297e-01,6.666666666666666297e-01,6.666666666666666297e-01,6.666666666666666297e-01,6.666666666666666297e-01,6.666666666666666297e-01,6.666666666666666297e-01,6.666666666666666297e-01,6.666666666666666297e-01,6.666666666666666297e-01,6.666666666666666297e-01,6.666666666666666297e-01,6.666666666666666297e-01,6.666666666666666297e-01,6.666666666666666297e-01,6.666666666666666297e-01,6.666666666666666297e-01,6.666666666666666297e-01,6.666666666666666297e-01,6.666666666666666297e-01,6.666666666666666297e-01,6.666666666666666297e-01,6.666666666666666297e-01,6.666666666666666297e-01,6.666666666666666297e-01,6.666666666666666297e-01,6.666666666666666297e-01,6.666666666666666297e-01,6.666666666666666297e-01,6.666666666666666297e-01,6.666666666666666297e-01,6.666666666666666297e-01,6.666666666666666297e-01,6.666666666666666297e-01,6.666666666666666297e-01,6.666666666666666297e-01,6.666666666666666297e-01,6.666666666666666297e-01,6.666666666724707646e-01,6.666666680676445189e-01,6.666666905368885399e-01,6.666668266416145849e-01,6.666673201459205611e-01,6.666683980998320269e-01,6.666697323622013949e-01,6.666701769651375287e-01,6.666699370887763099e-01,6.666696414684137872e-01,6.666693258343054929e-01,6.666690162648656326e-01,6.666689096831170946e-01,6.666690273063139438e-01,6.666692368598440277e-01,6.666691340649257835e-01,6.666683114976599267e-01,6.666675127258909761e-01,6.666670141807060634e-01,6.666668174115871759e-01,6.666668015612859932e-01,6.666668718071313560e-01,6.666669326102940829e-01,6.666668694655589755e-01,6.666667888240533912e-01,6.666667474525446169e-01,6.666667116564496398e-01,6.666666835566404936e-01,6.666666717940930020e-01,6.666666678384278732e-01,6.666666667191574192e-01,6.666666666667070418e-01,6.666666666666666297e-01,6.666666666666666297e-01,6.666666666666666297e-01,6.666666666666666297e-01,6.666666666666666297e-01,6.666666666666666297e-01,6.666666666666666297e-01,6.666666666666666297e-01,6.666666666666666297e-01,6.666666666666666297e-01,6.666666666666666297e-01,6.666666666666666297e-01,6.666666666666666297e-01,6.666666666666666297e-01,6.666666666666666297e-01
